"particle_id","sample_id","max_cor_val","bad_spectra","material_class","area_um2","perimeter_um","max_length_um","min_length_um","aspect_ratio","circularity","centroid_x","centroid_y","first_x","first_y","acc_analy_conf","max_cor_name","mean_snr","r","g","b","count","mean_length","size_class","client_id","sample_prop","Client_ID_MSSupdate","sample_type","material_simple","sample_or_blank","sample_location","sample_depth_general","date_raw","date","shape","length_um","width_um","polymer_density_group","density_g_cm3","density_source_note","buoyancy_freshwater","buoyancy_marine","r_med","height_um","V_um3","mass_ug","mass_ug_fixed_density_1.1"
350,"MBMS_02_07DEC23_PreDS_1of1_lft",0.648491391,TRUE,"poly(propylene)",1875,85.35533906,60.35533906,31.06601718,1.942809042,0.309207662,991.6666667,8033.333333,975,8025,"confident","dfae3b1664eee9371630f71bcd6979fb",0.007287287,102,104,103,1,45.71067812,"<212 µm",2,1,"CRR20231207SS_1","river water","plastic","sample","Carmel","surface","20231207",2023-12-07,"fragment",60.35533906,31.06601718,"polypropylene",0.9,"TODO(cite): polymer density handbook/default table","buoyant","buoyant",0.5,15.53300859,15249.4955244389,13724.5459719951,16774.4450768828
109,"MBMS_02_07DEC23_PreDS_1of1_lft",0.629537098,TRUE,"poly(propylene)",6875,251.6123776,131.0660172,52.4544817,2.498661943,0.73279321,6104.545455,9490.909091,6075,9450,"confident","d90d8f2ecc800ec3ac907f5d6e4e1f8f",0.007125072,127,130,135,1,91.76024944,"<212 µm",2,1,"CRR20231207SS_1","river water","plastic","sample","Carmel","surface","20231207",2023-12-07,"fragment",131.0660172,52.4544817,"polypropylene",0.9,"TODO(cite): polymer density handbook/default table","buoyant","buoyant",0.5,26.22724085,94411.2894848644,84970.160536378,103852.418433351
290,"MBMS_02_07DEC23_PreDS_1of1_lft",0.62979612,TRUE,"poly(propylene)",1250,50,50,25,2,0.159154943,2200,12762.5,2200,12750,"confident","65c63f6893bc69eb258cbe46650d8834",0.006266826,89,90,92,1,37.5,"<212 µm",2,1,"CRR20231207SS_1","river water","plastic","sample","Carmel","surface","20231207",2023-12-07,"fragment",50,25,"polypropylene",0.9,"TODO(cite): polymer density handbook/default table","buoyant","buoyant",0.5,12.5,8181.23086872342,7363.10778185108,8999.35395559576
25,"MBMS_02_07DEC23_PreDS_1of1_rt",0.633090266,TRUE,"polystyrenes (polyphenylethylenes, -methylstyrene)",15000,437.4618376,200,75,2.666666667,1.015264551,6366.666667,10958.33333,6375,10900,"confident","efa809db82b5581d1d225f43f59edae4",0.00792153,128,131,136,1,137.5,"<212 µm",2,1,"CRR20231207SS_1","river water","plastic","sample","Carmel","surface","20231207",2023-12-07,"fragment",200,75,"styrenic polymers",1.05,"TODO(cite): polymer density handbook/default table","settling","settling",0.5,37.5,294524.311274043,309250.526837745,323976.742401447
260,"MBMS_02_07DEC23_PreDS_1of1_rt",0.632328088,TRUE,"poly(propylene)",32500,986.8168038,400,81.25,4.923076923,2.384404031,445.1923077,11668.26923,475,11500,"confident","d90d8f2ecc800ec3ac907f5d6e4e1f8f",0.007259982,129,133,132,1,240.625,"212-500 µm",2,1,"CRR20231207SS_1","river water","plastic","sample","Carmel","surface","20231207",2023-12-07,"fiber",400,81.25,"polypropylene",0.9,"TODO(cite): polymer density handbook/default table","buoyant","buoyant",0.286474508437567,23.2760538105524,2073942.02522139,1866547.82269925,2281336.22774353
175,"MBMS_02_07DEC23_PreDS_1of1_rt",0.646708416,TRUE,"poly(esters/ethers/diglycidylethers/terephthalates)s",171875,1919.208064,786.9875327,218.39609,3.603487282,1.705381487,1890.545455,12166.72727,1850,11900,"confident","6b1c34973198a78adadce1f6956c47a4",0.014021543,113,117,116,1,502.6918113,">500 µm",2,1,"CRR20231207SS_1","river water","plastic","sample","Carmel","surface","20231207",2023-12-07,"fiber",786.9875327,218.39609,"polyester/PET",1.38,"TODO(cite): polymer density handbook/default table","settling","settling",0.286474508437567,62.5649125274367,29481355.749926,40684270.9348979,32429491.3249186
236,"MBMS_02_07DEC23_PreDS_1of1_rt",0.632474019,TRUE,"poly(propylene)",2500,100,60.35533906,41.42135624,1.457106781,0.318309886,987.5,12912.5,975,12900,"confident","cce3572892bb27fca9f7cffdcf5fda00",0.00692289,121,123,122,1,50.88834765,"<212 µm",2,1,"CRR20231207SS_1","river water","plastic","sample","Carmel","surface","20231207",2023-12-07,"fragment",60.35533906,41.42135624,"polypropylene",0.9,"TODO(cite): polymer density handbook/default table","buoyant","buoyant",0.5,20.71067812,27110.2142656692,24399.1928391023,29821.2356922362
147,"MBMS_04_07DEC23_PreDS_1of3_lft",0.631280243,TRUE,"poly(ethylene)",5625,216.2570385,115.1387819,48.85408641,2.356789172,0.661619218,2600,11083.33333,2600,11050,"confident","c30c4e0ba4cedc0cebe6f8ce319f6f95",0.007964143,108,108,106,1,81.99643415,"<212 µm",4,1,"CRR20231207SD_2","river water","plastic","sample","Carmel","subsurface","20231207",2023-12-07,"fragment",115.1387819,48.85408641,"polyethylene",0.94,"TODO(cite): polymer density handbook/default table","buoyant","buoyant",0.5,24.427043205,71943.5807652231,67626.9659193097,79137.9388417454
110,"MBMS_04_07DEC23_PreDS_1of3_rt",0.654226125,TRUE,"polystyrenes (polyphenylethylenes, -methylstyrene)",3750,150,80.90169944,46.35254916,1.745355992,0.477464829,1450,6812.5,1425,6800,"confident","4cc9914d6498f5952a2dfaff98f521d0",0.008137772,117,116,112,1,63.6271243,"<212 µm",4,1,"CRR20231207SD_2","river water","plastic","sample","Carmel","subsurface","20231207",2023-12-07,"fragment",80.90169944,46.35254916,"styrenic polymers",1.05,"TODO(cite): polymer density handbook/default table","settling","settling",0.5,23.17627458,45506.5087289159,47781.8341653617,50057.1596018075
145,"MBMS_04_07DEC23_PreDS_3of3_lft",0.651701433,TRUE,"poly(ethylene)",7500,256.0660172,128.0776406,58.55823048,2.187184271,0.695717241,1847.916667,5104.166667,1850,5050,"confident","bacedecf1bd7ea5967ad14752213dbdc",0.010377762,95,98,103,1,93.31793556,"<212 µm",4,1,"CRR20231207SD_2","river water","plastic","sample","Carmel","subsurface","20231207",2023-12-07,"fragment",128.0776406,58.55823048,"polyethylene",0.94,"TODO(cite): polymer density handbook/default table","buoyant","buoyant",0.5,29.27911524,114978.816640036,108080.087641633,126476.698304039
164,"MBMS_04_07DEC23_PreDS_3of3_lft",0.659122004,TRUE,"poly(esters/ethers/diglycidylethers/terephthalates)s",6875,235.3553391,115.1387819,59.71055006,1.92828205,0.641158705,697.7272727,6765.909091,675,6725,"confident","73146a7851b9bb3585faa793cc5d5b08",0.008821714,104,105,109,1,87.42466597,"<212 µm",4,1,"CRR20231207SD_2","river water","plastic","sample","Carmel","subsurface","20231207",2023-12-07,"fragment",115.1387819,59.71055006,"polyester/PET",1.38,"TODO(cite): polymer density handbook/default table","settling","settling",0.5,29.85527503,107471.274982271,148310.359475533,118218.402480498
10,"MBMS_04_07DEC23_PreDS_3of3_rt",0.637214133,TRUE,"polystyrenes (polyphenylethylenes, -methylstyrene)",7500,241.4213562,104.0569415,72.07592201,1.443712943,0.618415325,3387.5,9512.5,3375,9475,"confident","fa5cf75f0718982c2afbea8c86fbac56",0.006779104,115,119,120,1,88.06643175,"<212 µm",4,1,"CRR20231207SD_2","river water","plastic","sample","Carmel","subsurface","20231207",2023-12-07,"fragment",104.0569415,72.07592201,"styrenic polymers",1.05,"TODO(cite): polymer density handbook/default table","settling","settling",0.5,36.037961005,141520.741932469,148596.779029092,155672.816125716
659,"MBMS_06_07DEC23_Pst1DS_1of1_lft",0.655675352,TRUE,"polysiloxanes",1250,50,50,25,2,0.159154943,1025,637.5,1025,625,"confident","abc4c0d7f9fc64f89f91496d2074a8e0",0.007834923,51,53,52,1,37.5,"<212 µm",6,1,"CRR20231207SS_2","river water","plastic","sample","Carmel","surface","20231207",2023-12-07,"fragment",50,25,"silicone polymers",1.05,"TODO(cite): polymer density handbook/default table","settling","settling",0.5,12.5,8181.23086872342,8590.29241215959,8999.35395559576
188,"MBMS_06_07DEC23_Pst1DS_1of1_lft",0.640514191,TRUE,"polysiloxanes",1875,85.35533906,60.35533906,31.06601718,1.942809042,0.309207662,6233.333333,1091.666667,6225,1075,"confident","18387765d942da7e75ee4643d6b219e4",0.006586555,108,109,104,1,45.71067812,"<212 µm",6,1,"CRR20231207SS_2","river water","plastic","sample","Carmel","surface","20231207",2023-12-07,"fragment",60.35533906,31.06601718,"silicone polymers",1.05,"TODO(cite): polymer density handbook/default table","settling","settling",0.5,15.53300859,15249.4955244389,16011.9703006609,16774.4450768828
165,"MBMS_06_07DEC23_Pst1DS_1of1_lft",0.643039319,TRUE,"poly(propylene)",2500,151.6123776,95.71067812,26.1203875,3.664213562,0.731677068,6350,2106.25,6325,2075,"confident","e58b30f5cf6c4238c187f7fd5f8c5f2f",0.006318229,74,76,75,1,60.91553281,"<212 µm",6,1,"CRR20231207SS_2","river water","plastic","sample","Carmel","surface","20231207",2023-12-07,"fiber",95.71067812,26.1203875,"polypropylene",0.9,"TODO(cite): polymer density handbook/default table","buoyant","buoyant",0.286474508437567,7.48282516926128,51287.2609321644,46158.5348389479,56415.9870253808
439,"MBMS_06_07DEC23_Pst1DS_1of1_lft",0.632604693,TRUE,"poly(acrylamide/amid)s",1875,100,75,25,3,0.424413182,3975,2175,3975,2150,"confident","545a606fd60fb9a23c5314f651418487",0.007151798,60,61,55,1,50,"<212 µm",6,1,"CRR20231207SS_2","river water","plastic","sample","Carmel","surface","20231207",2023-12-07,"fiber",75,25,"polyamide/acrylamide",1.14,"TODO(cite): polymer density handbook/default table","settling","settling",0.286474508437567,7.16186271093919,36815.5389092554,41969.7143565511,40497.0928001809
346,"MBMS_06_07DEC23_Pst1DS_1of1_lft",0.630845771,TRUE,"polystyrenes (polyphenylethylenes, -methylstyrene)",2500,120.7106781,80.90169944,30.90169944,2.618033989,0.463811494,4787.5,2725,4775,2700,"confident","495481dc2137ddedf97e8eb15c15e194",0.007290296,64,69,65,1,55.90169944,"<212 µm",6,1,"CRR20231207SS_2","river water","plastic","sample","Carmel","surface","20231207",2023-12-07,"fragment",80.90169944,30.90169944,"styrenic polymers",1.05,"TODO(cite): polymer density handbook/default table","settling","settling",0.5,15.45084972,20225.1149906293,21236.3707401608,22247.6264896922
20,"MBMS_06_07DEC23_Pst1DS_1of1_lft",0.617769626,TRUE,"polystyrenes (polyphenylethylenes, -methylstyrene)",1250,50,50,25,2,0.159154943,7425,3287.5,7425,3275,"confident","975e5af53ac724c98b816c1935208696",0.007446876,51,76,72,1,37.5,"<212 µm",6,1,"CRR20231207SS_2","river water","plastic","sample","Carmel","surface","20231207",2023-12-07,"fragment",50,25,"styrenic polymers",1.05,"TODO(cite): polymer density handbook/default table","settling","settling",0.5,12.5,8181.23086872342,8590.29241215959,8999.35395559576
629,"MBMS_06_07DEC23_Pst1DS_1of1_lft",0.641279877,TRUE,"polystyrenes (polyphenylethylenes, -methylstyrene)",2500,120.7106781,75,33.33333333,2.25,0.463811494,1431.25,3975,1425,3950,"confident","975e5af53ac724c98b816c1935208696",0.007936281,91,92,86,1,54.16666667,"<212 µm",6,1,"CRR20231207SS_2","river water","plastic","sample","Carmel","surface","20231207",2023-12-07,"fragment",75,33.33333333,"styrenic polymers",1.05,"TODO(cite): polymer density handbook/default table","settling","settling",0.5,16.666666665,21816.6156455658,22907.4464278441,23998.2772101224
564,"MBMS_06_07DEC23_Pst1DS_1of1_lft",0.636096279,TRUE,"poly(propylene)",2500,100,60.35533906,41.42135624,1.457106781,0.318309886,2387.5,4137.5,2375,4125,"confident","a10d32cb1dd62cfd2207e223abe528cb",0.006710352,105,105,103,1,50.88834765,"<212 µm",6,1,"CRR20231207SS_2","river water","plastic","sample","Carmel","surface","20231207",2023-12-07,"fragment",60.35533906,41.42135624,"polypropylene",0.9,"TODO(cite): polymer density handbook/default table","buoyant","buoyant",0.5,20.71067812,27110.2142656692,24399.1928391023,29821.2356922362
483,"MBMS_06_07DEC23_Pst1DS_1of1_lft",0.615963731,TRUE,"polystyrenes (polyphenylethylenes, -methylstyrene)",1250,50,50,25,2,0.159154943,3425,4862.5,3425,4850,"confident","113bf1b1922bd5a81c86e5657a3f98e5",0.006673231,99,100,102,1,37.5,"<212 µm",6,1,"CRR20231207SS_2","river water","plastic","sample","Carmel","surface","20231207",2023-12-07,"fragment",50,25,"styrenic polymers",1.05,"TODO(cite): polymer density handbook/default table","settling","settling",0.5,12.5,8181.23086872342,8590.29241215959,8999.35395559576
718,"MBMS_06_07DEC23_Pst1DS_1of1_lft",0.601422559,TRUE,"poly(ethylene)",1250,50,50,25,2,0.159154943,0,5012.5,0,5000,"confident","fbed88dde38fde4e0620043809a12d82",0.007070463,183,34,30,1,37.5,"<212 µm",6,1,"CRR20231207SS_2","river water","plastic","sample","Carmel","surface","20231207",2023-12-07,"fragment",50,25,"polyethylene",0.94,"TODO(cite): polymer density handbook/default table","buoyant","buoyant",0.5,12.5,8181.23086872342,7690.35701660001,8999.35395559576
76,"MBMS_06_07DEC23_Pst1DS_1of1_lft",0.655618112,TRUE,"polystyrenes (polyphenylethylenes, -methylstyrene)",1875,85.35533906,60.35533906,31.06601718,1.942809042,0.309207662,7033.333333,5016.666667,7025,5000,"confident","74c4fe421a958e770fef5f50c7a92085",0.006832795,61,61,59,1,45.71067812,"<212 µm",6,1,"CRR20231207SS_2","river water","plastic","sample","Carmel","surface","20231207",2023-12-07,"fragment",60.35533906,31.06601718,"styrenic polymers",1.05,"TODO(cite): polymer density handbook/default table","settling","settling",0.5,15.53300859,15249.4955244389,16011.9703006609,16774.4450768828
15,"MBMS_06_07DEC23_Pst1DS_1of1_lft",0.630755209,TRUE,"poly(propylene)",4375,170.7106781,80.90169944,54.07797402,1.496019422,0.530070278,7432.142857,5275,7425,5250,"confident","4a106905a7fd7aa4d95d5a11972776de",0.007495571,93,113,111,1,67.48983673,"<212 µm",6,1,"CRR20231207SS_2","river water","plastic","sample","Carmel","surface","20231207",2023-12-07,"fragment",80.90169944,54.07797402,"polypropylene",0.9,"TODO(cite): polymer density handbook/default table","buoyant","buoyant",0.5,27.03898701,61939.4146588022,55745.473192922,68133.3561246824
620,"MBMS_06_07DEC23_Pst1DS_1of1_lft",0.647125692,TRUE,"polystyrenes (polyphenylethylenes, -methylstyrene)",3125,135.3553391,80.90169944,38.6271243,2.094427191,0.466542161,1580,5910,1550,5900,"confident","4cc9914d6498f5952a2dfaff98f521d0",0.008337569,112,117,120,1,59.76441187,"<212 µm",6,1,"CRR20231207SS_2","river water","plastic","sample","Carmel","surface","20231207",2023-12-07,"fragment",80.90169944,38.6271243,"styrenic polymers",1.05,"TODO(cite): polymer density handbook/default table","settling","settling",0.5,19.31356215,31601.7421728583,33181.8292815012,34761.9163901441
701,"MBMS_06_07DEC23_Pst1DS_1of1_lft",0.649097687,TRUE,"poly(propylene)",1875,85.35533906,60.35533906,31.06601718,1.942809042,0.309207662,366.6666667,7983.333333,350,7975,"confident","a10d32cb1dd62cfd2207e223abe528cb",0.00699145,98,99,94,1,45.71067812,"<212 µm",6,1,"CRR20231207SS_2","river water","plastic","sample","Carmel","surface","20231207",2023-12-07,"fragment",60.35533906,31.06601718,"polypropylene",0.9,"TODO(cite): polymer density handbook/default table","buoyant","buoyant",0.5,15.53300859,15249.4955244389,13724.5459719951,16774.4450768828
694,"MBMS_06_07DEC23_Pst1DS_1of1_lft",0.616080916,TRUE,"poly(propylene)",1250,50,50,25,2,0.159154943,375,9387.5,375,9375,"confident","a10d32cb1dd62cfd2207e223abe528cb",0.006262525,99,100,95,1,37.5,"<212 µm",6,1,"CRR20231207SS_2","river water","plastic","sample","Carmel","surface","20231207",2023-12-07,"fragment",50,25,"polypropylene",0.9,"TODO(cite): polymer density handbook/default table","buoyant","buoyant",0.5,12.5,8181.23086872342,7363.10778185108,8999.35395559576
465,"MBMS_06_07DEC23_Pst1DS_1of1_lft",0.617786084,TRUE,"poly(ethylene)",1250,50,50,25,2,0.159154943,3600,9437.5,3600,9425,"confident","d7ba92e8ef28596e8f8fa5c9e928eb03",0.00662997,72,73,68,1,37.5,"<212 µm",6,1,"CRR20231207SS_2","river water","plastic","sample","Carmel","surface","20231207",2023-12-07,"fragment",50,25,"polyethylene",0.94,"TODO(cite): polymer density handbook/default table","buoyant","buoyant",0.5,12.5,8181.23086872342,7690.35701660001,8999.35395559576
400,"MBMS_06_07DEC23_Pst1DS_1of1_lft",0.60708589,TRUE,"poly(propylene)",1250,50,50,25,2,0.159154943,4375,9937.5,4375,9925,"confident","a10d32cb1dd62cfd2207e223abe528cb",0.00666914,101,101,99,1,37.5,"<212 µm",6,1,"CRR20231207SS_2","river water","plastic","sample","Carmel","surface","20231207",2023-12-07,"fragment",50,25,"polypropylene",0.9,"TODO(cite): polymer density handbook/default table","buoyant","buoyant",0.5,12.5,8181.23086872342,7363.10778185108,8999.35395559576
645,"MBMS_06_07DEC23_Pst1DS_1of1_lft",0.644629056,TRUE,"polystyrenes (polyphenylethylenes, -methylstyrene)",1250,50,50,25,2,0.159154943,1187.5,10375,1175,10375,"confident","4cc9914d6498f5952a2dfaff98f521d0",0.006752134,116,118,115,1,37.5,"<212 µm",6,1,"CRR20231207SS_2","river water","plastic","sample","Carmel","surface","20231207",2023-12-07,"fragment",50,25,"styrenic polymers",1.05,"TODO(cite): polymer density handbook/default table","settling","settling",0.5,12.5,8181.23086872342,8590.29241215959,8999.35395559576
410,"MBMS_06_07DEC23_Pst1DS_1of1_lft",0.629921234,TRUE,"poly(ethylene)",1250,50,50,25,2,0.159154943,4225,12287.5,4225,12275,"confident","f09b5b1cae34819389ce9faa10d5f9ce",0.006254184,88,89,84,1,37.5,"<212 µm",6,1,"CRR20231207SS_2","river water","plastic","sample","Carmel","surface","20231207",2023-12-07,"fragment",50,25,"polyethylene",0.94,"TODO(cite): polymer density handbook/default table","buoyant","buoyant",0.5,12.5,8181.23086872342,7690.35701660001,8999.35395559576
243,"MBMS_06_07DEC23_Pst1DS_1of1_lft",0.634638905,TRUE,"poly(propylene)",1875,85.35533906,60.35533906,31.06601718,1.942809042,0.309207662,5808.333333,13516.66667,5800,13500,"confident","a10d32cb1dd62cfd2207e223abe528cb",0.007212479,98,99,93,1,45.71067812,"<212 µm",6,1,"CRR20231207SS_2","river water","plastic","sample","Carmel","surface","20231207",2023-12-07,"fragment",60.35533906,31.06601718,"polypropylene",0.9,"TODO(cite): polymer density handbook/default table","buoyant","buoyant",0.5,15.53300859,15249.4955244389,13724.5459719951,16774.4450768828
382,"MBMS_06_07DEC23_Pst1DS_1of1_lft",0.652412053,TRUE,"polystyrenes (polyphenylethylenes, -methylstyrene)",1250,50,50,25,2,0.159154943,4400,14412.5,4400,14400,"confident","975e5af53ac724c98b816c1935208696",0.006160821,64,64,62,1,37.5,"<212 µm",6,1,"CRR20231207SS_2","river water","plastic","sample","Carmel","surface","20231207",2023-12-07,"fragment",50,25,"styrenic polymers",1.05,"TODO(cite): polymer density handbook/default table","settling","settling",0.5,12.5,8181.23086872342,8590.29241215959,8999.35395559576
29,"MBMS_06_07DEC23_Pst1DS_1of1_rt",0.609401284,TRUE,"poly(ethylene)",1875,100,75,25,3,0.424413182,7025,800,7025,775,"confident","fbed88dde38fde4e0620043809a12d82",0.00781355,88,91,98,1,50,"<212 µm",6,1,"CRR20231207SS_2","river water","plastic","sample","Carmel","surface","20231207",2023-12-07,"fiber",75,25,"polyethylene",0.94,"TODO(cite): polymer density handbook/default table","buoyant","buoyant",0.286474508437567,7.16186271093919,36815.5389092554,34606.6065747001,40497.0928001809
312,"MBMS_06_07DEC23_Pst1DS_1of1_rt",0.614541074,TRUE,"polysiloxanes",1875,85.35533906,60.35533906,31.06601718,1.942809042,0.309207662,3833.333333,1216.666667,3825,1200,"confident","abc4c0d7f9fc64f89f91496d2074a8e0",0.006872518,146,146,154,1,45.71067812,"<212 µm",6,1,"CRR20231207SS_2","river water","plastic","sample","Carmel","surface","20231207",2023-12-07,"fragment",60.35533906,31.06601718,"silicone polymers",1.05,"TODO(cite): polymer density handbook/default table","settling","settling",0.5,15.53300859,15249.4955244389,16011.9703006609,16774.4450768828
676,"MBMS_06_07DEC23_Pst1DS_1of1_rt",0.652226645,TRUE,"poly(ethylene)",6875,344.1022988,177.0690633,38.82665822,4.560502278,1.370542733,1186.363636,2427.272727,1200,2350,"confident","c30c4e0ba4cedc0cebe6f8ce319f6f95",0.0074171,86,85,91,1,107.9478607,"<212 µm",6,1,"CRR20231207SS_2","river water","plastic","sample","Carmel","surface","20231207",2023-12-07,"fiber",177.0690633,38.82665822,"polyethylene",0.94,"TODO(cite): polymer density handbook/default table","buoyant","buoyant",0.286474508437567,11.1228478278479,209648.904204403,197069.969952139,230613.794624843
747,"MBMS_06_07DEC23_Pst1DS_1of1_rt",0.655798773,TRUE,"poly(ethylene)",5000,191.4213562,100,50,2,0.583177701,762.5,3000,750,2975,"confident","caf34cca4abd72124cdc8cdd2b047fa8",0.008226422,70,71,73,1,75,"<212 µm",6,1,"CRR20231207SS_2","river water","plastic","sample","Carmel","surface","20231207",2023-12-07,"fragment",100,50,"polyethylene",0.94,"TODO(cite): polymer density handbook/default table","buoyant","buoyant",0.5,25,65449.8469497874,61522.8561328001,71994.8316447661
487,"MBMS_06_07DEC23_Pst1DS_1of1_rt",0.650056047,TRUE,"polystyrenes (polyphenylethylenes, -methylstyrene)",2500,130.9016994,80.90169944,30.90169944,2.618033989,0.545432104,2606.25,3456.25,2575,3450,"confident","4cc9914d6498f5952a2dfaff98f521d0",0.006153431,122,121,126,1,55.90169944,"<212 µm",6,1,"CRR20231207SS_2","river water","plastic","sample","Carmel","surface","20231207",2023-12-07,"fragment",80.90169944,30.90169944,"styrenic polymers",1.05,"TODO(cite): polymer density handbook/default table","settling","settling",0.5,15.45084972,20225.1149906293,21236.3707401608,22247.6264896922
574,"MBMS_06_07DEC23_Pst1DS_1of1_rt",0.635953921,TRUE,"poly(propylene)",3125,135.3553391,80.90169944,38.6271243,2.094427191,0.466542161,1990,4720,1975,4700,"confident","a10d32cb1dd62cfd2207e223abe528cb",0.007820169,112,113,117,1,59.76441187,"<212 µm",6,1,"CRR20231207SS_2","river water","plastic","sample","Carmel","surface","20231207",2023-12-07,"fragment",80.90169944,38.6271243,"polypropylene",0.9,"TODO(cite): polymer density handbook/default table","buoyant","buoyant",0.5,19.31356215,31601.7421728583,28441.5679555724,34761.9163901441
314,"MBMS_06_07DEC23_Pst1DS_1of1_rt",0.655743172,TRUE,"polystyrenes (polyphenylethylenes, -methylstyrene)",3125,135.3553391,80.90169944,38.6271243,2.094427191,0.466542161,3805,5185,3775,5175,"confident","975e5af53ac724c98b816c1935208696",0.006927482,126,127,132,1,59.76441187,"<212 µm",6,1,"CRR20231207SS_2","river water","plastic","sample","Carmel","surface","20231207",2023-12-07,"fragment",80.90169944,38.6271243,"styrenic polymers",1.05,"TODO(cite): polymer density handbook/default table","settling","settling",0.5,19.31356215,31601.7421728583,33181.8292815012,34761.9163901441
237,"MBMS_06_07DEC23_Pst1DS_1of1_rt",0.627167393,TRUE,"poly(propylene)",1250,50,50,25,2,0.159154943,4400,6062.5,4400,6050,"confident","a10d32cb1dd62cfd2207e223abe528cb",0.006565238,81,82,86,1,37.5,"<212 µm",6,1,"CRR20231207SS_2","river water","plastic","sample","Carmel","surface","20231207",2023-12-07,"fragment",50,25,"polypropylene",0.9,"TODO(cite): polymer density handbook/default table","buoyant","buoyant",0.5,12.5,8181.23086872342,7363.10778185108,8999.35395559576
267,"MBMS_06_07DEC23_Pst1DS_1of1_rt",0.636500411,TRUE,"polystyrenes (polyphenylethylenes, -methylstyrene)",5000,211.8033989,115.1387819,43.42585459,2.651387819,0.713979894,4203.125,6215.625,4175,6175,"confident","cce0d2d60e9692bf67c3bd3cebb6e043",0.007624276,127,127,127,1,79.28231824,"<212 µm",6,1,"CRR20231207SS_2","river water","plastic","sample","Carmel","surface","20231207",2023-12-07,"fragment",115.1387819,43.42585459,"styrenic polymers",1.05,"TODO(cite): polymer density handbook/default table","settling","settling",0.5,21.712927295,56844.3107368041,59686.5262736443,62528.7418104845
285,"MBMS_06_07DEC23_Pst1DS_1of1_rt",0.651650004,TRUE,"poly(propylene)",4375,191.4213562,104.0569415,42.04428784,2.474936474,0.666488801,3992.857143,6389.285714,3975,6350,"confident","d90d8f2ecc800ec3ac907f5d6e4e1f8f",0.00796204,164,165,167,1,73.05061467,"<212 µm",6,1,"CRR20231207SS_2","river water","plastic","sample","Carmel","surface","20231207",2023-12-07,"fragment",104.0569415,42.04428784,"polypropylene",0.9,"TODO(cite): polymer density handbook/default table","buoyant","buoyant",0.5,21.02214392,48156.3635761518,43340.7272185366,52971.999933767
192,"MBMS_06_07DEC23_Pst1DS_1of1_rt",0.632626417,TRUE,"polyacrylonitriles (nitriles)",1250,50,50,25,2,0.159154943,4812.5,7275,4800,7275,"confident","5b750f75e656b881740ba52643fb4d11",0.006137982,92,92,92,1,37.5,"<212 µm",6,1,"CRR20231207SS_2","river water","plastic","sample","Carmel","surface","20231207",2023-12-07,"fragment",50,25,"acrylic polymers",1.18,"TODO(cite): polymer density handbook/default table","settling","settling",0.5,12.5,8181.23086872342,9653.85242509363,8999.35395559576
283,"MBMS_06_07DEC23_Pst1DS_1of1_rt",0.644472324,TRUE,"polysiloxanes",1875,100,75,25,3,0.424413182,4000,7475,4000,7450,"confident","18387765d942da7e75ee4643d6b219e4",0.007199779,85,89,101,1,50,"<212 µm",6,1,"CRR20231207SS_2","river water","plastic","sample","Carmel","surface","20231207",2023-12-07,"fiber",75,25,"silicone polymers",1.05,"TODO(cite): polymer density handbook/default table","settling","settling",0.286474508437567,7.16186271093919,36815.5389092554,38656.3158547182,40497.0928001809
282,"MBMS_06_07DEC23_Pst1DS_1of1_rt",0.635494635,TRUE,"poly(acrylamide/amid)s",5000,236.9677166,136.8033989,36.54879953,3.743033989,0.893713872,3996.875,7775,3975,7725,"confident","0ca97d1db865e6a395ed42b568a79753",0.007090086,150,135,140,1,86.6760992,"<212 µm",6,1,"CRR20231207SS_2","river water","plastic","sample","Carmel","surface","20231207",2023-12-07,"fiber",136.8033989,36.54879953,"polyamide/acrylamide",1.14,"TODO(cite): polymer density handbook/default table","settling","settling",0.286474508437567,10.4702993793399,143526.800166943,163620.552190314,157879.480183637
863,"MBMS_06_07DEC23_Pst1DS_1of1_rt",0.614195353,TRUE,"polyacrylonitriles (nitriles)",2500,100,60.35533906,41.42135624,1.457106781,0.318309886,12.5,8137.5,0,8125,"confident","5441214c8e76d3a7063e0d099fd70f9b",0.007431887,182,32,31,1,50.88834765,"<212 µm",6,1,"CRR20231207SS_2","river water","plastic","sample","Carmel","surface","20231207",2023-12-07,"fragment",60.35533906,41.42135624,"acrylic polymers",1.18,"TODO(cite): polymer density handbook/default table","settling","settling",0.5,20.71067812,27110.2142656692,31990.0528334897,29821.2356922362
171,"MBMS_06_07DEC23_Pst1DS_1of1_rt",0.600637917,TRUE,"poly(ethylene)",6250,220.7106781,115.1387819,54.28231824,2.121110255,0.62023577,5025,8312.5,5000,8275,"confident","caf34cca4abd72124cdc8cdd2b047fa8",0.007511078,110,110,118,1,84.71055006,"<212 µm",6,1,"CRR20231207SS_2","river water","plastic","sample","Carmel","surface","20231207",2023-12-07,"fragment",115.1387819,54.28231824,"polyethylene",0.94,"TODO(cite): polymer density handbook/default table","buoyant","buoyant",0.5,27.14115912,88819.2355344377,83490.0814023714,97701.1590878815
23,"MBMS_06_07DEC23_Pst1DS_1of1_rt",0.639810701,TRUE,"poly(ethylene)",1875,85.35533906,60.35533906,31.06601718,1.942809042,0.309207662,7033.333333,8441.666667,7025,8425,"confident","f09b5b1cae34819389ce9faa10d5f9ce",0.007356625,83,84,89,1,45.71067812,"<212 µm",6,1,"CRR20231207SS_2","river water","plastic","sample","Carmel","surface","20231207",2023-12-07,"fragment",60.35533906,31.06601718,"polyethylene",0.94,"TODO(cite): polymer density handbook/default table","buoyant","buoyant",0.5,15.53300859,15249.4955244389,14334.5257929726,16774.4450768828
507,"MBMS_06_07DEC23_Pst1DS_1of1_rt",0.61435564,TRUE,"poly(ethylene)",1250,50,50,25,2,0.159154943,2400,8687.5,2400,8675,"confident","efb161c796b0f43b9f7c777550de4c3a",0.006237376,128,128,128,1,37.5,"<212 µm",6,1,"CRR20231207SS_2","river water","plastic","sample","Carmel","surface","20231207",2023-12-07,"fragment",50,25,"polyethylene",0.94,"TODO(cite): polymer density handbook/default table","buoyant","buoyant",0.5,12.5,8181.23086872342,7690.35701660001,8999.35395559576
826,"MBMS_06_07DEC23_Pst1DS_1of1_rt",0.612580181,TRUE,"polyacrylonitriles (nitriles)",2500,120.7106781,80.90169944,30.90169944,2.618033989,0.463811494,237.5,9050,225,9025,"confident","2615c4055c81c2764f46b06fcbec644a",0.00762139,104,102,115,1,55.90169944,"<212 µm",6,1,"CRR20231207SS_2","river water","plastic","sample","Carmel","surface","20231207",2023-12-07,"fragment",80.90169944,30.90169944,"acrylic polymers",1.18,"TODO(cite): polymer density handbook/default table","settling","settling",0.5,15.45084972,20225.1149906293,23865.6356889426,22247.6264896922
341,"MBMS_06_07DEC23_Pst1DS_1of1_rt",0.612272459,TRUE,"polystyrenes (polyphenylethylenes, -methylstyrene)",1250,50,50,25,2,0.159154943,3587.5,9025,3575,9025,"confident","39a8b7525ca17ec7251a6b971cfe06a0",0.006517417,86,87,91,1,37.5,"<212 µm",6,1,"CRR20231207SS_2","river water","plastic","sample","Carmel","surface","20231207",2023-12-07,"fragment",50,25,"styrenic polymers",1.05,"TODO(cite): polymer density handbook/default table","settling","settling",0.5,12.5,8181.23086872342,8590.29241215959,8999.35395559576
75,"MBMS_06_07DEC23_Pst1DS_1of1_rt",0.639056693,TRUE,"poly(ethylene)",1250,50,50,25,2,0.159154943,6237.5,9300,6225,9300,"confident","f09b5b1cae34819389ce9faa10d5f9ce",0.006355627,93,96,103,1,37.5,"<212 µm",6,1,"CRR20231207SS_2","river water","plastic","sample","Carmel","surface","20231207",2023-12-07,"fragment",50,25,"polyethylene",0.94,"TODO(cite): polymer density handbook/default table","buoyant","buoyant",0.5,12.5,8181.23086872342,7690.35701660001,8999.35395559576
618,"MBMS_06_07DEC23_Pst1DS_1of1_rt",0.638035693,TRUE,"poly(esters/ethers/diglycidylethers/terephthalates)s",1250,50,50,25,2,0.159154943,1587.5,10275,1575,10275,"confident","138c28a84232f62cee5e1d9a1b05df09",0.006897765,74,75,79,1,37.5,"<212 µm",6,1,"CRR20231207SS_2","river water","plastic","sample","Carmel","surface","20231207",2023-12-07,"fragment",50,25,"polyester/PET",1.38,"TODO(cite): polymer density handbook/default table","settling","settling",0.5,12.5,8181.23086872342,11290.0985988383,8999.35395559576
197,"MBMS_06_07DEC23_Pst1DS_1of1_rt",0.631750215,TRUE,"poly(propylene)",1875,85.35533906,60.35533906,31.06601718,1.942809042,0.309207662,4783.333333,10741.66667,4775,10725,"confident","a10d32cb1dd62cfd2207e223abe528cb",0.006948992,87,87,87,1,45.71067812,"<212 µm",6,1,"CRR20231207SS_2","river water","plastic","sample","Carmel","surface","20231207",2023-12-07,"fragment",60.35533906,31.06601718,"polypropylene",0.9,"TODO(cite): polymer density handbook/default table","buoyant","buoyant",0.5,15.53300859,15249.4955244389,13724.5459719951,16774.4450768828
454,"MBMS_06_07DEC23_Pst1DS_1of1_rt",0.617219752,TRUE,"polystyrenes (polyphenylethylenes, -methylstyrene)",2500,120.7106781,75,33.33333333,2.25,0.463811494,2793.75,11575,2800,11550,"confident","aff76c9163a7e421a50d533960ae08db",0.007103868,158,158,166,1,54.16666667,"<212 µm",6,1,"CRR20231207SS_2","river water","plastic","sample","Carmel","surface","20231207",2023-12-07,"fragment",75,33.33333333,"styrenic polymers",1.05,"TODO(cite): polymer density handbook/default table","settling","settling",0.5,16.666666665,21816.6156455658,22907.4464278441,23998.2772101224
430,"MBMS_06_07DEC23_Pst1DS_1of1_rt",0.611291012,TRUE,"polystyrenes (polyphenylethylenes, -methylstyrene)",1250,50,50,25,2,0.159154943,3012.5,11700,3000,11700,"confident","b3ceda1a96231342eac51a2439d1d5bc",0.007500637,105,106,108,1,37.5,"<212 µm",6,1,"CRR20231207SS_2","river water","plastic","sample","Carmel","surface","20231207",2023-12-07,"fragment",50,25,"styrenic polymers",1.05,"TODO(cite): polymer density handbook/default table","settling","settling",0.5,12.5,8181.23086872342,8590.29241215959,8999.35395559576
325,"MBMS_06_07DEC23_Pst1DS_1of1_rt",0.647599205,TRUE,"poly(ethylene)",3750,150,80.90169944,46.35254916,1.745355992,0.477464829,3612.5,12150,3600,12125,"confident","31e1f071eb801a333cb9a9a25a6a2a73",0.007290682,98,97,105,1,63.6271243,"<212 µm",6,1,"CRR20231207SS_2","river water","plastic","sample","Carmel","surface","20231207",2023-12-07,"fragment",80.90169944,46.35254916,"polyethylene",0.94,"TODO(cite): polymer density handbook/default table","buoyant","buoyant",0.5,23.17627458,45506.5087289159,42776.1182051809,50057.1596018075
763,"MBMS_06_07DEC23_Pst1DS_1of1_rt",0.615071672,TRUE,"polystyrenes (polyphenylethylenes, -methylstyrene)",2500,100,60.35533906,41.42135624,1.457106781,0.318309886,637.5,12537.5,625,12525,"confident","975e5af53ac724c98b816c1935208696",0.007550572,108,109,114,1,50.88834765,"<212 µm",6,1,"CRR20231207SS_2","river water","plastic","sample","Carmel","surface","20231207",2023-12-07,"fragment",60.35533906,41.42135624,"styrenic polymers",1.05,"TODO(cite): polymer density handbook/default table","settling","settling",0.5,20.71067812,27110.2142656692,28465.7249789527,29821.2356922362
851,"MBMS_06_07DEC23_Pst1DS_1of1_rt",0.603297695,TRUE,"polystyrenes (polyphenylethylenes, -methylstyrene)",1250,50,50,25,2,0.159154943,0,12562.5,0,12550,"confident","45ba3ec0d35c058d05b9176a3c0cc8fb",0.006756616,181,33,31,1,37.5,"<212 µm",6,1,"CRR20231207SS_2","river water","plastic","sample","Carmel","surface","20231207",2023-12-07,"fragment",50,25,"styrenic polymers",1.05,"TODO(cite): polymer density handbook/default table","settling","settling",0.5,12.5,8181.23086872342,8590.29241215959,8999.35395559576
799,"MBMS_06_07DEC23_Pst1DS_1of1_rt",0.605095126,TRUE,"poly(ethylene)",5000,201.6123776,104.0569415,48.05061467,2.165569415,0.646925863,381.25,12965.625,375,12925,"confident","11efe0695dbd05c2f63b6aa52d68ed70",0.008343511,133,138,141,1,76.05377809,"<212 µm",6,1,"CRR20231207SS_2","river water","plastic","sample","Carmel","surface","20231207",2023-12-07,"fragment",104.0569415,48.05061467,"polyethylene",0.94,"TODO(cite): polymer density handbook/default table","buoyant","buoyant",0.5,24.025307335,62898.107516815,59124.2210658061,69187.9182684966
482,"MBMS_06_07DEC23_Pst3DS_1of2_rt",0.618969343,TRUE,"poly(propylene)",21250,566.6405315,231.1552813,91.92954572,2.514483015,1.202393096,1651.470588,1951.470588,1675,1875,"confident","dfae3b1664eee9371630f71bcd6979fb",0.018115686,131,136,129,1,161.5424135,"<212 µm",6,1,"CRR20231207SS_2","river water","plastic","sample","Carmel","surface","20231207",2023-12-07,"fragment",231.1552813,91.92954572,"polypropylene",0.9,"TODO(cite): polymer density handbook/default table","buoyant","buoyant",0.5,45.96477286,511425.849307239,460283.264376515,562568.434237963
272,"MBMS_06_07DEC23_Pst3DS_1of2_rt",0.650517086,TRUE,"poly(ethylene)",5000,191.4213562,100,50,2,0.583177701,3275,6012.5,3275,5975,"confident","fb788f38ed6f2de291189efaec9e8176",0.012345229,100,99,94,1,75,"<212 µm",6,1,"CRR20231207SS_2","river water","plastic","sample","Carmel","surface","20231207",2023-12-07,"fragment",100,50,"polyethylene",0.94,"TODO(cite): polymer density handbook/default table","buoyant","buoyant",0.5,25,65449.8469497874,61522.8561328001,71994.8316447661
496,"MBMS_06_07DEC23_Pst3DS_1of2_rt",0.625090101,TRUE,"polystyrenes (polyphenylethylenes, -methylstyrene)",3125,141.4213562,75,41.66666667,1.8,0.509295818,1575,6075,1575,6050,"confident","ab761c7e7bbf925e1fb9f46cfe6db184",0.00899617,102,102,102,1,58.33333333,"<212 µm",6,1,"CRR20231207SS_2","river water","plastic","sample","Carmel","surface","20231207",2023-12-07,"fragment",75,41.66666667,"styrenic polymers",1.05,"TODO(cite): polymer density handbook/default table","settling","settling",0.5,20.833333335,34088.4619584684,35792.8850563918,37497.3081543152
696,"MBMS_06_07DEC23_Pst3DS_1of2_rt",0.648806465,TRUE,"poly(tetrafluoroethylene)",8125,270.7106781,128.0776406,63.43808302,2.018939327,0.71775717,175,8682.692308,175,8625,"confident","ca33e8ebb374269cca503800eb1c47b4",0.011939425,101,90,94,1,95.75786183,"<212 µm",6,1,"CRR20231207SS_2","river water","plastic","sample","Carmel","surface","20231207",2023-12-07,"fragment",128.0776406,63.43808302,"PTFE",2.2,"TODO(cite): polymer density handbook/default table","settling","settling",0.5,31.71904151,134940.416751153,296868.916852536,148434.458426268
76,"MBMS_06_07DEC23_Pst3DS_2of2_lft",0.612845472,TRUE,"poly(acrylamide/amid)s",3125,135.3553391,80.90169944,38.6271243,2.094427191,0.466542161,6035,4330,6025,4300,"confident","906cd63667eec0f1a31e4e6695937a2f",0.007738696,129,130,125,1,59.76441187,"<212 µm",6,1,"CRR20231207SS_2","river water","plastic","sample","Carmel","surface","20231207",2023-12-07,"fragment",80.90169944,38.6271243,"polyamide/acrylamide",1.14,"TODO(cite): polymer density handbook/default table","settling","settling",0.5,19.31356215,31601.7421728583,36025.9860770584,34761.9163901441
28,"MBMS_06_07DEC23_Pst3DS_2of2_lft",0.642748969,TRUE,"poly(esters/ethers/diglycidylethers/terephthalates)s",13750,587.6895576,304.5084972,45.15473337,6.743667262,1.998864642,6863.636364,7785.227273,6800,7675,"confident","3d8a1e8bdbea9d1f0619d306409706b2",0.008310694,77,76,72,1,174.8316153,"<212 µm",6,1,"CRR20231207SS_2","river water","plastic","sample","Carmel","surface","20231207",2023-12-07,"fiber",304.5084972,45.15473337,"polyester/PET",1.38,"TODO(cite): polymer density handbook/default table","settling","settling",0.286474508437567,12.9356800458002,487636.11403939,672937.837374359,536399.72544333
109,"MBMS_06_07DEC23_Pst3DS_2of2_lft",0.626821242,TRUE,"poly(esters/ethers/diglycidylethers/terephthalates)s",11875,456.138078,238.6000936,49.76946915,4.794105657,1.394277356,5335.526316,9465.789474,5300,9375,"confident","ff3b919e7b978aaa8441f495e844a9e0",0.00939112,124,125,127,1,144.1847814,"<212 µm",6,1,"CRR20231207SS_2","river water","plastic","sample","Carmel","surface","20231207",2023-12-07,"fiber",238.6000936,49.76946915,"polyester/PET",1.38,"TODO(cite): polymer density handbook/default table","settling","settling",0.286474508437567,14.2576842099449,464180.08966282,640568.523734692,510598.098629102
18,"MBMS_06_07DEC23_Pst3DS_2of2_lft",0.651742074,TRUE,"poly(esters/ethers/diglycidylethers/terephthalates)s",575625,5015.632872,2100.150597,274.0874873,7.662336643,3.477778902,6305.836048,10470.27687,6250,9375,"confident","3d8a1e8bdbea9d1f0619d306409706b2",0.020498462,68,69,64,1,1187.119042,">500 µm",6,1,"CRR20231207SS_2","river water","plastic","sample","Carmel","surface","20231207",2023-12-07,"fiber",2100.150597,274.0874873,"polyester/PET",1.38,"TODO(cite): polymer density handbook/default table","settling","settling",0.286474508437567,78.5190781931555,123913532.651641,171000675.059264,136304885.916805
167,"MBMS_06_07DEC23_Pst3DS_2of2_lft",0.644538696,TRUE,"poly(acrylamide/amid)s",4375,185.3553391,104.0569415,42.04428784,2.474936474,0.624916913,4135.714286,12017.85714,4125,11975,"confident","3b9b4632c6197a745f8c6deb02318531",0.007884302,82,79,74,1,73.05061467,"<212 µm",6,1,"CRR20231207SS_2","river water","plastic","sample","Carmel","surface","20231207",2023-12-07,"fragment",104.0569415,42.04428784,"polyamide/acrylamide",1.14,"TODO(cite): polymer density handbook/default table","settling","settling",0.5,21.02214392,48156.3635761518,54898.2544768131,52971.999933767
188,"MBMS_06_07DEC23_Pst3DS_2of2_rt",0.655665764,TRUE,"poly(acrylamide/amid)s",11250,386.9677166,192.7050983,58.3793584,3.300911548,1.059222221,2945.833333,3550,2900,3475,"confident","04f9ea3185f41be37f533edb8de63a3e",0.008884916,89,91,86,1,125.5422284,"<212 µm",6,1,"CRR20231207SS_2","river water","plastic","sample","Carmel","surface","20231207",2023-12-07,"fiber",192.7050983,58.3793584,"polyamide/acrylamide",1.14,"TODO(cite): polymer density handbook/default table","settling","settling",0.286474508437567,16.7241980005406,515824.209723035,588039.59908426,567406.630695339
178,"MBMS_06_07DEC23_Pst3DS_2of2_rt",0.637285233,TRUE,"poly(acrylamide/amid)s",30625,767.532705,360.4101966,84.97262366,4.241486035,1.530762515,3012.244898,4717.346939,2925,4575,"confident","42a55d344131d3bf09d57ac25d37585f",0.0095351,110,111,106,1,222.6914101,"212-500 µm",6,1,"CRR20231207SS_2","river water","plastic","sample","Carmel","surface","20231207",2023-12-07,"fiber",360.4101966,84.97262366,"polyamide/acrylamide",1.14,"TODO(cite): polymer density handbook/default table","settling","settling",0.286474508437567,24.3424905936489,2043831.11587763,2329967.4721005,2248214.22746539
88,"MBMS_06_07DEC23_Pst3DS_2of2_rt",0.651541124,TRUE,"poly(acrylamide/amid)s",146875,1889.45534,863.5254916,170.087625,5.076944848,1.934262975,4154.680851,6185,4125,5825,"confident","42a55d344131d3bf09d57ac25d37585f",0.019154164,83,79,78,1,516.8065583,">500 µm",6,1,"CRR20231207SS_2","river water","plastic","sample","Carmel","surface","20231207",2023-12-07,"fiber",863.5254916,170.087625,"polyamide/acrylamide",1.14,"TODO(cite): polymer density handbook/default table","settling","settling",0.286474508437567,48.7257687631883,19620518.4044255,22367390.9810451,21582570.2448681
235,"MBMS_06_07DEC23_Pst3DS_2of2_rt",0.641464151,TRUE,"poly(acrylamide/amid)s",446250,4224.397151,1878.712491,237.5296923,7.909379551,3.18230198,2049.509804,9574.544818,1800,8675,"confident","42a55d344131d3bf09d57ac25d37585f",0.020953831,93,95,92,1,1058.121092,">500 µm",6,1,"CRR20231207SS_2","river water","plastic","sample","Carmel","surface","20231207",2023-12-07,"fiber",1878.712491,237.5296923,"polyamide/acrylamide",1.14,"TODO(cite): polymer density handbook/default table","settling","settling",0.286474508437567,68.0462018409691,83250340.1305578,94905387.7488359,91575374.1436136
223,"MBMS_06_07DEC23_Pst3DS_2of2_rt",0.628928533,TRUE,"poly(acrylamide/amid)s",33750,676.014223,271.221445,124.4370628,2.179587326,1.077526663,2482.87037,9182.407407,2500,9050,"confident","9aa126479d0cf0e609f065e3aa49256a",0.021865283,70,69,65,1,197.8292539,"<212 µm",6,1,"CRR20231207SS_2","river water","plastic","sample","Carmel","surface","20231207",2023-12-07,"fragment",271.221445,124.4370628,"polyamide/acrylamide",1.14,"TODO(cite): polymer density handbook/default table","settling","settling",0.5,62.2185314,1099492.2060284,1253421.11487238,1209441.42663124
383,"MBMS_06_07DEC23_Pst3DS_2of2_rt",0.645437619,TRUE,"poly(acrylamide/amid)s",81875,1309.893406,559.4389582,146.3519814,3.822558142,1.667672376,617.1755725,10229.19847,675,9975,"confident","42a55d344131d3bf09d57ac25d37585f",0.013576691,51,50,45,1,352.8954698,"212-500 µm",6,1,"CRR20231207SS_2","river water","plastic","sample","Carmel","surface","20231207",2023-12-07,"fiber",559.4389582,146.3519814,"polyamide/acrylamide",1.14,"TODO(cite): polymer density handbook/default table","settling","settling",0.286474508437567,41.926111930429,9411087.27528387,10728639.4938236,10352196.0028123
144,"MBMS_06_07DEC23_Pst3DS_2of2_rt",0.631062832,TRUE,"poly(acrylamide/amid)s",16875,488.0362816,231.1552813,73.00287455,3.166386019,1.123183134,3483.333333,10194.44444,3450,10100,"confident","e452f147702e7c8ad46716fdc1198531",0.012414881,114,112,100,1,152.0790779,"<212 µm",6,1,"CRR20231207SS_2","river water","plastic","sample","Carmel","surface","20231207",2023-12-07,"fiber",231.1552813,73.00287455,"polyamide/acrylamide",1.14,"TODO(cite): polymer density handbook/default table","settling","settling",0.286474508437567,20.9134626012406,967550.460786554,1103007.52529667,1064305.50686521
312,"MBMS_06_07DEC23_Pst3DS_2of2_rt",0.622138255,TRUE,"poly(ethylene)",21875,509.2907723,215.3943276,101.5579205,2.12090132,0.943569054,1340,10896.42857,1325,10825,"confident","f09b5b1cae34819389ce9faa10d5f9ce",0.014614062,103,99,96,1,158.4761241,"<212 µm",6,1,"CRR20231207SS_2","river water","plastic","sample","Carmel","surface","20231207",2023-12-07,"fragment",215.3943276,101.5579205,"polyethylene",0.94,"TODO(cite): polymer density handbook/default table","buoyant","buoyant",0.5,50.77896025,581608.155872066,546711.666519742,639768.971459272
149,"MBMS_06_07DEC23_Pst3DS_2of2_rt",0.625716791,TRUE,"poly(acrylamide/amid)s",10625,322.3230557,152.4754878,69.68333173,2.188119943,0.778115274,3463.235294,11204.41176,3450,11150,"confident","8681123e1731dc69e476ce0c2fe4f9ea",0.011509719,86,86,78,1,111.0794098,"<212 µm",6,1,"CRR20231207SS_2","river water","plastic","sample","Carmel","surface","20231207",2023-12-07,"fragment",152.4754878,69.68333173,"polyamide/acrylamide",1.14,"TODO(cite): polymer density handbook/default table","settling","settling",0.5,34.841665865,193832.444305273,220968.986508011,213215.6887358
136,"MBMS_06_07DEC23_Pst3DS_2of2_rt",0.606200707,TRUE,"poly(acrylamide/amid)s",5625,206.0660172,104.0569415,54.0569415,1.924950591,0.600731442,3572.222222,11183.33333,3550,11150,"confident","04f9ea3185f41be37f533edb8de63a3e",0.008850098,76,75,70,1,79.0569415,"<212 µm",6,1,"CRR20231207SS_2","river water","plastic","sample","Carmel","surface","20231207",2023-12-07,"fragment",104.0569415,54.0569415,"polyamide/acrylamide",1.14,"TODO(cite): polymer density handbook/default table","settling","settling",0.5,27.02847075,79605.4173149244,90750.1757390138,87565.9590464168
167,"MBMS_06_07DEC23_Pst3DS_2of2_rt",0.623177656,TRUE,"polystyrenes (polyphenylethylenes, -methylstyrene)",3125,166.2570385,104.0569415,30.03163417,3.464911064,0.703882544,3210,11290,3200,11250,"confident","9dbb559da54e92b5929a078abe50c33f",0.006270427,67,69,56,1,67.04428784,"<212 µm",6,1,"CRR20231207SS_2","river water","plastic","sample","Carmel","surface","20231207",2023-12-07,"fiber",104.0569415,30.03163417,"styrenic polymers",1.05,"TODO(cite): polymer density handbook/default table","settling","settling",0.286474508437567,8.6032976364276,73708.7197524036,77394.1557400237,81079.5917276439
242,"MBMS_06_07DEC23_Pst3DS_2of2_rt",0.632027912,TRUE,"poly(esters/ethers/diglycidylethers/terephthalates)s",5625,236.9677166,128.0776406,43.91867286,2.916245695,0.794412331,2297.222222,12150,2275,12100,"confident","a149aa3f2a5c4da77bc0fe3b547a047b",0.00753419,90,89,85,1,85.99815675,"<212 µm",6,1,"CRR20231207SS_2","river water","plastic","sample","Carmel","surface","20231207",2023-12-07,"fragment",128.0776406,43.91867286,"polyester/PET",1.38,"TODO(cite): polymer density handbook/default table","settling","settling",0.5,21.95933643,64675.58436002,89252.3064168276,71143.142796022
393,"MBMS_06_07DEC23_Pst3DS_2of2_rt",0.657028727,TRUE,"poly(propylene)",15625,516.4739263,248.6067977,62.85025245,3.955541753,1.358522742,627,12856,650,12750,"confident","1bc71d48167000b1c7badd72d8c7354c",0.00942782,93,93,91,1,155.7285251,"<212 µm",6,1,"CRR20231207SS_2","river water","plastic","sample","Carmel","surface","20231207",2023-12-07,"fiber",248.6067977,62.85025245,"polypropylene",0.9,"TODO(cite): polymer density handbook/default table","buoyant","buoyant",0.286474508437567,18.0049951757908,771288.637990456,694159.774191411,848417.501789502
390,"MBMS_06_07DEC23_Pst3DS_2of2_rt",0.647824054,TRUE,"poly(ethylene)",30625,720.2036345,301.1340254,101.6989029,2.961035144,1.34779753,581.6326531,13207.14286,625,13100,"confident","974c3d4bd2ad2b3e126cf2c6435502bf",0.009035812,123,123,121,1,201.4164641,"<212 µm",6,1,"CRR20231207SS_2","river water","plastic","sample","Carmel","surface","20231207",2023-12-07,"fragment",301.1340254,101.6989029,"polyethylene",0.94,"TODO(cite): polymer density handbook/default table","buoyant","buoyant",0.5,50.84945145,815381.759887077,766458.854293852,896919.935875784
9,"MBMS_06_22_2of2",0.62692089,TRUE,"poly(esters/ethers/diglycidylethers/terephthalates)s",6250,220.7106781,104.0569415,60.06326834,1.732455532,0.62023577,10330,2400,10300,2375,"confident","e1307c03241153353a5094bf1f8b07a6",0.011853824,143,139,130,1,82.06010492,"<212 µm",22,1,"CRR20240116SS","river water","plastic","sample","Carmel","surface","20240116",2024-01-16,"fragment",104.0569415,60.06326834,"polyester/PET",1.38,"TODO(cite): polymer density handbook/default table","settling","settling",0.5,30.03163417,98278.2930032047,135624.044344423,108106.122303525
62,"MBMS_06_22_2of2",0.621650508,TRUE,"poly(ethylene)",5625,206.0660172,104.0569415,54.0569415,1.924950591,0.600731442,958.3333333,5452.777778,950,5425,"confident","510e9bffec216edc3a95873b71be4aa1",0.011176593,147,147,145,1,79.0569415,"<212 µm",22,1,"CRR20240116SS","river water","plastic","sample","Carmel","surface","20240116",2024-01-16,"fragment",104.0569415,54.0569415,"polyethylene",0.94,"TODO(cite): polymer density handbook/default table","buoyant","buoyant",0.5,27.02847075,79605.4173149244,74829.0922760289,87565.9590464168
81,"MBMS_06_24_1of3",0.600499182,TRUE,"poly(esters/ethers/diglycidylethers/terephthalates)s",3125,135.3553391,80.90169944,38.6271243,2.094427191,0.466542161,7940,1820,7925,1800,"confident","8703d79d1baa285d6c44dbe64f636dde",0.010888414,75,77,74,1,59.76441187,"<212 µm",24,1,"SLR20240122SS_1","river water","plastic","sample","San Lorenzo","surface","20240122",2024-01-22,"fragment",80.90169944,38.6271243,"polyester/PET",1.38,"TODO(cite): polymer density handbook/default table","settling","settling",0.5,19.31356215,31601.7421728583,43610.4041985444,34761.9163901441
129,"MBMS_06_24_1of3",0.653307728,TRUE,"polystyrenes (polyphenylethylenes, -methylstyrene)",3750,156.0660172,80.90169944,46.35254916,1.745355992,0.516863141,4420.833333,2070.833333,4400,2050,"confident","ab761c7e7bbf925e1fb9f46cfe6db184",0.010927979,93,94,88,1,63.6271243,"<212 µm",24,1,"SLR20240122SS_1","river water","plastic","sample","San Lorenzo","surface","20240122",2024-01-22,"fragment",80.90169944,46.35254916,"styrenic polymers",1.05,"TODO(cite): polymer density handbook/default table","settling","settling",0.5,23.17627458,45506.5087289159,47781.8341653617,50057.1596018075
41,"MBMS_06_24_1of3",0.606770944,TRUE,"polyhaloolefins (vinylhalides)",2500,100,60.35533906,41.42135624,1.457106781,0.318309886,10037.5,11362.5,10025,11350,"confident","ce43eaf903854eda60513ae15af0248c",0.010953853,69,71,66,1,50.88834765,"<212 µm",24,1,"SLR20240122SS_1","river water","plastic","sample","San Lorenzo","surface","20240122",2024-01-22,"fragment",60.35533906,41.42135624,"halogenated vinyl polymers",1.35,"TODO(cite): polymer density handbook/default table","settling","settling",0.5,20.71067812,27110.2142656692,36598.7892586535,29821.2356922362
74,"MBMS_06_24_1of3",0.616983766,TRUE,"polyhydroxy(meth)acrylates",1250,50,50,25,2,0.159154943,8287.5,11475,8275,11475,"confident","004bac5b535098ec5ee965bb21cb5da4",0.006374828,73,75,72,1,37.5,"<212 µm",24,1,"SLR20240122SS_1","river water","plastic","sample","San Lorenzo","surface","20240122",2024-01-22,"fragment",50,25,"default_fixed_1.10",1.1,"Fallback fixed density retained for unmatched polymer class","settling","settling",0.5,12.5,8181.23086872342,8999.35395559576,8999.35395559576
38,"MBMS_06_24_3of3",0.653214892,TRUE,"polysiloxanes",9375,286.9677166,128.0776406,73.1977881,1.749747417,0.699012503,11096.66667,7661.666667,11075,7625,"confident","498e7e0401fa0dfb0b7f5ab5cca1a75c",0.012425687,120,117,112,1,100.6377144,"<212 µm",24,1,"SLR20240122SS_1","river water","plastic","sample","San Lorenzo","surface","20240122",2024-01-22,"fragment",128.0776406,73.1977881,"silicone polymers",1.05,"TODO(cite): polymer density handbook/default table","settling","settling",0.5,36.59889405,179654.401000055,188637.121050058,197619.841100061
6,"MBMS_06_24_3of3",0.646596757,TRUE,"polyvinylesters",1250,50,50,25,2,0.159154943,13212.5,7625,13200,7625,"confident","a6a9206d7f78649ccbb733f61cbc679b",0.00678493,116,113,108,1,37.5,"<212 µm",24,1,"SLR20240122SS_1","river water","plastic","sample","San Lorenzo","surface","20240122",2024-01-22,"fragment",50,25,"vinyl polymers",1.25,"TODO(cite): polymer density handbook/default table","settling","settling",0.5,12.5,8181.23086872342,10226.5385859043,8999.35395559576
145,"MBMS_06_26_1of3",0.60053056,TRUE,"polymethacrylates",1875,85.35533906,60.35533906,31.06601718,1.942809042,0.309207662,2358.333333,8158.333333,2350,8150,"confident","dce3282f1adc569ca791e892ca3b55a9",0.007954259,88,89,81,1,45.71067812,"<212 µm",26,1,"SLR20240122SD","river water","plastic","sample","San Lorenzo","subsurface","20240122",2024-01-22,"fragment",60.35533906,31.06601718,"acrylic polymers",1.18,"TODO(cite): polymer density handbook/default table","settling","settling",0.5,15.53300859,15249.4955244389,17994.404718838,16774.4450768828
61,"MBMS_06_26_1of3",0.624081425,TRUE,"poly(esters/ethers/diglycidylethers/terephthalates)s",2500,130.9016994,80.90169944,30.90169944,2.618033989,0.545432104,8081.25,8968.75,8100,8950,"confident","f51d435d168125e9210c8734b3a8599a",0.008206364,76,76,68,1,55.90169944,"<212 µm",26,1,"SLR20240122SD","river water","plastic","sample","San Lorenzo","subsurface","20240122",2024-01-22,"fragment",80.90169944,30.90169944,"polyester/PET",1.38,"TODO(cite): polymer density handbook/default table","settling","settling",0.5,15.45084972,20225.1149906293,27910.6586870684,22247.6264896922
36,"MBMS_06_26_1of3",0.61146201,TRUE,"polyhaloolefins (vinylhalides)",2500,100,60.35533906,41.42135624,1.457106781,0.318309886,10012.5,11087.5,10000,11075,"confident","d4c1ecbd8a66d0052968a58a6a7f8b96",0.007731584,74,77,70,1,50.88834765,"<212 µm",26,1,"SLR20240122SD","river water","plastic","sample","San Lorenzo","subsurface","20240122",2024-01-22,"fragment",60.35533906,41.42135624,"halogenated vinyl polymers",1.35,"TODO(cite): polymer density handbook/default table","settling","settling",0.5,20.71067812,27110.2142656692,36598.7892586535,29821.2356922362
138,"MBMS_06_26_1of3",0.614269773,TRUE,"poly(ethylene)",1250,50,50,25,2,0.159154943,2825,11487.5,2825,11475,"confident","caf34cca4abd72124cdc8cdd2b047fa8",0.007854645,81,82,77,1,37.5,"<212 µm",26,1,"SLR20240122SD","river water","plastic","sample","San Lorenzo","subsurface","20240122",2024-01-22,"fragment",50,25,"polyethylene",0.94,"TODO(cite): polymer density handbook/default table","buoyant","buoyant",0.5,12.5,8181.23086872342,7690.35701660001,8999.35395559576
25,"MBMS_06_26_1of3",0.655094959,TRUE,"polystyrenes (polyphenylethylenes, -methylstyrene)",2500,120.7106781,75,33.33333333,2.25,0.463811494,10456.25,12925,10450,12900,"confident","3f8857e035652a184d3b47d89f151207",0.007977638,86,87,81,1,54.16666667,"<212 µm",26,1,"SLR20240122SD","river water","plastic","sample","San Lorenzo","subsurface","20240122",2024-01-22,"fragment",75,33.33333333,"styrenic polymers",1.05,"TODO(cite): polymer density handbook/default table","settling","settling",0.5,16.666666665,21816.6156455658,22907.4464278441,23998.2772101224
17,"MBMS_06_26_2of3",0.644905798,TRUE,"poly(ethylene)",1250,50,50,25,2,0.159154943,10862.5,5175,10850,5175,"confident","c49a873061d4eaa77e62890c107ee281",0.006906576,130,131,125,1,37.5,"<212 µm",26,1,"SLR20240122SD","river water","plastic","sample","San Lorenzo","subsurface","20240122",2024-01-22,"fragment",50,25,"polyethylene",0.94,"TODO(cite): polymer density handbook/default table","buoyant","buoyant",0.5,12.5,8181.23086872342,7690.35701660001,8999.35395559576
40,"MBMS_06_26_2of3",0.627060703,TRUE,"poly(propylene)",6250,220.7106781,104.0569415,60.06326834,1.732455532,0.62023577,8587.5,6620,8550,6600,"confident","14ae91ad5b5b49ab9b21b7aaa2b46c65",0.007787931,146,147,151,1,82.06010492,"<212 µm",26,1,"SLR20240122SD","river water","plastic","sample","San Lorenzo","subsurface","20240122",2024-01-22,"fragment",104.0569415,60.06326834,"polypropylene",0.9,"TODO(cite): polymer density handbook/default table","buoyant","buoyant",0.5,30.03163417,98278.2930032047,88450.4637028843,108106.122303525
105,"MBMS_06_26_2of3",0.635038953,TRUE,"poly(esters/ethers/diglycidylethers/terephthalates)s",1250,50,50,25,2,0.159154943,3325,12237.5,3325,12225,"confident","292e7bad06c6242c4ea27fbdc7d1b39e",0.007095341,128,128,120,1,37.5,"<212 µm",26,1,"SLR20240122SD","river water","plastic","sample","San Lorenzo","subsurface","20240122",2024-01-22,"fragment",50,25,"polyester/PET",1.38,"TODO(cite): polymer density handbook/default table","settling","settling",0.5,12.5,8181.23086872342,11290.0985988383,8999.35395559576
61,"MBMS_06_26_2of3",0.606774704,TRUE,"poly(esters/ethers/diglycidylethers/terephthalates)s",2500,100,60.35533906,41.42135624,1.457106781,0.318309886,7112.5,12637.5,7100,12625,"confident","f51d435d168125e9210c8734b3a8599a",0.008021543,115,115,113,1,50.88834765,"<212 µm",26,1,"SLR20240122SD","river water","plastic","sample","San Lorenzo","subsurface","20240122",2024-01-22,"fragment",60.35533906,41.42135624,"polyester/PET",1.38,"TODO(cite): polymer density handbook/default table","settling","settling",0.5,20.71067812,27110.2142656692,37412.0956866236,29821.2356922362
16,"MBMS_06_26_3of3",0.601503344,TRUE,"polyurethanes (isocyanates)",3750,150,80.90169944,46.35254916,1.745355992,0.477464829,8612.5,1775,8600,1750,"confident","88fe35cbb87de663d3c00287696dc84b",0.008885049,125,130,126,1,63.6271243,"<212 µm",26,1,"SLR20240122SD","river water","plastic","sample","San Lorenzo","subsurface","20240122",2024-01-22,"fragment",80.90169944,46.35254916,"polyurethane",1.2,"TODO(cite): polymer density handbook/default table","settling","settling",0.5,23.17627458,45506.5087289159,54607.8104746991,50057.1596018075
64,"MBMS_06_26_3of3",0.615624586,TRUE,"polyimides",10000,301.6123776,136.8033989,73.09759905,1.871516994,0.723916468,2901.5625,3367.1875,2875,3325,"confident","17f305795f332a761f9f1081e22885ab",0.014464778,129,129,129,1,104.950499,"<212 µm",26,1,"SLR20240122SD","river water","plastic","sample","San Lorenzo","subsurface","20240122",2024-01-22,"fragment",136.8033989,73.09759905,"default_fixed_1.10",1.1,"Fallback fixed density retained for unmatched polymer class","settling","settling",0.5,36.548799525,191369.066836897,210505.973520587,210505.973520587
82,"MBMS_06_26_3of3",0.631445941,TRUE,"polystyrenes (polyphenylethylenes, -methylstyrene)",3750,150,80.90169944,46.35254916,1.745355992,0.477464829,812.5,4775,800,4750,"confident","3f8857e035652a184d3b47d89f151207",0.007710508,130,130,122,1,63.6271243,"<212 µm",26,1,"SLR20240122SD","river water","plastic","sample","San Lorenzo","subsurface","20240122",2024-01-22,"fragment",80.90169944,46.35254916,"styrenic polymers",1.05,"TODO(cite): polymer density handbook/default table","settling","settling",0.5,23.17627458,45506.5087289159,47781.8341653617,50057.1596018075
4,"MBMS_06_26_3of3",0.603935367,TRUE,"poly(propylene)",2500,100,60.35533906,41.42135624,1.457106781,0.318309886,10462.5,5037.5,10450,5025,"confident","95d922e258e68158e16ad7c14c69917d",0.007486253,99,100,95,1,50.88834765,"<212 µm",26,1,"SLR20240122SD","river water","plastic","sample","San Lorenzo","subsurface","20240122",2024-01-22,"fragment",60.35533906,41.42135624,"polypropylene",0.9,"TODO(cite): polymer density handbook/default table","buoyant","buoyant",0.5,20.71067812,27110.2142656692,24399.1928391023,29821.2356922362
90,"MBMS_06_28_AQ1",0.633108775,TRUE,"polymethacrylates",3125,141.4213562,75,41.66666667,1.8,0.509295818,9650,2100,9650,2075,"confident","5b4e8d2da156f18ca7a545d2b93a4a12",0.008841464,108,109,111,1,58.33333333,"<212 µm",28,0.6,"SLR20240122SS_2","river water","plastic","sample","San Lorenzo","surface","20240122",2024-01-22,"fragment",75,41.66666667,"acrylic polymers",1.18,"TODO(cite): polymer density handbook/default table","settling","settling",0.5,20.833333335,34088.4619584684,40224.3851109927,37497.3081543152
257,"MBMS_06_28_AQ1",0.610077303,TRUE,"polyhaloolefins (vinylhalides)",2500,120.7106781,75,33.33333333,2.25,0.463811494,4318.75,2475,4325,2450,"confident","205189c66fd58a74b44b874add35a63d",0.007959989,119,119,119,1,54.16666667,"<212 µm",28,0.6,"SLR20240122SS_2","river water","plastic","sample","San Lorenzo","surface","20240122",2024-01-22,"fragment",75,33.33333333,"halogenated vinyl polymers",1.35,"TODO(cite): polymer density handbook/default table","settling","settling",0.5,16.666666665,21816.6156455658,29452.4311215138,23998.2772101224
24,"MBMS_06_28_AQ1",0.63454426,TRUE,"polymethacrylates",7500,250,115.1387819,65.13878189,1.767591879,0.663145596,12175,4762.5,12150,4725,"confident","5b4e8d2da156f18ca7a545d2b93a4a12",0.012306787,107,108,113,1,90.13878189,"<212 µm",28,0.6,"SLR20240122SS_2","river water","plastic","sample","San Lorenzo","surface","20240122",2024-01-22,"fragment",115.1387819,65.13878189,"acrylic polymers",1.18,"TODO(cite): polymer density handbook/default table","settling","settling",0.5,32.569390945,127899.699177444,150921.645029384,140689.669095189
172,"MBMS_06_28_AQ1",0.651403874,TRUE,"poly(esters/ethers/diglycidylethers/terephthalates)s",2500,100,60.35533906,41.42135624,1.457106781,0.318309886,7137.5,5362.5,7125,5350,"confident","88af9222909193e48b9ecab5646c5cab",0.008197349,147,146,141,1,50.88834765,"<212 µm",28,0.6,"SLR20240122SS_2","river water","plastic","sample","San Lorenzo","surface","20240122",2024-01-22,"fragment",60.35533906,41.42135624,"polyester/PET",1.38,"TODO(cite): polymer density handbook/default table","settling","settling",0.5,20.71067812,27110.2142656692,37412.0956866236,29821.2356922362
314,"MBMS_06_28_AQ1",0.604961389,TRUE,"poly(esters/ethers/diglycidylethers/terephthalates)s",3750,150,80.90169944,46.35254916,1.745355992,0.477464829,1900,9262.5,1875,9250,"confident","f51d435d168125e9210c8734b3a8599a",0.008750818,129,131,130,1,63.6271243,"<212 µm",28,0.6,"SLR20240122SS_2","river water","plastic","sample","San Lorenzo","surface","20240122",2024-01-22,"fragment",80.90169944,46.35254916,"polyester/PET",1.38,"TODO(cite): polymer density handbook/default table","settling","settling",0.5,23.17627458,45506.5087289159,62798.9820459039,50057.1596018075
15,"MBMS_06_28_AQ1",0.659592216,TRUE,"polystyrenes (polyphenylethylenes, -methylstyrene)",1875,85.35533906,60.35533906,31.06601718,1.942809042,0.309207662,12833.33333,9891.666667,12825,9875,"confident","3f8857e035652a184d3b47d89f151207",0.007040483,107,106,104,1,45.71067812,"<212 µm",28,0.6,"SLR20240122SS_2","river water","plastic","sample","San Lorenzo","surface","20240122",2024-01-22,"fragment",60.35533906,31.06601718,"styrenic polymers",1.05,"TODO(cite): polymer density handbook/default table","settling","settling",0.5,15.53300859,15249.4955244389,16011.9703006609,16774.4450768828
250,"MBMS_06_28_AQ1",0.65363776,TRUE,"poly(acrylamide/amid)s",6875,236.9677166,104.0569415,66.06959517,1.574959575,0.649973725,4388.636364,11034.09091,4375,11000,"confident","ce7dfdf9721d555f17ea219d7f945e33",0.010206234,110,111,105,1,85.06326834,"<212 µm",28,0.6,"SLR20240122SS_2","river water","plastic","sample","San Lorenzo","surface","20240122",2024-01-22,"fragment",104.0569415,66.06959517,"polyamide/acrylamide",1.14,"TODO(cite): polymer density handbook/default table","settling","settling",0.5,33.034797585,118916.734519479,135565.077352206,130808.407971427
87,"MBMS_06_28_AQ1",0.627408044,TRUE,"poly(ethylene)",20625,469.4989969,192.7050983,107.0288237,1.800497208,0.850482763,9784.848485,11673.48485,9750,11600,"confident","f2ca3772fd8941c0d63423017f7eed37",0.011494692,134,140,140,1,149.866961,"<212 µm",28,0.6,"SLR20240122SS_2","river water","plastic","sample","San Lorenzo","surface","20240122",2024-01-22,"fragment",192.7050983,107.0288237,"polyethylene",0.94,"TODO(cite): polymer density handbook/default table","buoyant","buoyant",0.5,53.51441185,577914.160533426,543239.310901421,635705.576586769
210,"MBMS_06_28_AQ1",0.652095344,TRUE,"poly(acrylamide/amid)s",13750,462.1320344,220.2562419,62.4272887,3.528204516,1.236003175,5800,12300,5825,12225,"confident","798c6cdb451bebea4788e00a1bb14523",0.010760569,108,107,102,1,141.3417653,"<212 µm",28,0.6,"SLR20240122SS_2","river water","plastic","sample","San Lorenzo","surface","20240122",2024-01-22,"fiber",220.2562419,62.4272887,"polyamide/acrylamide",1.14,"TODO(cite): polymer density handbook/default table","settling","settling",0.286474508437567,17.8838268434226,674166.321051737,768549.60599898,741582.953156911
123,"MBMS_06_28_AQ2",0.652767356,TRUE,"poly(tetrafluoroethylene)",6875,241.4213562,125,55,2.272727273,0.6746349,7475,3250,7450,3225,"confident","05937a8e85c8ae3be73fbb966596d31b",0.012976705,120,121,116,1,90,"<212 µm",28,0.6,"SLR20240122SS_2","river water","plastic","sample","San Lorenzo","surface","20240122",2024-01-22,"fragment",125,55,"PTFE",2.2,"TODO(cite): polymer density handbook/default table","settling","settling",0.5,27.5,98992.8935115534,217784.365725417,108892.182862709
171,"MBMS_06_28_AQ2",0.609094073,TRUE,"poly(propylene)",3750,150,80.90169944,46.35254916,1.745355992,0.477464829,6100,5012.5,6075,5000,"confident","e340e1f54ccaca2097ee6edc316db1b5",0.010320582,113,114,108,1,63.6271243,"<212 µm",28,0.6,"SLR20240122SS_2","river water","plastic","sample","San Lorenzo","surface","20240122",2024-01-22,"fragment",80.90169944,46.35254916,"polypropylene",0.9,"TODO(cite): polymer density handbook/default table","buoyant","buoyant",0.5,23.17627458,45506.5087289159,40955.8578560243,50057.1596018075
97,"MBMS_06_28_AQ2",0.647888344,TRUE,"poly(propylene)",10000,326.7766953,166.4213562,60.08844193,2.769606781,0.849752183,8245.3125,7204.6875,8200,7150,"confident","65c63f6893bc69eb258cbe46650d8834",0.011098517,92,93,87,1,113.2548991,"<212 µm",28,0.6,"SLR20240122SS_2","river water","plastic","sample","San Lorenzo","surface","20240122",2024-01-22,"fragment",166.4213562,60.08844193,"polypropylene",0.9,"TODO(cite): polymer density handbook/default table","buoyant","buoyant",0.5,30.044220965,157311.173078311,141580.05577048,173042.290386142
188,"MBMS_06_28_AQ2",0.651878893,TRUE,"polyvinylethers",4375,170.7106781,80.90169944,54.07797402,1.496019422,0.530070278,5350,8557.142857,5350,8525,"confident","bae0fd4bda919e73f39f188ff7e08b2a",0.009377348,71,72,66,1,67.48983673,"<212 µm",28,0.6,"SLR20240122SS_2","river water","plastic","sample","San Lorenzo","surface","20240122",2024-01-22,"fragment",80.90169944,54.07797402,"vinyl polymers",1.25,"TODO(cite): polymer density handbook/default table","settling","settling",0.5,27.03898701,61939.4146588022,77424.2683235027,68133.3561246824
212,"MBMS_06_28_AQ2",0.600279519,TRUE,"poly(esters/ethers/diglycidylethers/terephthalates)s",2500,120.7106781,75,33.33333333,2.25,0.463811494,4500,9093.75,4500,9075,"confident","a8e80e05bb7c4bbae7064280ba7aa5bc",0.007447252,115,117,114,1,54.16666667,"<212 µm",28,0.6,"SLR20240122SS_2","river water","plastic","sample","San Lorenzo","surface","20240122",2024-01-22,"fragment",75,33.33333333,"polyester/PET",1.38,"TODO(cite): polymer density handbook/default table","settling","settling",0.5,16.666666665,21816.6156455658,30106.9295908808,23998.2772101224
90,"MBMS_06_28_AQ2",0.603515725,TRUE,"poly(esters/ethers/diglycidylethers/terephthalates)s",3750,150,80.90169944,46.35254916,1.745355992,0.477464829,8500,9412.5,8475,9400,"confident","e6f7f2a05aad692211bc50f75f1e0f50",0.009478769,107,108,103,1,63.6271243,"<212 µm",28,0.6,"SLR20240122SS_2","river water","plastic","sample","San Lorenzo","surface","20240122",2024-01-22,"fragment",80.90169944,46.35254916,"polyester/PET",1.38,"TODO(cite): polymer density handbook/default table","settling","settling",0.5,23.17627458,45506.5087289159,62798.9820459039,50057.1596018075
96,"MBMS_06_28_AQ32",0.622976058,TRUE,"cellulose derivatives (ether cellulose)",4375,170.7106781,80.90169944,54.07797402,1.496019422,0.530070278,6567.857143,2500,6550,2475,"confident","2a8f1ac9ee6985c806f2b7efb83b005b",0.008594143,145,145,147,1,67.48983673,"<212 µm",28,0.6,"SLR20240122SS_2","river water","plastic","sample","San Lorenzo","surface","20240122",2024-01-22,"fragment",80.90169944,54.07797402,"cellulose derivatives",1.5,"TODO(cite): polymer density handbook/default table","settling","settling",0.5,27.03898701,61939.4146588022,92909.1219882033,68133.3561246824
138,"MBMS_06_28_AQ32",0.651683722,TRUE,"poly(acrylamide/amid)s",6250,220.7106781,115.1387819,54.28231824,2.121110255,0.62023577,3025,5187.5,3025,5150,"confident","798c6cdb451bebea4788e00a1bb14523",0.00970448,101,103,102,1,84.71055006,"<212 µm",28,0.6,"SLR20240122SS_2","river water","plastic","sample","San Lorenzo","surface","20240122",2024-01-22,"fragment",115.1387819,54.28231824,"polyamide/acrylamide",1.14,"TODO(cite): polymer density handbook/default table","settling","settling",0.5,27.14115912,88819.2355344377,101253.928509259,97701.1590878815
9,"MBMS_06_28_AQ32",0.623554824,TRUE,"poly(esters/ethers/diglycidylethers/terephthalates)s",3125,135.3553391,80.90169944,38.6271243,2.094427191,0.466542161,12390,5530,12400,5500,"confident","f51d435d168125e9210c8734b3a8599a",0.008443727,77,76,72,1,59.76441187,"<212 µm",28,0.6,"SLR20240122SS_2","river water","plastic","sample","San Lorenzo","surface","20240122",2024-01-22,"fragment",80.90169944,38.6271243,"polyester/PET",1.38,"TODO(cite): polymer density handbook/default table","settling","settling",0.5,19.31356215,31601.7421728583,43610.4041985444,34761.9163901441
145,"MBMS_06_28_AQ32",0.649715454,TRUE,"poly(acrylamide/amid)s",3750,156.0660172,80.90169944,46.35254916,1.745355992,0.516863141,2420.833333,7695.833333,2400,7675,"confident","798c6cdb451bebea4788e00a1bb14523",0.007227654,116,118,115,1,63.6271243,"<212 µm",28,0.6,"SLR20240122SS_2","river water","plastic","sample","San Lorenzo","surface","20240122",2024-01-22,"fragment",80.90169944,46.35254916,"polyamide/acrylamide",1.14,"TODO(cite): polymer density handbook/default table","settling","settling",0.5,23.17627458,45506.5087289159,51877.4199509641,50057.1596018075
121,"MBMS_06_28_AQ32",0.658538198,TRUE,"poly(esters/ethers/diglycidylethers/terephthalates)s",5625,206.0660172,104.0569415,54.0569415,1.924950591,0.600731442,4616.666667,12252.77778,4600,12225,"confident","f51d435d168125e9210c8734b3a8599a",0.008954874,109,108,104,1,79.0569415,"<212 µm",28,0.6,"SLR20240122SS_2","river water","plastic","sample","San Lorenzo","surface","20240122",2024-01-22,"fragment",104.0569415,54.0569415,"polyester/PET",1.38,"TODO(cite): polymer density handbook/default table","settling","settling",0.5,27.02847075,79605.4173149244,109855.475894596,87565.9590464168
181,"MBMS_06_32_2of3",0.6531016,TRUE,"poly(propylene)",6875,266.0246581,128.0776406,53.67837794,2.386019205,0.819145823,3072.727273,8261.363636,3100,8225,"confident","bcb40504cf8b407c30501788e871f73a",0.0087744,76,77,71,1,90.87800929,"<212 µm",32,1,"PRR20240123SS","river water","plastic","sample","Pajaro","surface","20240123",2024-01-23,"fragment",128.0776406,53.67837794,"polypropylene",0.9,"TODO(cite): polymer density handbook/default table","buoyant","buoyant",0.5,26.83918897,96614.1445378076,86952.7300840269,106275.558991588
325,"MBMS_06_32_3of3",0.650437165,TRUE,"ethylene-vinyl acetate",3125,135.3553391,80.90169944,38.6271243,2.094427191,0.466542161,7690,1705,7700,1675,"confident","bfbbd3e22e8c2563857b6c17e8cebec9",0.007287486,107,107,107,1,59.76441187,"<212 µm",32,1,"PRR20240123SS","river water","plastic","sample","Pajaro","surface","20240123",2024-01-23,"fragment",80.90169944,38.6271243,"default_fixed_1.10",1.1,"Fallback fixed density retained for unmatched polymer class","settling","settling",0.5,19.31356215,31601.7421728583,34761.9163901441,34761.9163901441
339,"MBMS_06_32_3of3",0.657919809,TRUE,"poly(acrylamide/amid)s",3750,150,80.90169944,46.35254916,1.745355992,0.477464829,7500,1812.5,7475,1800,"confident","5ec431b73b0bc9f29f5702d5e4066224",0.010817964,94,95,90,1,63.6271243,"<212 µm",32,1,"PRR20240123SS","river water","plastic","sample","Pajaro","surface","20240123",2024-01-23,"fragment",80.90169944,46.35254916,"polyamide/acrylamide",1.14,"TODO(cite): polymer density handbook/default table","settling","settling",0.5,23.17627458,45506.5087289159,51877.4199509641,50057.1596018075
292,"MBMS_06_32_3of3",0.643064904,TRUE,"poly(acrylamide/amid)s",1875,85.35533906,60.35533906,31.06601718,1.942809042,0.309207662,8191.666667,2491.666667,8200,2475,"confident","0cbf3fb26f73d85fd1d678a4aade4492",0.006618684,78,79,74,1,45.71067812,"<212 µm",32,1,"PRR20240123SS","river water","plastic","sample","Pajaro","surface","20240123",2024-01-23,"fragment",60.35533906,31.06601718,"polyamide/acrylamide",1.14,"TODO(cite): polymer density handbook/default table","settling","settling",0.5,15.53300859,15249.4955244389,17384.4248978604,16774.4450768828
629,"MBMS_06_32_3of3",0.648104214,TRUE,"poly(propylene)",3750,156.0660172,80.90169944,46.35254916,1.745355992,0.516863141,2245.833333,7395.833333,2225,7375,"confident","95d922e258e68158e16ad7c14c69917d",0.007382114,78,79,73,1,63.6271243,"<212 µm",32,1,"PRR20240123SS","river water","plastic","sample","Pajaro","surface","20240123",2024-01-23,"fragment",80.90169944,46.35254916,"polypropylene",0.9,"TODO(cite): polymer density handbook/default table","buoyant","buoyant",0.5,23.17627458,45506.5087289159,40955.8578560243,50057.1596018075
272,"MBMS_06_32_3of3",0.624633774,TRUE,"poly(propylene)",5625,206.0660172,104.0569415,54.0569415,1.924950591,0.600731442,8422.222222,7583.333333,8400,7550,"confident","d43a1b3f4562cfa2e656f11e25f548ca",0.008907793,82,82,80,1,79.0569415,"<212 µm",32,1,"PRR20240123SS","river water","plastic","sample","Pajaro","surface","20240123",2024-01-23,"fragment",104.0569415,54.0569415,"polypropylene",0.9,"TODO(cite): polymer density handbook/default table","buoyant","buoyant",0.5,27.02847075,79605.4173149244,71644.8755834319,87565.9590464168
506,"MBMS_06_32_3of3",0.659496496,TRUE,"poly(esters/ethers/diglycidylethers/terephthalates)s",1250,50,50,25,2,0.159154943,4750,7962.5,4750,7950,"confident","f51d435d168125e9210c8734b3a8599a",0.00666142,71,71,71,1,37.5,"<212 µm",32,1,"PRR20240123SS","river water","plastic","sample","Pajaro","surface","20240123",2024-01-23,"fragment",50,25,"polyester/PET",1.38,"TODO(cite): polymer density handbook/default table","settling","settling",0.5,12.5,8181.23086872342,11290.0985988383,8999.35395559576
455,"MBMS_06_32_3of3",0.652940827,TRUE,"poly(acrylamide/amid)s",1875,85.35533906,60.35533906,31.06601718,1.942809042,0.309207662,5758.333333,9891.666667,5750,9875,"confident","798c6cdb451bebea4788e00a1bb14523",0.007850124,100,100,98,1,45.71067812,"<212 µm",32,1,"PRR20240123SS","river water","plastic","sample","Pajaro","surface","20240123",2024-01-23,"fragment",60.35533906,31.06601718,"polyamide/acrylamide",1.14,"TODO(cite): polymer density handbook/default table","settling","settling",0.5,15.53300859,15249.4955244389,17384.4248978604,16774.4450768828
425,"MBMS_06_32_3of3",0.621149034,TRUE,"polyurethanes (isocyanates)",15000,376.7766953,159.6291202,93.9678173,1.698763734,0.753124788,6241.666667,12078.125,6225,12025,"confident","c75c5cfbc83558b5ec940ffc9763d100",0.01214406,55,52,47,1,126.7984687,"<212 µm",32,1,"PRR20240123SS","river water","plastic","sample","Pajaro","surface","20240123",2024-01-23,"fragment",159.6291202,93.9678173,"polyurethane",1.2,"TODO(cite): polymer density handbook/default table","settling","settling",0.5,46.98390865,369010.755696185,442812.906835422,405911.831265803
294,"MBMS_06_34_1of3",0.656226954,TRUE,"poly(acrylamide/amid)s",5000,200,104.0569415,48.05061467,2.165569415,0.636619772,6362.5,4387.5,6325,4375,"confident","04f9ea3185f41be37f533edb8de63a3e",0.007808042,80,80,72,1,76.05377809,"<212 µm",34,1,"PRR20240123SD","river water","plastic","sample","Pajaro","subsurface","20240123",2024-01-23,"fragment",104.0569415,48.05061467,"polyamide/acrylamide",1.14,"TODO(cite): polymer density handbook/default table","settling","settling",0.5,24.025307335,62898.107516815,71703.8425691692,69187.9182684966
265,"MBMS_06_34_1of3",0.636165211,TRUE,"polystyrenes (polyphenylethylenes, -methylstyrene)",2500,100,60.35533906,41.42135624,1.457106781,0.318309886,6912.5,5787.5,6900,5775,"confident","3f8857e035652a184d3b47d89f151207",0.006997344,84,83,81,1,50.88834765,"<212 µm",34,1,"PRR20240123SD","river water","plastic","sample","Pajaro","subsurface","20240123",2024-01-23,"fragment",60.35533906,41.42135624,"styrenic polymers",1.05,"TODO(cite): polymer density handbook/default table","settling","settling",0.5,20.71067812,27110.2142656692,28465.7249789527,29821.2356922362
59,"MBMS_06_34_1of3",0.635310657,TRUE,"polystyrenes (polyphenylethylenes, -methylstyrene)",5625,206.0660172,104.0569415,54.0569415,1.924950591,0.600731442,11227.77778,5983.333333,11225,5950,"confident","a748547e663232d317d82ae7032e44f1",0.008138265,76,75,71,1,79.0569415,"<212 µm",34,1,"PRR20240123SD","river water","plastic","sample","Pajaro","subsurface","20240123",2024-01-23,"fragment",104.0569415,54.0569415,"styrenic polymers",1.05,"TODO(cite): polymer density handbook/default table","settling","settling",0.5,27.02847075,79605.4173149244,83585.6881806706,87565.9590464168
4,"MBMS_06_34_1of3",0.658577311,TRUE,"poly(acrylamide/amid)s",3750,150,80.90169944,46.35254916,1.745355992,0.477464829,13262.5,6300,13250,6275,"confident","d39399b1e8d61804f614116690368cb5",0.010073068,70,69,64,1,63.6271243,"<212 µm",34,1,"PRR20240123SD","river water","plastic","sample","Pajaro","subsurface","20240123",2024-01-23,"fragment",80.90169944,46.35254916,"polyamide/acrylamide",1.14,"TODO(cite): polymer density handbook/default table","settling","settling",0.5,23.17627458,45506.5087289159,51877.4199509641,50057.1596018075
150,"MBMS_06_34_1of3",0.658742606,TRUE,"poly(acrylamide/amid)s",1250,50,50,25,2,0.159154943,9175,6662.5,9175,6650,"confident","798c6cdb451bebea4788e00a1bb14523",0.006702327,80,80,72,1,37.5,"<212 µm",34,1,"PRR20240123SD","river water","plastic","sample","Pajaro","subsurface","20240123",2024-01-23,"fragment",50,25,"polyamide/acrylamide",1.14,"TODO(cite): polymer density handbook/default table","settling","settling",0.5,12.5,8181.23086872342,9326.6031903447,8999.35395559576
260,"MBMS_06_34_1of3",0.656098972,TRUE,"poly(acrylamide/amid)s",14375,372.3230557,159.6291202,90.05249158,1.772623027,0.767400615,7021.73913,6955.434783,7000,6900,"confident","f5bf7f1fae4474135474eb72341fd5c6",0.014111932,130,103,96,1,124.8408059,"<212 µm",34,1,"PRR20240123SD","river water","plastic","sample","Pajaro","subsurface","20240123",2024-01-23,"fragment",159.6291202,90.05249158,"polyamide/acrylamide",1.14,"TODO(cite): polymer density handbook/default table","settling","settling",0.5,45.02624579,338900.503067525,386346.573496979,372790.553374278
103,"MBMS_06_34_1of3",0.656378289,TRUE,"poly(acrylamide/amid)s",10625,306.0660172,136.8033989,77.66619899,1.761427759,0.701602974,10152.94118,7439.705882,10125,7400,"confident","f5bf7f1fae4474135474eb72341fd5c6",0.01466589,68,67,62,1,107.2347989,"<212 µm",34,1,"PRR20240123SD","river water","plastic","sample","Pajaro","subsurface","20240123",2024-01-23,"fragment",136.8033989,77.66619899,"polyamide/acrylamide",1.14,"TODO(cite): polymer density handbook/default table","settling","settling",0.5,38.833099495,216037.735605364,246283.018590114,237641.5091659
452,"MBMS_06_34_1of3",0.646208977,TRUE,"polystyrenes (polyphenylethylenes, -methylstyrene)",2500,100,60.35533906,41.42135624,1.457106781,0.318309886,3237.5,7587.5,3225,7575,"confident","ab761c7e7bbf925e1fb9f46cfe6db184",0.007697408,72,71,66,1,50.88834765,"<212 µm",34,1,"PRR20240123SD","river water","plastic","sample","Pajaro","subsurface","20240123",2024-01-23,"fragment",60.35533906,41.42135624,"styrenic polymers",1.05,"TODO(cite): polymer density handbook/default table","settling","settling",0.5,20.71067812,27110.2142656692,28465.7249789527,29821.2356922362
449,"MBMS_06_34_1of3",0.651911243,TRUE,"poly(acrylamide/amid)s",6250,264.4122806,136.8033989,45.68599941,2.994427191,0.890170838,3285,8185,3300,8125,"confident","798c6cdb451bebea4788e00a1bb14523",0.009597332,87,83,80,1,91.24469914,"<212 µm",34,1,"PRR20240123SD","river water","plastic","sample","Pajaro","subsurface","20240123",2024-01-23,"fragment",136.8033989,45.68599941,"polyamide/acrylamide",1.14,"TODO(cite): polymer density handbook/default table","settling","settling",0.5,22.842999705,74753.5417454347,85219.0375897955,82228.8959199782
6,"MBMS_06_34_1of3",0.625788375,TRUE,"polystyrenes (polyphenylethylenes, -methylstyrene)",3750,150,80.90169944,46.35254916,1.745355992,0.477464829,13212.5,9100,13200,9075,"confident","ab761c7e7bbf925e1fb9f46cfe6db184",0.008207372,86,85,80,1,63.6271243,"<212 µm",34,1,"PRR20240123SD","river water","plastic","sample","Pajaro","subsurface","20240123",2024-01-23,"fragment",80.90169944,46.35254916,"styrenic polymers",1.05,"TODO(cite): polymer density handbook/default table","settling","settling",0.5,23.17627458,45506.5087289159,47781.8341653617,50057.1596018075
144,"MBMS_06_34_1of3",0.652662807,TRUE,"poly(propylene)",7500,262.1320344,125,60,2.083333333,0.729069732,9250,9645.833333,9250,9600,"confident","e58b30f5cf6c4238c187f7fd5f8c5f2f",0.0107206,77,74,65,1,92.5,"<212 µm",34,1,"PRR20240123SD","river water","plastic","sample","Pajaro","subsurface","20240123",2024-01-23,"fragment",125,60,"polypropylene",0.9,"TODO(cite): polymer density handbook/default table","buoyant","buoyant",0.5,30,117809.724509617,106028.752058656,129590.696960579
105,"MBMS_06_34_1of3",0.650689625,TRUE,"poly(acrylamide/amid)s",13125,356.0660172,159.6291202,82.22184013,1.941444267,0.768691144,10090.47619,10560.71429,10050,10525,"confident","f5bf7f1fae4474135474eb72341fd5c6",0.015960207,126,123,116,1,120.9254802,"<212 µm",34,1,"PRR20240123SD","river water","plastic","sample","Pajaro","subsurface","20240123",2024-01-23,"fragment",159.6291202,82.22184013,"polyamide/acrylamide",1.14,"TODO(cite): polymer density handbook/default table","settling","settling",0.5,41.110920065,282523.85977835,322077.200147319,310776.245756185
473,"MBMS_06_34_1of3",0.648268116,TRUE,"polystyrenes (polyphenylethylenes, -methylstyrene)",10000,291.4213562,128.0776406,78.07764064,1.640388203,0.675822873,2712.5,11600,2700,11550,"confident","3f8857e035652a184d3b47d89f151207",0.012470825,77,74,69,1,103.0776406,"<212 µm",34,1,"PRR20240123SD","river water","plastic","sample","Pajaro","subsurface","20240123",2024-01-23,"fragment",128.0776406,78.07764064,"styrenic polymers",1.05,"TODO(cite): polymer density handbook/default table","settling","settling",0.5,39.03882032,204406.785137841,214627.124394733,224847.463651625
234,"MBMS_06_34_1of3",0.655834238,TRUE,"poly(acrylamide/amid)s",6875,235.3553391,115.1387819,59.71055006,1.92828205,0.641158705,7615.909091,11897.72727,7575,11875,"confident","8812b04bf170b7c9b291d717c4ef5e28",0.013263333,117,117,109,1,87.42466597,"<212 µm",34,1,"PRR20240123SD","river water","plastic","sample","Pajaro","subsurface","20240123",2024-01-23,"fragment",115.1387819,59.71055006,"polyamide/acrylamide",1.14,"TODO(cite): polymer density handbook/default table","settling","settling",0.5,29.85527503,107471.274982271,122517.253479789,118218.402480498
70,"MBMS_06_34_1of3",0.624510185,TRUE,"poly(esters/ethers/diglycidylethers/terephthalates)s",1250,50,50,25,2,0.159154943,10925,12287.5,10925,12275,"confident","e06a1d45898bb4823c7f6cacb3ef7f6e",0.006451293,88,88,86,1,37.5,"<212 µm",34,1,"PRR20240123SD","river water","plastic","sample","Pajaro","subsurface","20240123",2024-01-23,"fragment",50,25,"polyester/PET",1.38,"TODO(cite): polymer density handbook/default table","settling","settling",0.5,12.5,8181.23086872342,11290.0985988383,8999.35395559576
92,"MBMS_06_34_1of3",0.629377816,TRUE,"poly(acrylamide/amid)s",1250,50,50,25,2,0.159154943,10400,12337.5,10400,12325,"confident","798c6cdb451bebea4788e00a1bb14523",0.006272044,90,89,85,1,37.5,"<212 µm",34,1,"PRR20240123SD","river water","plastic","sample","Pajaro","subsurface","20240123",2024-01-23,"fragment",50,25,"polyamide/acrylamide",1.14,"TODO(cite): polymer density handbook/default table","settling","settling",0.5,12.5,8181.23086872342,9326.6031903447,8999.35395559576
368,"MBMS_06_34_2of3",0.643306176,TRUE,"polystyrenes (polyphenylethylenes, -methylstyrene)",4375,170.7106781,80.90169944,54.07797402,1.496019422,0.530070278,8025,1682.142857,8025,1650,"confident","9ee618a233135f879c03c782844b7a8e",0.008825954,125,127,126,1,67.48983673,"<212 µm",34,1,"PRR20240123SD","river water","plastic","sample","Pajaro","subsurface","20240123",2024-01-23,"fragment",80.90169944,54.07797402,"styrenic polymers",1.05,"TODO(cite): polymer density handbook/default table","settling","settling",0.5,27.03898701,61939.4146588022,65036.3853917423,68133.3561246824
466,"MBMS_06_34_2of3",0.649508292,TRUE,"poly(propylene)",6875,235.3553391,115.1387819,59.71055006,1.92828205,0.641158705,6859.090909,1727.272727,6825,1700,"confident","bcb40504cf8b407c30501788e871f73a",0.010308734,108,107,103,1,87.42466597,"<212 µm",34,1,"PRR20240123SD","river water","plastic","sample","Pajaro","subsurface","20240123",2024-01-23,"fragment",115.1387819,59.71055006,"polypropylene",0.9,"TODO(cite): polymer density handbook/default table","buoyant","buoyant",0.5,29.85527503,107471.274982271,96724.1474840436,118218.402480498
157,"MBMS_06_34_2of3",0.658219215,TRUE,"poly(esters/ethers/diglycidylethers/terephthalates)s",32500,591.1889759,226.5564437,143.4521105,1.579317606,0.855774673,10635.57692,2668.75,10650,2575,"confident","e06a1d45898bb4823c7f6cacb3ef7f6e",0.033751378,150,149,144,1,185.0042771,"<212 µm",34,1,"PRR20240123SD","river water","plastic","sample","Pajaro","subsurface","20240123",2024-01-23,"fragment",226.5564437,143.4521105,"polyester/PET",1.38,"TODO(cite): polymer density handbook/default table","settling","settling",0.5,71.72605525,1220559.42784538,1684372.01042663,1342615.37062992
437,"MBMS_06_34_2of3",0.659578785,TRUE,"poly(ethylene)",5625,206.0660172,104.0569415,54.0569415,1.924950591,0.600731442,7272.222222,2858.333333,7250,2825,"confident","c7392b0f56028ac31939b81fce56114a",0.009397663,77,79,78,1,79.0569415,"<212 µm",34,1,"PRR20240123SD","river water","plastic","sample","Pajaro","subsurface","20240123",2024-01-23,"fragment",104.0569415,54.0569415,"polyethylene",0.94,"TODO(cite): polymer density handbook/default table","buoyant","buoyant",0.5,27.02847075,79605.4173149244,74829.0922760289,87565.9590464168
146,"MBMS_06_34_2of3",0.646698767,TRUE,"poly(acrylamide/amid)s",4375,170.7106781,95.71067812,45.71067812,2.093836321,0.530070278,10875,2850,10850,2825,"confident","332f745baec6fe52e5b8bbf794a311b0",0.008394475,90,92,87,1,70.71067812,"<212 µm",34,1,"PRR20240123SD","river water","plastic","sample","Pajaro","subsurface","20240123",2024-01-23,"fragment",95.71067812,45.71067812,"polyamide/acrylamide",1.14,"TODO(cite): polymer density handbook/default table","settling","settling",0.5,22.85533906,52355.7455234641,59685.549896749,57591.3200758105
519,"MBMS_06_34_2of3",0.637005223,TRUE,"poly(acrylamide/amid)s",13750,378.0604374,170.7737974,80.51586491,2.120995627,0.827198813,6188.636364,3007.954545,6175,2950,"confident","798c6cdb451bebea4788e00a1bb14523",0.015277547,130,132,131,1,125.6448311,"<212 µm",34,1,"PRR20240123SD","river water","plastic","sample","Pajaro","subsurface","20240123",2024-01-23,"fragment",170.7737974,80.51586491,"polyamide/acrylamide",1.14,"TODO(cite): polymer density handbook/default table","settling","settling",0.5,40.257932455,289836.306980686,330413.389957982,318819.937678754
508,"MBMS_06_34_2of3",0.605668034,TRUE,"polyurethanes (isocyanates)",2500,120.7106781,75,33.33333333,2.25,0.463811494,6425,3843.75,6425,3825,"confident","72d28c0e1bd154daa6905ada7ea2470a",0.007346361,83,83,81,1,54.16666667,"<212 µm",34,1,"PRR20240123SD","river water","plastic","sample","Pajaro","subsurface","20240123",2024-01-23,"fragment",75,33.33333333,"polyurethane",1.2,"TODO(cite): polymer density handbook/default table","settling","settling",0.5,16.666666665,21816.6156455658,26179.938774679,23998.2772101224
781,"MBMS_06_34_2of3",0.638604332,TRUE,"polystyrenes (polyphenylethylenes, -methylstyrene)",20000,550.1234632,255.4886114,78.28137578,3.263721529,1.204149687,2637.5,4028.125,2675,3975,"confident","3f8857e035652a184d3b47d89f151207",0.010989592,106,106,106,1,166.8849936,"<212 µm",34,1,"PRR20240123SD","river water","plastic","sample","Pajaro","subsurface","20240123",2024-01-23,"fiber",255.4886114,78.28137578,"styrenic polymers",1.05,"TODO(cite): polymer density handbook/default table","settling","settling",0.286474508437567,22.425618646392,1229640.97510241,1291123.02385753,1352605.07261265
669,"MBMS_06_34_2of3",0.654168167,TRUE,"poly(propylene)",39375,814.6236492,350,112.5,3.111111111,1.341169279,4040.47619,4243.253968,4150,4150,"confident","a69f39ed8f44d6d4ce1145f1b62de5ab",0.016255968,135,137,136,1,231.25,"212-500 µm",34,1,"PRR20240123SD","river water","plastic","sample","Pajaro","subsurface","20240123",2024-01-23,"fiber",350,112.5,"polypropylene",0.9,"TODO(cite): polymer density handbook/default table","buoyant","buoyant",0.286474508437567,32.2283821992263,3479068.42692463,3131161.58423217,3826975.2696171
854,"MBMS_06_34_2of3",0.615392509,TRUE,"poly(ethylene)",3750,150,80.90169944,46.35254916,1.745355992,0.477464829,1725,4937.5,1700,4925,"confident","caf34cca4abd72124cdc8cdd2b047fa8",0.007569899,128,128,128,1,63.6271243,"<212 µm",34,1,"PRR20240123SD","river water","plastic","sample","Pajaro","subsurface","20240123",2024-01-23,"fragment",80.90169944,46.35254916,"polyethylene",0.94,"TODO(cite): polymer density handbook/default table","buoyant","buoyant",0.5,23.17627458,45506.5087289159,42776.1182051809,50057.1596018075
408,"MBMS_06_34_2of3",0.648029505,TRUE,"poly(acrylamide/amid)s",11875,374.3709215,177.0690633,67.06422783,2.640290793,0.939205732,7564.473684,5294.736842,7550,5225,"confident","798c6cdb451bebea4788e00a1bb14523",0.011958163,69,70,65,1,122.0666455,"<212 µm",34,1,"PRR20240123SD","river water","plastic","sample","Pajaro","subsurface","20240123",2024-01-23,"fragment",177.0690633,67.06422783,"polyamide/acrylamide",1.14,"TODO(cite): polymer density handbook/default table","settling","settling",0.5,33.532113915,208493.813794849,237682.947726128,229343.195174334
582,"MBMS_06_34_2of3",0.655953024,TRUE,"poly(propylene)",10625,316.2570385,136.8033989,77.66619899,1.761427759,0.749103104,5313.235294,5316.176471,5275,5275,"confident","a69f39ed8f44d6d4ce1145f1b62de5ab",0.012555637,135,135,137,1,107.2347989,"<212 µm",34,1,"PRR20240123SD","river water","plastic","sample","Pajaro","subsurface","20240123",2024-01-23,"fragment",136.8033989,77.66619899,"polypropylene",0.9,"TODO(cite): polymer density handbook/default table","buoyant","buoyant",0.5,38.833099495,216037.735605364,194433.962044827,237641.5091659
612,"MBMS_06_34_2of3",0.656038314,TRUE,"poly(propylene)",2500,100,60.35533906,41.42135624,1.457106781,0.318309886,4937.5,5662.5,4925,5650,"confident","bcb40504cf8b407c30501788e871f73a",0.009560138,110,110,110,1,50.88834765,"<212 µm",34,1,"PRR20240123SD","river water","plastic","sample","Pajaro","subsurface","20240123",2024-01-23,"fragment",60.35533906,41.42135624,"polypropylene",0.9,"TODO(cite): polymer density handbook/default table","buoyant","buoyant",0.5,20.71067812,27110.2142656692,24399.1928391023,29821.2356922362
160,"MBMS_06_34_2of3",0.652208739,TRUE,"polystyrenes (polyphenylethylenes, -methylstyrene)",8750,335.3553391,159.6291202,54.81456009,2.912166401,1.022804271,10648.21429,5730.357143,10625,5650,"confident","ab761c7e7bbf925e1fb9f46cfe6db184",0.010422745,146,145,141,1,107.2218401,"<212 µm",34,1,"PRR20240123SD","river water","plastic","sample","Pajaro","subsurface","20240123",2024-01-23,"fragment",159.6291202,54.81456009,"styrenic polymers",1.05,"TODO(cite): polymer density handbook/default table","settling","settling",0.5,27.407280045,125566.15991676,131844.467912598,138122.775908436
283,"MBMS_06_34_2of3",0.643670369,TRUE,"poly(esters/ethers/diglycidylethers/terephthalates)s",5000,185.3553391,95.71067812,52.24077499,1.832106781,0.546802299,8921.875,6396.875,8900,6375,"confident","f51d435d168125e9210c8734b3a8599a",0.008945865,93,93,91,1,73.97572656,"<212 µm",34,1,"PRR20240123SD","river water","plastic","sample","Pajaro","subsurface","20240123",2024-01-23,"fragment",95.71067812,52.24077499,"polyester/PET",1.38,"TODO(cite): polymer density handbook/default table","settling","settling",0.5,26.120387495,68383.0145500392,94368.5600790541,75221.3160050431
133,"MBMS_06_34_2of3",0.62917343,TRUE,"polyurethanes (isocyanates)",8750,320.4782977,150,58.33333333,2.571428571,0.934069805,10967.85714,6642.857143,11000,6600,"confident","c75c5cfbc83558b5ec940ffc9763d100",0.009513101,97,98,100,1,104.1666667,"<212 µm",34,1,"PRR20240123SD","river water","plastic","sample","Pajaro","subsurface","20240123",2024-01-23,"fragment",150,58.33333333,"polyurethane",1.2,"TODO(cite): polymer density handbook/default table","settling","settling",0.5,29.166666665,133626.770840544,160352.125008653,146989.447924599
4,"MBMS_06_34_2of3",0.659839452,TRUE,"poly(propylene)",1875,85.35533906,60.35533906,31.06601718,1.942809042,0.309207662,13166.66667,6691.666667,13175,6675,"confident","a69f39ed8f44d6d4ce1145f1b62de5ab",0.00625306,112,112,112,1,45.71067812,"<212 µm",34,1,"PRR20240123SD","river water","plastic","sample","Pajaro","subsurface","20240123",2024-01-23,"fragment",60.35533906,31.06601718,"polypropylene",0.9,"TODO(cite): polymer density handbook/default table","buoyant","buoyant",0.5,15.53300859,15249.4955244389,13724.5459719951,16774.4450768828
23,"MBMS_06_34_2of3",0.647063847,TRUE,"poly(propylene)",11875,391.8877684,183.113883,64.85035326,2.823637402,1.029152977,12647.36842,6910.526316,12650,6875,"confident","a69f39ed8f44d6d4ce1145f1b62de5ab",0.009557882,104,104,104,1,123.9821181,"<212 µm",34,1,"PRR20240123SD","river water","plastic","sample","Pajaro","subsurface","20240123",2024-01-23,"fragment",183.113883,64.85035326,"polypropylene",0.9,"TODO(cite): polymer density handbook/default table","buoyant","buoyant",0.5,32.42517663,201611.170525705,181450.053473135,221772.287578276
581,"MBMS_06_34_2of3",0.615705167,TRUE,"poly(esters/ethers/diglycidylethers/terephthalates)s",10000,301.6123776,136.8033989,73.09759905,1.871516994,0.723916468,5329.6875,7092.1875,5325,7050,"confident","47e88549aa832b91e33a92b38354c0de",0.011523432,92,93,97,1,104.950499,"<212 µm",34,1,"PRR20240123SD","river water","plastic","sample","Pajaro","subsurface","20240123",2024-01-23,"fragment",136.8033989,73.09759905,"polyester/PET",1.38,"TODO(cite): polymer density handbook/default table","settling","settling",0.5,36.548799525,191369.066836897,264089.312234918,210505.973520587
37,"MBMS_06_34_2of3",0.655287727,TRUE,"poly(acrylamide/amid)s",3750,156.0660172,80.90169944,46.35254916,1.745355992,0.516863141,12479.16667,7145.833333,12475,7125,"confident","f5bf7f1fae4474135474eb72341fd5c6",0.008348931,109,108,104,1,63.6271243,"<212 µm",34,1,"PRR20240123SD","river water","plastic","sample","Pajaro","subsurface","20240123",2024-01-23,"fragment",80.90169944,46.35254916,"polyamide/acrylamide",1.14,"TODO(cite): polymer density handbook/default table","settling","settling",0.5,23.17627458,45506.5087289159,51877.4199509641,50057.1596018075
356,"MBMS_06_34_2of3",0.653302967,TRUE,"polystyrenes (polyphenylethylenes, -methylstyrene)",3750,150,80.90169944,46.35254916,1.745355992,0.477464829,8112.5,7425,8100,7400,"confident","9bf1da84ca99a0fdf4313a0dbd5503f8",0.008843041,103,104,109,1,63.6271243,"<212 µm",34,1,"PRR20240123SD","river water","plastic","sample","Pajaro","subsurface","20240123",2024-01-23,"fragment",80.90169944,46.35254916,"styrenic polymers",1.05,"TODO(cite): polymer density handbook/default table","settling","settling",0.5,23.17627458,45506.5087289159,47781.8341653617,50057.1596018075
540,"MBMS_06_34_2of3",0.650737049,TRUE,"poly(propylene)",11875,351.6123776,159.6291202,74.39118869,2.145806822,0.828485339,5853.947368,7515.789474,5825,7450,"confident","d94e422b752bbede245a02620854f15e",0.01288847,102,102,100,1,117.0101544,"<212 µm",34,1,"PRR20240123SD","river water","plastic","sample","Pajaro","subsurface","20240123",2024-01-23,"fragment",159.6291202,74.39118869,"polypropylene",0.9,"TODO(cite): polymer density handbook/default table","buoyant","buoyant",0.5,37.195594345,231272.365946929,208145.129352236,254399.602541622
210,"MBMS_06_34_2of3",0.655835833,TRUE,"poly(acrylamide/amid)s",19375,451.6123776,185.0781059,104.6855321,1.767943499,0.837683763,9838.709677,7720.967742,9825,7650,"confident","0ff0265bb5387c3093eae5f504e01494",0.02063626,120,121,116,1,144.881819,"<212 µm",34,1,"PRR20240123SD","river water","plastic","sample","Pajaro","subsurface","20240123",2024-01-23,"fragment",185.0781059,104.6855321,"polyamide/acrylamide",1.14,"TODO(cite): polymer density handbook/default table","settling","settling",0.5,52.34276605,531003.034065559,605343.458834737,584103.337472115
268,"MBMS_06_34_2of3",0.647475817,TRUE,"polyvinylethers",2500,100,60.35533906,41.42135624,1.457106781,0.318309886,9037.5,7887.5,9025,7875,"confident","744d30d5dcb259637701644849f56168",0.007011556,85,88,95,1,50.88834765,"<212 µm",34,1,"PRR20240123SD","river water","plastic","sample","Pajaro","subsurface","20240123",2024-01-23,"fragment",60.35533906,41.42135624,"vinyl polymers",1.25,"TODO(cite): polymer density handbook/default table","settling","settling",0.5,20.71067812,27110.2142656692,33887.7678320866,29821.2356922362
295,"MBMS_06_34_2of3",0.65633535,TRUE,"poly(propylene)",14375,397.1587379,183.113883,78.50305921,2.332570028,0.873193565,8763.043478,8127.173913,8750,8050,"confident","55532e9e632d12dfad6378fdd50512a9",0.011804428,70,68,55,1,130.8084711,"<212 µm",34,1,"PRR20240123SD","river water","plastic","sample","Pajaro","subsurface","20240123",2024-01-23,"fragment",183.113883,78.50305921,"polypropylene",0.9,"TODO(cite): polymer density handbook/default table","buoyant","buoyant",0.5,39.251529605,295435.75958318,265892.183624862,324979.335541498
138,"MBMS_06_34_2of3",0.631354331,TRUE,"polyvinylesters",21250,467.8694161,192.7050983,110.2721214,1.747541408,0.819748282,10919.11765,8965.441176,10875,8900,"confident","46845f587544908e1c34827991746761",0.028440636,105,106,100,1,151.4886099,"<212 µm",34,1,"PRR20240123SD","river water","plastic","sample","Pajaro","subsurface","20240123",2024-01-23,"fragment",192.7050983,110.2721214,"vinyl polymers",1.25,"TODO(cite): polymer density handbook/default table","settling","settling",0.5,55.1360607,613469.944649688,766837.43081211,674816.939114657
131,"MBMS_06_34_2of3",0.62104864,TRUE,"poly(acrylamide/amid)s",13750,386.7353362,177.0690633,77.65331644,2.280251139,0.865595817,10953.40909,9451.136364,10975,9400,"confident","5e90d386c58a7e1d1ef76e5c4fcd7ded",0.013781092,123,123,121,1,127.3611898,"<212 µm",34,1,"PRR20240123SD","river water","plastic","sample","Pajaro","subsurface","20240123",2024-01-23,"fragment",177.0690633,77.65331644,"polyamide/acrylamide",1.14,"TODO(cite): polymer density handbook/default table","settling","settling",0.5,38.82665822,279531.872272537,318666.334390693,307485.059499791
446,"MBMS_06_34_2of3",0.621882006,TRUE,"polystyrenes (polyphenylethylenes, -methylstyrene)",2500,120.7106781,75,33.33333333,2.25,0.463811494,7150,10143.75,7150,10125,"confident","ab761c7e7bbf925e1fb9f46cfe6db184",0.00770666,85,85,85,1,54.16666667,"<212 µm",34,1,"PRR20240123SD","river water","plastic","sample","Pajaro","subsurface","20240123",2024-01-23,"fragment",75,33.33333333,"styrenic polymers",1.05,"TODO(cite): polymer density handbook/default table","settling","settling",0.5,16.666666665,21816.6156455658,22907.4464278441,23998.2772101224
353,"MBMS_06_34_2of3",0.648880231,TRUE,"poly(propylene)",8750,276.7766953,128.0776406,68.31793556,1.874729375,0.696692479,8105.357143,10558.92857,8075,10525,"confident","3dea6d6031c660a05d94cefa4f37d49b",0.011063699,82,84,83,1,98.1977881,"<212 µm",34,1,"PRR20240123SD","river water","plastic","sample","Pajaro","subsurface","20240123",2024-01-23,"fragment",128.0776406,68.31793556,"polypropylene",0.9,"TODO(cite): polymer density handbook/default table","buoyant","buoyant",0.5,34.15896778,156498.944871159,140849.050384044,172148.839358275
779,"MBMS_06_34_2of3",0.633600054,TRUE,"poly(esters/ethers/diglycidylethers/terephthalates)s",3125,135.3553391,80.90169944,38.6271243,2.094427191,0.466542161,2730,10790,2725,10775,"confident","e6f7f2a05aad692211bc50f75f1e0f50",0.009116662,137,134,125,1,59.76441187,"<212 µm",34,1,"PRR20240123SD","river water","plastic","sample","Pajaro","subsurface","20240123",2024-01-23,"fragment",80.90169944,38.6271243,"polyester/PET",1.38,"TODO(cite): polymer density handbook/default table","settling","settling",0.5,19.31356215,31601.7421728583,43610.4041985444,34761.9163901441
641,"MBMS_06_34_2of3",0.622139957,TRUE,"poly(acrylamide/amid)s",3125,135.3553391,80.90169944,38.6271243,2.094427191,0.466542161,4530,11665,4525,11650,"confident","5ec431b73b0bc9f29f5702d5e4066224",0.008196269,84,84,82,1,59.76441187,"<212 µm",34,1,"PRR20240123SD","river water","plastic","sample","Pajaro","subsurface","20240123",2024-01-23,"fragment",80.90169944,38.6271243,"polyamide/acrylamide",1.14,"TODO(cite): polymer density handbook/default table","settling","settling",0.5,19.31356215,31601.7421728583,36025.9860770584,34761.9163901441
374,"MBMS_06_34_2of3",0.656168211,TRUE,"poly(propylene)",20000,463.4157764,192.7050983,103.785526,1.856762746,0.85447974,7881.25,11829.6875,7850,11750,"confident","e58b30f5cf6c4238c187f7fd5f8c5f2f",0.016813418,126,128,125,1,148.2453122,"<212 µm",34,1,"PRR20240123SD","river water","plastic","sample","Pajaro","subsurface","20240123",2024-01-23,"fragment",192.7050983,103.785526,"polypropylene",0.9,"TODO(cite): polymer density handbook/default table","buoyant","buoyant",0.5,51.892763,543419.74311111,489077.768799999,597761.717422221
480,"MBMS_06_34_2of3",0.629781478,TRUE,"poly(esters/ethers/diglycidylethers/terephthalates)s",3750,150,80.90169944,46.35254916,1.745355992,0.477464829,6700,12212.5,6675,12200,"confident","22b5668234fb8b01ba9de94ca6803192",0.008469445,94,96,95,1,63.6271243,"<212 µm",34,1,"PRR20240123SD","river water","plastic","sample","Pajaro","subsurface","20240123",2024-01-23,"fragment",80.90169944,46.35254916,"polyester/PET",1.38,"TODO(cite): polymer density handbook/default table","settling","settling",0.5,23.17627458,45506.5087289159,62798.9820459039,50057.1596018075
263,"MBMS_06_34_2of3",0.637400795,TRUE,"poly(esters/ethers/diglycidylethers/terephthalates)s",4375,170.7106781,80.90169944,54.07797402,1.496019422,0.530070278,9057.142857,13325,9050,13300,"confident","e1307c03241153353a5094bf1f8b07a6",0.009487658,79,81,80,1,67.48983673,"<212 µm",34,1,"PRR20240123SD","river water","plastic","sample","Pajaro","subsurface","20240123",2024-01-23,"fragment",80.90169944,54.07797402,"polyester/PET",1.38,"TODO(cite): polymer density handbook/default table","settling","settling",0.5,27.03898701,61939.4146588022,85476.392229147,68133.3561246824
132,"MBMS_06_34_3of3",0.659042998,TRUE,"poly(acrylamide/amid)s",3750,156.0660172,80.90169944,46.35254916,1.745355992,0.516863141,10620.83333,4745.833333,10600,4725,"confident","798c6cdb451bebea4788e00a1bb14523",0.007400277,88,87,83,1,63.6271243,"<212 µm",34,1,"PRR20240123SD","river water","plastic","sample","Pajaro","subsurface","20240123",2024-01-23,"fragment",80.90169944,46.35254916,"polyamide/acrylamide",1.14,"TODO(cite): polymer density handbook/default table","settling","settling",0.5,23.17627458,45506.5087289159,51877.4199509641,50057.1596018075
22,"MBMS_06_34_3of3",0.650764178,TRUE,"polyvinylethers",22500,486.9677166,192.7050983,116.7587168,1.650455774,0.838702542,12215.27778,6268.055556,12175,6200,"confident","744d30d5dcb259637701644849f56168",0.024411639,81,82,76,1,154.7319076,"<212 µm",34,1,"PRR20240123SD","river water","plastic","sample","Pajaro","subsurface","20240123",2024-01-23,"fragment",192.7050983,116.7587168,"vinyl polymers",1.25,"TODO(cite): polymer density handbook/default table","settling","settling",0.5,58.3793584,687765.612964047,859707.016205059,756542.174260452
361,"MBMS_06_34_3of3",0.643941352,TRUE,"poly(propylene)",5000,212.1320344,104.0569415,48.05061467,2.165569415,0.716197244,7862.5,6812.5,7850,6775,"confident","95d922e258e68158e16ad7c14c69917d",0.008802923,107,108,103,1,76.05377809,"<212 µm",34,1,"PRR20240123SD","river water","plastic","sample","Pajaro","subsurface","20240123",2024-01-23,"fragment",104.0569415,48.05061467,"polypropylene",0.9,"TODO(cite): polymer density handbook/default table","buoyant","buoyant",0.5,24.025307335,62898.107516815,56608.2967651335,69187.9182684966
771,"MBMS_06_34_3of3",0.659243505,TRUE,"poly(acrylamide/amid)s",1875,85.35533906,60.35533906,31.06601718,1.942809042,0.309207662,1216.666667,7641.666667,1225,7625,"confident","798c6cdb451bebea4788e00a1bb14523",0.006347378,59,60,55,1,45.71067812,"<212 µm",34,1,"PRR20240123SD","river water","plastic","sample","Pajaro","subsurface","20240123",2024-01-23,"fragment",60.35533906,31.06601718,"polyamide/acrylamide",1.14,"TODO(cite): polymer density handbook/default table","settling","settling",0.5,15.53300859,15249.4955244389,17384.4248978604,16774.4450768828
50,"MBMS_06_34_3of3",0.636047791,TRUE,"poly(acrylamide/amid)s",6875,241.4213562,104.0569415,66.06959517,1.574959575,0.6746349,11629.54545,9079.545455,11600,9050,"confident","798c6cdb451bebea4788e00a1bb14523",0.011639304,69,70,65,1,85.06326834,"<212 µm",34,1,"PRR20240123SD","river water","plastic","sample","Pajaro","subsurface","20240123",2024-01-23,"fragment",104.0569415,66.06959517,"polyamide/acrylamide",1.14,"TODO(cite): polymer density handbook/default table","settling","settling",0.5,33.034797585,118916.734519479,135565.077352206,130808.407971427
55,"MBMS_06_34_3of3",0.645471986,TRUE,"polystyrenes (polyphenylethylenes, -methylstyrene)",3750,166.2570385,95.71067812,39.18058124,2.442809042,0.586568786,11604.16667,9275,11575,9250,"confident","a748547e663232d317d82ae7032e44f1",0.00744843,68,69,64,1,67.44562968,"<212 µm",34,1,"PRR20240123SD","river water","plastic","sample","Pajaro","subsurface","20240123",2024-01-23,"fragment",95.71067812,39.18058124,"styrenic polymers",1.05,"TODO(cite): polymer density handbook/default table","settling","settling",0.5,19.59029062,38465.4456794883,40388.7179634627,42311.9902474372
71,"MBMS_06_34_3of3",0.636319202,TRUE,"polystyrenes (polyphenylethylenes, -methylstyrene)",2500,120.7106781,75,33.33333333,2.25,0.463811494,11375,9931.25,11350,9925,"confident","a748547e663232d317d82ae7032e44f1",0.006856101,86,85,81,1,54.16666667,"<212 µm",34,1,"PRR20240123SD","river water","plastic","sample","Pajaro","subsurface","20240123",2024-01-23,"fragment",75,33.33333333,"styrenic polymers",1.05,"TODO(cite): polymer density handbook/default table","settling","settling",0.5,16.666666665,21816.6156455658,22907.4464278441,23998.2772101224
694,"MBMS_06_34_3of3",0.601382913,TRUE,"polystyrenes (polyphenylethylenes, -methylstyrene)",7500,256.0660172,131.0660172,57.22307095,2.290440115,0.695717241,2566.666667,10558.33333,2525,10525,"confident","3f8857e035652a184d3b47d89f151207",0.009238851,80,79,75,1,94.14454406,"<212 µm",34,1,"PRR20240123SD","river water","plastic","sample","Pajaro","subsurface","20240123",2024-01-23,"fragment",131.0660172,57.22307095,"styrenic polymers",1.05,"TODO(cite): polymer density handbook/default table","settling","settling",0.5,28.611535475,112357.237090746,117975.098945284,123592.960799821
666,"MBMS_06_34_3of3",0.650201572,TRUE,"poly(propylene)",30000,689.3302891,295.4163457,101.5515913,2.909027243,1.260444144,3071.354167,11400.52083,3025,11300,"confident","95d922e258e68158e16ad7c14c69917d",0.017438967,99,100,95,1,198.4839685,"<212 µm",34,1,"PRR20240123SD","river water","plastic","sample","Pajaro","subsurface","20240123",2024-01-23,"fragment",295.4163457,101.5515913,"polypropylene",0.9,"TODO(cite): polymer density handbook/default table","buoyant","buoyant",0.5,50.77579565,797584.33302069,717825.899718621,877342.766322759
728,"MBMS_06_34_3of3",0.633320925,TRUE,"poly(acrylamide/amid)s",1250,50,50,25,2,0.159154943,2050,12412.5,2050,12400,"confident","798c6cdb451bebea4788e00a1bb14523",0.0069342,68,67,63,1,37.5,"<212 µm",34,1,"PRR20240123SD","river water","plastic","sample","Pajaro","subsurface","20240123",2024-01-23,"fragment",50,25,"polyamide/acrylamide",1.14,"TODO(cite): polymer density handbook/default table","settling","settling",0.5,12.5,8181.23086872342,9326.6031903447,8999.35395559576
304,"MBMS_06_34_3of3",0.644422231,TRUE,"poly(acrylamide/amid)s",15000,393.0337338,170.7737974,87.835489,1.944245991,0.819518065,8610.416667,13258.33333,8600,13200,"confident","798c6cdb451bebea4788e00a1bb14523",0.017106358,77,76,72,1,129.3046432,"<212 µm",34,1,"PRR20240123SD","river water","plastic","sample","Pajaro","subsurface","20240123",2024-01-23,"fragment",170.7737974,87.835489,"polyamide/acrylamide",1.14,"TODO(cite): polymer density handbook/default table","settling","settling",0.5,43.9177445,344929.158777936,393219.241006847,379422.07465573
608,"MBMS_06_34_3of3",0.659288243,TRUE,"poly(acrylamide/amid)s",15625,399.7676196,170.7737974,91.49530104,1.866476152,0.813926781,4177,13633,4125,13575,"confident","a9e77038fe61dd331e73d8e08467575f",0.015732368,117,116,111,1,131.1345492,"<212 µm",34,1,"PRR20240123SD","river water","plastic","sample","Pajaro","subsurface","20240123",2024-01-23,"fragment",170.7737974,91.49530104,"polyamide/acrylamide",1.14,"TODO(cite): polymer density handbook/default table","settling","settling",0.5,45.74765052,374272.090674229,426670.183368621,411699.299741652
18,"MBMS_06_36_1OF2",0.652232194,TRUE,"polystyrenes (polyphenylethylenes, -methylstyrene)",13125,363.4157764,159.6291202,82.22184013,1.941444267,0.800752637,9061.904762,5607.142857,9050,5550,"confident","3f8857e035652a184d3b47d89f151207",0.017384063,96,95,90,1,120.9254802,"<212 µm",36,1,"CRR20240124SS_1","river water","plastic","sample","Carmel","surface","20240124",2024-01-24,"fragment",159.6291202,82.22184013,"styrenic polymers",1.05,"TODO(cite): polymer density handbook/default table","settling","settling",0.5,41.110920065,282523.85977835,296650.052767267,310776.245756185
95,"MBMS_06_36_2OF2",0.654707785,TRUE,"poly(propylene)",15000,382.8427125,152.4754878,98.37646833,1.549918293,0.777570268,5887.5,5687.5,5875,5625,"confident","cce3572892bb27fca9f7cffdcf5fda00",0.017797645,82,83,78,1,125.4259781,"<212 µm",36,1,"CRR20240124SS_1","river water","plastic","sample","Carmel","surface","20240124",2024-01-24,"fragment",152.4754878,98.37646833,"polypropylene",0.9,"TODO(cite): polymer density handbook/default table","buoyant","buoyant",0.5,49.188234165,386323.487653473,347691.138888126,424955.836418821
3,"MBMS_06_36_2OF2",0.63447119,TRUE,"poly(propylene)",3750,150,80.90169944,46.35254916,1.745355992,0.477464829,13900,8687.5,13875,8675,"confident","e340e1f54ccaca2097ee6edc316db1b5",0.007741612,111,111,109,1,63.6271243,"<212 µm",36,1,"CRR20240124SS_1","river water","plastic","sample","Carmel","surface","20240124",2024-01-24,"fragment",80.90169944,46.35254916,"polypropylene",0.9,"TODO(cite): polymer density handbook/default table","buoyant","buoyant",0.5,23.17627458,45506.5087289159,40955.8578560243,50057.1596018075
88,"MBMS_06_36_2OF2",0.65407163,TRUE,"poly(acrylamide/amid)s",2500,100,60.35533906,41.42135624,1.457106781,0.318309886,6412.5,13212.5,6400,13200,"confident","8681123e1731dc69e476ce0c2fe4f9ea",0.008516631,57,58,53,1,50.88834765,"<212 µm",36,1,"CRR20240124SS_1","river water","plastic","sample","Carmel","surface","20240124",2024-01-24,"fragment",60.35533906,41.42135624,"polyamide/acrylamide",1.14,"TODO(cite): polymer density handbook/default table","settling","settling",0.5,20.71067812,27110.2142656692,30905.6442628629,29821.2356922362
11,"MBMS_06_38_1OF2",0.639758751,TRUE,"poly(acrylamide/amid)s",7500,271.2047991,128.0776406,58.55823048,2.187184271,0.780411415,11091.66667,3504.166667,11075,3475,"confident","75427b209bf8e9390e96561e3dc4d9ea",0.010027292,74,73,68,1,93.31793556,"<212 µm",38,1,"CRR20240124SS_2","river water","plastic","sample","Carmel","surface","20240124",2024-01-24,"fragment",128.0776406,58.55823048,"polyamide/acrylamide",1.14,"TODO(cite): polymer density handbook/default table","settling","settling",0.5,29.27911524,114978.816640036,131075.85096964,126476.698304039
37,"MBMS_06_38_1OF2",0.65870579,TRUE,"poly(acrylamide/amid)s",6250,236.9677166,125,50,2.5,0.714971098,6952.5,13697.5,6925,13675,"confident","8681123e1731dc69e476ce0c2fe4f9ea",0.010296557,88,87,83,1,87.5,"<212 µm",38,1,"CRR20240124SS_2","river water","plastic","sample","Carmel","surface","20240124",2024-01-24,"fragment",125,50,"polyamide/acrylamide",1.14,"TODO(cite): polymer density handbook/default table","settling","settling",0.5,25,81812.3086872342,93266.031903447,89993.5395559576
140,"MBMS_06_38_2OF2",0.627286156,TRUE,"polystyrenes (polyphenylethylenes, -methylstyrene)",5000,201.6123776,104.0569415,48.05061467,2.165569415,0.646925863,4509.375,4431.25,4525,4400,"confident","9d66a61d9f108c5ae67ec4762071cddc",0.008655929,114,114,114,1,76.05377809,"<212 µm",38,1,"CRR20240124SS_2","river water","plastic","sample","Carmel","surface","20240124",2024-01-24,"fragment",104.0569415,48.05061467,"styrenic polymers",1.05,"TODO(cite): polymer density handbook/default table","settling","settling",0.5,24.025307335,62898.107516815,66043.0128926558,69187.9182684966
21,"MBMS_06_38_2OF2",0.657700701,TRUE,"poly(acrylamide/amid)s",1250,50,50,25,2,0.159154943,11075,4512.5,11075,4500,"confident","42a55d344131d3bf09d57ac25d37585f",0.006285287,87,88,83,1,37.5,"<212 µm",38,1,"CRR20240124SS_2","river water","plastic","sample","Carmel","surface","20240124",2024-01-24,"fragment",50,25,"polyamide/acrylamide",1.14,"TODO(cite): polymer density handbook/default table","settling","settling",0.5,12.5,8181.23086872342,9326.6031903447,8999.35395559576
110,"MBMS_06_38_2OF2",0.61741384,TRUE,"poly(acrylamide/amid)s",1250,50,50,25,2,0.159154943,6112.5,5925,6100,5925,"confident","798c6cdb451bebea4788e00a1bb14523",0.007024741,135,136,138,1,37.5,"<212 µm",38,1,"CRR20240124SS_2","river water","plastic","sample","Carmel","surface","20240124",2024-01-24,"fragment",50,25,"polyamide/acrylamide",1.14,"TODO(cite): polymer density handbook/default table","settling","settling",0.5,12.5,8181.23086872342,9326.6031903447,8999.35395559576
9,"MBMS_06_38_2OF2",0.637565143,TRUE,"polystyrenes (polyphenylethylenes, -methylstyrene)",9375,291.4213562,136.8033989,68.52899911,1.996284794,0.720877731,12123.33333,6718.333333,12100,6675,"confident","3f8857e035652a184d3b47d89f151207",0.014242244,119,120,122,1,102.666199,"<212 µm",38,1,"CRR20240124SS_2","river water","plastic","sample","Carmel","surface","20240124",2024-01-24,"fragment",136.8033989,68.52899911,"styrenic polymers",1.05,"TODO(cite): polymer density handbook/default table","settling","settling",0.5,34.264499555,168195.468902684,176605.242347819,185015.015792953
32,"MBMS_06_38_2OF2",0.634351863,TRUE,"polystyrenes (polyphenylethylenes, -methylstyrene)",8750,286.9677166,136.8033989,63.96039917,2.138876565,0.748941967,10294.64286,7762.5,10275,7725,"confident","565b48bb3b0dd5965e962a4e0a19b2d7",0.008886999,114,114,114,1,100.381899,"<212 µm",38,1,"CRR20240124SS_2","river water","plastic","sample","Carmel","surface","20240124",2024-01-24,"fragment",136.8033989,63.96039917,"styrenic polymers",1.05,"TODO(cite): polymer density handbook/default table","settling","settling",0.5,31.980199585,146516.941802726,153842.788892862,161168.635982999
153,"MBMS_06_38_2OF2",0.647154236,TRUE,"poly(acrylamide/amid)s",3750,170.7106781,100,37.5,2.666666667,0.618415325,4183.333333,10687.5,4175,10650,"confident","8812b04bf170b7c9b291d717c4ef5e28",0.00857341,79,80,82,1,68.75,"<212 µm",38,1,"CRR20240124SS_2","river water","plastic","sample","Carmel","surface","20240124",2024-01-24,"fragment",100,37.5,"polyamide/acrylamide",1.14,"TODO(cite): polymer density handbook/default table","settling","settling",0.5,18.75,36815.5389092554,41969.7143565511,40497.0928001809
171,"MBMS_06_38_2OF2",0.647905943,TRUE,"polystyrenes (polyphenylethylenes, -methylstyrene)",1875,85.35533906,60.35533906,31.06601718,1.942809042,0.309207662,2391.666667,11791.66667,2400,11775,"confident","a748547e663232d317d82ae7032e44f1",0.007352296,83,83,83,1,45.71067812,"<212 µm",38,1,"CRR20240124SS_2","river water","plastic","sample","Carmel","surface","20240124",2024-01-24,"fragment",60.35533906,31.06601718,"styrenic polymers",1.05,"TODO(cite): polymer density handbook/default table","settling","settling",0.5,15.53300859,15249.4955244389,16011.9703006609,16774.4450768828
11,"MBMS_06_40_1of3",0.658052675,TRUE,"poly(esters/ethers/diglycidylethers/terephthalates)s",10625,306.0660172,136.8033989,77.66619899,1.761427759,0.701602974,10114.70588,2097.058824,10100,2050,"confident","f51d435d168125e9210c8734b3a8599a",0.0164913,74,75,70,1,107.2347989,"<212 µm",40,1,"CRR20240124SD","river water","plastic","sample","Carmel","subsurface","20240124",2024-01-24,"fragment",136.8033989,77.66619899,"polyester/PET",1.38,"TODO(cite): polymer density handbook/default table","settling","settling",0.5,38.833099495,216037.735605364,298132.075135402,237641.5091659
187,"MBMS_06_40_3of3",0.628404964,TRUE,"poly(esters/ethers/diglycidylethers/terephthalates)s",6875,261.8033989,136.8033989,50.25459935,2.722206537,0.793355788,1975,5775,1975,5725,"confident","f51d435d168125e9210c8734b3a8599a",0.009127742,67,68,63,1,93.52899911,"<212 µm",40,1,"CRR20240124SD","river water","plastic","sample","Carmel","subsurface","20240124",2024-01-24,"fragment",136.8033989,50.25459935,"polyester/PET",1.38,"TODO(cite): polymer density handbook/default table","settling","settling",0.5,25.127299675,90451.7855083762,124823.464001559,99496.9640592138
196,"MBMS_06_40_3of3",0.627030653,TRUE,"polystyrenes (polyphenylethylenes, -methylstyrene)",2500,100,60.35533906,41.42135624,1.457106781,0.318309886,1562.5,7887.5,1550,7875,"confident","3f8857e035652a184d3b47d89f151207",0.008995072,82,82,74,1,50.88834765,"<212 µm",40,1,"CRR20240124SD","river water","plastic","sample","Carmel","subsurface","20240124",2024-01-24,"fragment",60.35533906,41.42135624,"styrenic polymers",1.05,"TODO(cite): polymer density handbook/default table","settling","settling",0.5,20.71067812,27110.2142656692,28465.7249789527,29821.2356922362
88,"MBMS_06_40_3of3",0.649782002,TRUE,"polystyrenes (polyphenylethylenes, -methylstyrene)",7500,266.2570385,128.0776406,58.55823048,2.187184271,0.752196082,7120.833333,9345.833333,7100,9300,"confident","3f8857e035652a184d3b47d89f151207",0.010411791,82,82,80,1,93.31793556,"<212 µm",40,1,"CRR20240124SD","river water","plastic","sample","Carmel","subsurface","20240124",2024-01-24,"fragment",128.0776406,58.55823048,"styrenic polymers",1.05,"TODO(cite): polymer density handbook/default table","settling","settling",0.5,29.27911524,114978.816640036,120727.757472037,126476.698304039
77,"MBMS_06_40_3of3",0.646230965,TRUE,"polystyrenes (polyphenylethylenes, -methylstyrene)",1875,85.35533906,60.35533906,31.06601718,1.942809042,0.309207662,7516.666667,9958.333333,7500,9950,"confident","3f8857e035652a184d3b47d89f151207",0.006756712,103,103,101,1,45.71067812,"<212 µm",40,1,"CRR20240124SD","river water","plastic","sample","Carmel","subsurface","20240124",2024-01-24,"fragment",60.35533906,31.06601718,"styrenic polymers",1.05,"TODO(cite): polymer density handbook/default table","settling","settling",0.5,15.53300859,15249.4955244389,16011.9703006609,16774.4450768828
177,"MBMS_06_40_3of3",0.652607364,TRUE,"polystyrenes (polyphenylethylenes, -methylstyrene)",11250,320.7106781,136.8033989,82.23479893,1.663570662,0.727552695,2575,10566.66667,2550,10525,"confident","3f8857e035652a184d3b47d89f151207",0.009531098,93,93,83,1,109.5190989,"<212 µm",40,1,"CRR20240124SD","river water","plastic","sample","Carmel","subsurface","20240124",2024-01-24,"fragment",136.8033989,82.23479893,"styrenic polymers",1.05,"TODO(cite): polymer density handbook/default table","settling","settling",0.5,41.117399465,242201.475208084,254311.548968489,266421.622728893
8,"MBMS_06_40_3of3",0.646919943,TRUE,"poly(propylene)",3750,150,80.90169944,46.35254916,1.745355992,0.477464829,11437.5,11400,11425,11375,"confident","d94e422b752bbede245a02620854f15e",0.008206647,85,86,81,1,63.6271243,"<212 µm",40,1,"CRR20240124SD","river water","plastic","sample","Carmel","subsurface","20240124",2024-01-24,"fragment",80.90169944,46.35254916,"polypropylene",0.9,"TODO(cite): polymer density handbook/default table","buoyant","buoyant",0.5,23.17627458,45506.5087289159,40955.8578560243,50057.1596018075
207,"MBMS_06_46_1of3",0.643302441,TRUE,"poly(propylene)",31875,605.8645607,238.6000936,133.591733,1.786039363,0.916412579,6916.176471,2922.54902,6925,2825,"confident","cce3572892bb27fca9f7cffdcf5fda00",0.018545137,110,110,110,1,186.0959133,"<212 µm",46,1,"SRR20240205SD","river water","plastic","sample","Salinas","subsurface","20240205",2024-02-05,"fragment",238.6000936,133.591733,"polypropylene",0.9,"TODO(cite): polymer density handbook/default table","buoyant","buoyant",0.5,66.7958665,1114803.70595194,1003323.33535675,1226284.07654714
127,"MBMS_06_46_1of3",0.650391487,TRUE,"poly(ethylene)",5000,185.3553391,95.71067812,52.24077499,1.832106781,0.546802299,8396.875,2978.125,8375,2950,"confident","547a0430f7591153f83835853d56d7d3",0.008120691,86,88,87,1,73.97572656,"<212 µm",46,1,"SRR20240205SD","river water","plastic","sample","Salinas","subsurface","20240205",2024-02-05,"fragment",95.71067812,52.24077499,"polyethylene",0.94,"TODO(cite): polymer density handbook/default table","buoyant","buoyant",0.5,26.120387495,68383.0145500392,64280.0336770369,75221.3160050431
53,"MBMS_06_46_1of3",0.653447865,TRUE,"polystyrenes (polyphenylethylenes, -methylstyrene)",5000,185.3553391,95.71067812,52.24077499,1.832106781,0.546802299,10053.125,3896.875,10025,3875,"confident","3a340e8a21522f4092ad3d81007262ff",0.00813732,103,105,102,1,73.97572656,"<212 µm",46,1,"SRR20240205SD","river water","plastic","sample","Salinas","subsurface","20240205",2024-02-05,"fragment",95.71067812,52.24077499,"styrenic polymers",1.05,"TODO(cite): polymer density handbook/default table","settling","settling",0.5,26.120387495,68383.0145500392,71802.1652775412,75221.3160050431
408,"MBMS_06_46_1of3",0.640088392,TRUE,"poly(ethylene)",16875,430.6693191,192.7050983,87.5690376,2.200607699,0.874649842,3385.185185,4924.074074,3350,4850,"confident","547a0430f7591153f83835853d56d7d3",0.011996795,89,93,94,1,140.137068,"<212 µm",46,1,"SRR20240205SD","river water","plastic","sample","Salinas","subsurface","20240205",2024-02-05,"fragment",192.7050983,87.5690376,"polyethylene",0.94,"TODO(cite): polymer density handbook/default table","buoyant","buoyant",0.5,43.7845188,386868.157292276,363656.06785474,425554.973021504
216,"MBMS_06_46_1of3",0.656215155,TRUE,"poly(ethylene)",6250,220.7106781,104.0569415,60.06326834,1.732455532,0.62023577,6850,5905,6825,5875,"confident","d7ba92e8ef28596e8f8fa5c9e928eb03",0.009651065,92,92,92,1,82.06010492,"<212 µm",46,1,"SRR20240205SD","river water","plastic","sample","Salinas","subsurface","20240205",2024-02-05,"fragment",104.0569415,60.06326834,"polyethylene",0.94,"TODO(cite): polymer density handbook/default table","buoyant","buoyant",0.5,30.03163417,98278.2930032047,92381.5954230124,108106.122303525
166,"MBMS_06_46_1of3",0.64517863,TRUE,"polyurethanes (isocyanates)",10000,291.4213562,128.0776406,78.07764064,1.640388203,0.675822873,7675,7512.5,7650,7475,"confident","c75c5cfbc83558b5ec940ffc9763d100",0.011299787,88,89,84,1,103.0776406,"<212 µm",46,1,"SRR20240205SD","river water","plastic","sample","Salinas","subsurface","20240205",2024-02-05,"fragment",128.0776406,78.07764064,"polyurethane",1.2,"TODO(cite): polymer density handbook/default table","settling","settling",0.5,39.03882032,204406.785137841,245288.142165409,224847.463651625
387,"MBMS_06_46_1of3",0.610754956,TRUE,"poly(propylene)",4375,180.9016994,95.71067812,45.71067812,2.093836321,0.595247215,3882.142857,8003.571429,3875,7975,"confident","e340e1f54ccaca2097ee6edc316db1b5",0.007280045,94,98,101,1,70.71067812,"<212 µm",46,1,"SRR20240205SD","river water","plastic","sample","Salinas","subsurface","20240205",2024-02-05,"fragment",95.71067812,45.71067812,"polypropylene",0.9,"TODO(cite): polymer density handbook/default table","buoyant","buoyant",0.5,22.85533906,52355.7455234641,47120.1709711177,57591.3200758105
238,"MBMS_06_46_1of3",0.65846705,TRUE,"poly(propylene)",7500,272.3230557,136.8033989,54.82319929,2.495355992,0.786860412,6504.166667,8287.5,6525,8250,"confident","cce3572892bb27fca9f7cffdcf5fda00",0.008982204,101,103,102,1,95.81329908,"<212 µm",46,1,"SRR20240205SD","river water","plastic","sample","Salinas","subsurface","20240205",2024-02-05,"fragment",136.8033989,54.82319929,"polypropylene",0.9,"TODO(cite): polymer density handbook/default table","buoyant","buoyant",0.5,27.411599645,107645.100105572,96880.5900950147,118409.610116129
348,"MBMS_06_46_1of3",0.64981061,TRUE,"poly(ethylene)",1875,100,75,25,3,0.424413182,4750,8475,4750,8450,"confident","547a0430f7591153f83835853d56d7d3",0.006693817,105,105,103,1,50,"<212 µm",46,1,"SRR20240205SD","river water","plastic","sample","Salinas","subsurface","20240205",2024-02-05,"fiber",75,25,"polyethylene",0.94,"TODO(cite): polymer density handbook/default table","buoyant","buoyant",0.286474508437567,7.16186271093919,36815.5389092554,34606.6065747001,40497.0928001809
41,"MBMS_06_46_1of3",0.633199812,TRUE,"poly(propylene)",1875,85.35533906,60.35533906,31.06601718,1.942809042,0.309207662,10408.33333,8991.666667,10400,8975,"confident","e340e1f54ccaca2097ee6edc316db1b5",0.006999032,133,133,131,1,45.71067812,"<212 µm",46,1,"SRR20240205SD","river water","plastic","sample","Salinas","subsurface","20240205",2024-02-05,"fragment",60.35533906,31.06601718,"polypropylene",0.9,"TODO(cite): polymer density handbook/default table","buoyant","buoyant",0.5,15.53300859,15249.4955244389,13724.5459719951,16774.4450768828
78,"MBMS_06_46_1of3",0.623681472,TRUE,"poly(propylene)",10625,393.4692221,201.7766953,52.65722082,3.831890331,1.159531979,9417.647059,10401.47059,9350,10375,"confident","e340e1f54ccaca2097ee6edc316db1b5",0.008283104,102,103,105,1,127.2169581,"<212 µm",46,1,"SRR20240205SD","river water","plastic","sample","Salinas","subsurface","20240205",2024-02-05,"fiber",201.7766953,52.65722082,"polypropylene",0.9,"TODO(cite): polymer density handbook/default table","buoyant","buoyant",0.286474508437567,15.0849514500979,439416.89807313,395475.208265817,483358.587880443
53,"MBMS_06_46_2of3",0.620664837,TRUE,"poly(propylene)",1875,85.35533906,60.35533906,31.06601718,1.942809042,0.309207662,2133.333333,7933.333333,2125,7925,"confident","e340e1f54ccaca2097ee6edc316db1b5",0.007099558,111,111,109,1,45.71067812,"<212 µm",46,1,"SRR20240205SD","river water","plastic","sample","Salinas","subsurface","20240205",2024-02-05,"fragment",60.35533906,31.06601718,"polypropylene",0.9,"TODO(cite): polymer density handbook/default table","buoyant","buoyant",0.5,15.53300859,15249.4955244389,13724.5459719951,16774.4450768828
32,"MBMS_06_46_3OF3A",0.606851296,TRUE,"poly(esters/ethers/diglycidylethers/terephthalates)s",26875,605.7667419,272.4873734,98.62842327,2.762767206,1.086557002,10705.81395,2697.093023,10675,2600,"confident","88af9222909193e48b9ecab5646c5cab",0.027907962,122,122,120,1,185.5578983,"<212 µm",46,1,"SRR20240205SD","river water","plastic","sample","Salinas","subsurface","20240205",2024-02-05,"fragment",272.4873734,98.62842327,"polyester/PET",1.38,"TODO(cite): polymer density handbook/default table","settling","settling",0.5,49.314211635,693935.634836609,957631.176074521,763329.19832027
38,"MBMS_06_46_3OF3A",0.650600152,TRUE,"polystyrenes (polyphenylethylenes, -methylstyrene)",3750,150,80.90169944,46.35254916,1.745355992,0.477464829,10662.5,4075,10650,4050,"confident","0e8c93686654e6768e7925c41a75884b",0.009891144,109,109,107,1,63.6271243,"<212 µm",46,1,"SRR20240205SD","river water","plastic","sample","Salinas","subsurface","20240205",2024-02-05,"fragment",80.90169944,46.35254916,"styrenic polymers",1.05,"TODO(cite): polymer density handbook/default table","settling","settling",0.5,23.17627458,45506.5087289159,47781.8341653617,50057.1596018075
107,"MBMS_06_46_3OF3A",0.620943982,TRUE,"poly(esters/ethers/diglycidylethers/terephthalates)s",3750,156.0660172,80.90169944,46.35254916,1.745355992,0.516863141,1329.166667,4879.166667,1325,4850,"confident","88af9222909193e48b9ecab5646c5cab",0.008290353,99,98,94,1,63.6271243,"<212 µm",46,1,"SRR20240205SD","river water","plastic","sample","Salinas","subsurface","20240205",2024-02-05,"fragment",80.90169944,46.35254916,"polyester/PET",1.38,"TODO(cite): polymer density handbook/default table","settling","settling",0.5,23.17627458,45506.5087289159,62798.9820459039,50057.1596018075
94,"MBMS_06_46_3OF3A",0.643845162,TRUE,"poly(esters/ethers/diglycidylethers/terephthalates)s",3125,141.4213562,75,41.66666667,1.8,0.509295818,3450,5275,3450,5250,"confident","5bd7569bf3f51e77b9b6c60a4b68bbda",0.008213793,85,85,83,1,58.33333333,"<212 µm",46,1,"SRR20240205SD","river water","plastic","sample","Salinas","subsurface","20240205",2024-02-05,"fragment",75,41.66666667,"polyester/PET",1.38,"TODO(cite): polymer density handbook/default table","settling","settling",0.5,20.833333335,34088.4619584684,47042.0775026864,37497.3081543152
65,"MBMS_06_46_3OF3A",0.609035428,TRUE,"poly(ethylene)",2500,100,60.35533906,41.42135624,1.457106781,0.318309886,6237.5,7787.5,6225,7775,"confident","547a0430f7591153f83835853d56d7d3",0.007140262,76,75,71,1,50.88834765,"<212 µm",46,1,"SRR20240205SD","river water","plastic","sample","Salinas","subsurface","20240205",2024-02-05,"fragment",60.35533906,41.42135624,"polyethylene",0.94,"TODO(cite): polymer density handbook/default table","buoyant","buoyant",0.5,20.71067812,27110.2142656692,25483.6014097291,29821.2356922362
84,"MBMS_06_46_3OF3A",0.610921733,TRUE,"poly(esters/ethers/diglycidylethers/terephthalates)s",2500,120.7106781,75,33.33333333,2.25,0.463811494,4043.75,8800,4050,8775,"confident","fd00d57398b1fe940995326333b062fd",0.007892505,79,79,79,1,54.16666667,"<212 µm",46,1,"SRR20240205SD","river water","plastic","sample","Salinas","subsurface","20240205",2024-02-05,"fragment",75,33.33333333,"polyester/PET",1.38,"TODO(cite): polymer density handbook/default table","settling","settling",0.5,16.666666665,21816.6156455658,30106.9295908808,23998.2772101224
76,"MBMS_06_46_3OF3A",0.620007603,TRUE,"poly(esters/ethers/diglycidylethers/terephthalates)s",10000,291.4213562,128.0776406,78.07764064,1.640388203,0.675822873,5012.5,9325,5000,9275,"confident","bbd8daa4372c052c9ab11f4a2baa2681",0.014520727,100,99,95,1,103.0776406,"<212 µm",46,1,"SRR20240205SD","river water","plastic","sample","Salinas","subsurface","20240205",2024-02-05,"fragment",128.0776406,78.07764064,"polyester/PET",1.38,"TODO(cite): polymer density handbook/default table","settling","settling",0.5,39.03882032,204406.785137841,282081.36349022,224847.463651625
26,"MBMS_06_46_3OF3A",0.605413594,TRUE,"poly(esters/ethers/diglycidylethers/terephthalates)s",2500,100,60.35533906,41.42135624,1.457106781,0.318309886,11262.5,10312.5,11250,10300,"confident","bbd8daa4372c052c9ab11f4a2baa2681",0.008237678,89,89,87,1,50.88834765,"<212 µm",46,1,"SRR20240205SD","river water","plastic","sample","Salinas","subsurface","20240205",2024-02-05,"fragment",60.35533906,41.42135624,"polyester/PET",1.38,"TODO(cite): polymer density handbook/default table","settling","settling",0.5,20.71067812,27110.2142656692,37412.0956866236,29821.2356922362
16,"MBMS_06_48_2OF2",0.658650477,TRUE,"poly(esters/ethers/diglycidylethers/terephthalates)s",5000,191.4213562,100,50,2,0.583177701,10500,2337.5,10500,2300,"confident","e06a1d45898bb4823c7f6cacb3ef7f6e",0.01083457,98,98,98,1,75,"<212 µm",48,1,"SRR20240205SS","river water","plastic","sample","Salinas","surface","20240205",2024-02-05,"fragment",100,50,"polyester/PET",1.38,"TODO(cite): polymer density handbook/default table","settling","settling",0.5,25,65449.8469497874,90320.7887907065,71994.8316447661
17,"MBMS_06_48_2OF2",0.625961451,TRUE,"poly(propylene)",7500,251.6123776,115.1387819,65.13878189,1.767591879,0.671727109,10414.58333,10768.75,10400,10725,"confident","32197236c95f9d0e7325297b55b4066a",0.011565279,86,87,89,1,90.13878189,"<212 µm",48,1,"SRR20240205SS","river water","plastic","sample","Salinas","surface","20240205",2024-02-05,"fragment",115.1387819,65.13878189,"polypropylene",0.9,"TODO(cite): polymer density handbook/default table","buoyant","buoyant",0.5,32.569390945,127899.699177444,115109.7292597,140689.669095189
132,"MBMS_06_52_1of1",0.631001902,TRUE,"poly(ethylene)",15000,386.9677166,159.6291202,93.9678173,1.698763734,0.794416666,3992.708333,1767.708333,3975,1700,"confident","b5782a3c24c222c11360c6c3ad3730c3",0.015535104,139,139,141,1,126.7984687,"<212 µm",52,1,"CRR20240206SS","river water","plastic","sample","Carmel","surface","20240206",2024-02-06,"fragment",159.6291202,93.9678173,"polyethylene",0.94,"TODO(cite): polymer density handbook/default table","buoyant","buoyant",0.5,46.98390865,369010.755696185,346870.110354414,405911.831265803
129,"MBMS_06_52_1of1",0.637464657,TRUE,"poly(acrylamide/amid)s",3750,150,80.90169944,46.35254916,1.745355992,0.477464829,4312.5,5500,4300,5475,"confident","d39399b1e8d61804f614116690368cb5",0.009045785,110,111,115,1,63.6271243,"<212 µm",52,1,"CRR20240206SS","river water","plastic","sample","Carmel","surface","20240206",2024-02-06,"fragment",80.90169944,46.35254916,"polyamide/acrylamide",1.14,"TODO(cite): polymer density handbook/default table","settling","settling",0.5,23.17627458,45506.5087289159,51877.4199509641,50057.1596018075
42,"MBMS_06_52_1of1",0.640096477,TRUE,"polystyrenes (polyphenylethylenes, -methylstyrene)",10625,306.0660172,136.8033989,77.66619899,1.761427759,0.701602974,9777.941176,5835.294118,9750,5800,"confident","ab761c7e7bbf925e1fb9f46cfe6db184",0.013997604,130,129,125,1,107.2347989,"<212 µm",52,1,"CRR20240206SS","river water","plastic","sample","Carmel","surface","20240206",2024-02-06,"fragment",136.8033989,77.66619899,"styrenic polymers",1.05,"TODO(cite): polymer density handbook/default table","settling","settling",0.5,38.833099495,216037.735605364,226839.622385632,237641.5091659
159,"MBMS_06_52_1of1",0.646200233,TRUE,"poly(esters/ethers/diglycidylethers/terephthalates)s",7500,251.6123776,115.1387819,65.13878189,1.767591879,0.671727109,1268.75,7333.333333,1250,7300,"confident","510e5f012ce96036759b86a00c3cf216",0.011652739,93,91,94,1,90.13878189,"<212 µm",52,1,"CRR20240206SS","river water","plastic","sample","Carmel","surface","20240206",2024-02-06,"fragment",115.1387819,65.13878189,"polyester/PET",1.38,"TODO(cite): polymer density handbook/default table","settling","settling",0.5,32.569390945,127899.699177444,176501.584864873,140689.669095189
7,"MBMS_06_52_1of1",0.655739271,TRUE,"poly(esters/ethers/diglycidylethers/terephthalates)s",1250,50,50,25,2,0.159154943,12875,8487.5,12875,8475,"confident","edb1c48415cf133b52f8791f68bb2069",0.007290509,115,116,118,1,37.5,"<212 µm",52,1,"CRR20240206SS","river water","plastic","sample","Carmel","surface","20240206",2024-02-06,"fragment",50,25,"polyester/PET",1.38,"TODO(cite): polymer density handbook/default table","settling","settling",0.5,12.5,8181.23086872342,11290.0985988383,8999.35395559576
24,"MBMS_06_52_1of1",0.630686581,TRUE,"poly(esters/ethers/diglycidylethers/terephthalates)s",5000,191.4213562,100,50,2,0.583177701,10862.5,11075,10850,11050,"confident","f51d435d168125e9210c8734b3a8599a",0.010087515,86,87,82,1,75,"<212 µm",52,1,"CRR20240206SS","river water","plastic","sample","Carmel","surface","20240206",2024-02-06,"fragment",100,50,"polyester/PET",1.38,"TODO(cite): polymer density handbook/default table","settling","settling",0.5,25,65449.8469497874,90320.7887907065,71994.8316447661
82,"MBMS_06_52_1of1",0.659130919,TRUE,"poly(propylene)",26250,603.1954826,262.1708245,100.1255576,2.618420618,1.10300375,7596.428571,12555.95238,7675,12475,"confident","cce3572892bb27fca9f7cffdcf5fda00",0.018917007,148,148,150,1,181.1481911,"<212 µm",52,1,"CRR20240206SS","river water","plastic","sample","Carmel","surface","20240206",2024-02-06,"fragment",262.1708245,100.1255576,"polypropylene",0.9,"TODO(cite): polymer density handbook/default table","buoyant","buoyant",0.5,50.0627788,688086.253896761,619277.628507085,756894.879286437
69,"MBMS_06_54_1OF2",0.657918003,TRUE,"polystyrenes (polyphenylethylenes, -methylstyrene)",8125,256.0660172,115.1387819,70.56701371,1.631623273,0.64220053,6740.384615,6390.384615,6725,6350,"confident","975e5af53ac724c98b816c1935208696",0.01401122,83,83,85,1,92.8528978,"<212 µm",54,1,"CRR20240206SD","river water","plastic","sample","Carmel","subsurface","20240206",2024-02-06,"fragment",115.1387819,70.56701371,"styrenic polymers",1.05,"TODO(cite): polymer density handbook/default table","settling","settling",0.5,35.283506855,150104.508044691,157609.733446926,165114.95884916
92,"MBMS_06_54_1OF2",0.637813752,TRUE,"poly(propylene)",3125,135.3553391,80.90169944,38.6271243,2.094427191,0.466542161,5535,7905,5525,7875,"confident","ce50f6e46198066847def3525d475688",0.007419627,99,100,104,1,59.76441187,"<212 µm",54,1,"CRR20240206SD","river water","plastic","sample","Carmel","subsurface","20240206",2024-02-06,"fragment",80.90169944,38.6271243,"polypropylene",0.9,"TODO(cite): polymer density handbook/default table","buoyant","buoyant",0.5,19.31356215,31601.7421728583,28441.5679555724,34761.9163901441
17,"MBMS_06_54_2OF2",0.639420842,TRUE,"polyurethanes (isocyanates)",2500,100,60.35533906,41.42135624,1.457106781,0.318309886,11637.5,3037.5,11625,3025,"confident","11acfb754b8de7fb53d98d48f6d8d1d4",0.006912811,129,131,130,1,50.88834765,"<212 µm",54,1,"CRR20240206SD","river water","plastic","sample","Carmel","subsurface","20240206",2024-02-06,"fragment",60.35533906,41.42135624,"polyurethane",1.2,"TODO(cite): polymer density handbook/default table","settling","settling",0.5,20.71067812,27110.2142656692,32532.2571188031,29821.2356922362
41,"MBMS_06_54_2OF2",0.605252406,TRUE,"polystyrenes (polyphenylethylenes, -methylstyrene)",3750,156.0660172,80.90169944,46.35254916,1.745355992,0.516863141,10104.16667,7129.166667,10100,7100,"confident","3f8857e035652a184d3b47d89f151207",0.00850876,98,98,98,1,63.6271243,"<212 µm",54,1,"CRR20240206SD","river water","plastic","sample","Carmel","subsurface","20240206",2024-02-06,"fragment",80.90169944,46.35254916,"styrenic polymers",1.05,"TODO(cite): polymer density handbook/default table","settling","settling",0.5,23.17627458,45506.5087289159,47781.8341653617,50057.1596018075
186,"MBMS_06_54_2OF2",0.653421722,TRUE,"polystyrenes (polyphenylethylenes, -methylstyrene)",18125,436.9677166,192.7050983,94.05563298,2.048841651,0.838321926,3550.862069,13484.48276,3575,13400,"confident","072f48745835317214113ee6e4f25325",0.017246949,92,92,92,1,143.3803656,"<212 µm",54,1,"CRR20240206SD","river water","plastic","sample","Carmel","subsurface","20240206",2024-02-06,"fragment",192.7050983,94.05563298,"styrenic polymers",1.05,"TODO(cite): polymer density handbook/default table","settling","settling",0.5,47.02781649,446304.691767049,468619.926355401,490935.160943754
302,"MBMS_06_56_1of1",0.656907589,TRUE,"poly(esters/ethers/diglycidylethers/terephthalates)s",9375,285.3553391,131.0660172,71.52883869,1.832352092,0.691179526,2660,2290,2625,2250,"confident","e1307c03241153353a5094bf1f8b07a6",0.013637262,106,105,103,1,101.2974279,"<212 µm",56,1,"PRR20240208SS","river water","plastic","sample","Pajaro","surface","20240208",2024-02-08,"fragment",131.0660172,71.52883869,"polyester/PET",1.38,"TODO(cite): polymer density handbook/default table","settling","settling",0.5,35.764419345,175558.182966563,242270.292493857,193114.001263219
277,"MBMS_06_56_1of1",0.654969992,TRUE,"polyimides",1875,85.35533906,60.35533906,31.06601718,1.942809042,0.309207662,3708.333333,3533.333333,3700,3525,"confident","17f305795f332a761f9f1081e22885ab",0.007571247,78,78,78,1,45.71067812,"<212 µm",56,1,"PRR20240208SS","river water","plastic","sample","Pajaro","surface","20240208",2024-02-08,"fragment",60.35533906,31.06601718,"default_fixed_1.10",1.1,"Fallback fixed density retained for unmatched polymer class","settling","settling",0.5,15.53300859,15249.4955244389,16774.4450768828,16774.4450768828
328,"MBMS_06_56_1of1",0.652268733,TRUE,"poly(esters/ethers/diglycidylethers/terephthalates)s",3750,150,80.90169944,46.35254916,1.745355992,0.477464829,1525,3987.5,1500,3975,"confident","f51d435d168125e9210c8734b3a8599a",0.008106308,109,109,109,1,63.6271243,"<212 µm",56,1,"PRR20240208SS","river water","plastic","sample","Pajaro","surface","20240208",2024-02-08,"fragment",80.90169944,46.35254916,"polyester/PET",1.38,"TODO(cite): polymer density handbook/default table","settling","settling",0.5,23.17627458,45506.5087289159,62798.9820459039,50057.1596018075
248,"MBMS_06_56_1of1",0.643321068,TRUE,"polystyrenes (polyphenylethylenes, -methylstyrene)",9375,403.9637993,207.0027472,45.28925401,4.570681319,1.385172165,4311.666667,5420,4350,5350,"confident","9d66a61d9f108c5ae67ec4762071cddc",0.008172279,88,89,84,1,126.1460006,"<212 µm",56,1,"PRR20240208SS","river water","plastic","sample","Pajaro","surface","20240208",2024-02-08,"fiber",207.0027472,45.28925401,"styrenic polymers",1.05,"TODO(cite): polymer density handbook/default table","settling","settling",0.286474508437567,12.9742167800189,333469.658589326,350143.141518793,366816.624448259
301,"MBMS_06_56_1of1",0.634636804,TRUE,"polyurethanes (isocyanates)",7500,256.0660172,128.0776406,58.55823048,2.187184271,0.695717241,2672.916667,5645.833333,2650,5600,"confident","11acfb754b8de7fb53d98d48f6d8d1d4",0.011035117,83,84,86,1,93.31793556,"<212 µm",56,1,"PRR20240208SS","river water","plastic","sample","Pajaro","surface","20240208",2024-02-08,"fragment",128.0776406,58.55823048,"polyurethane",1.2,"TODO(cite): polymer density handbook/default table","settling","settling",0.5,29.27911524,114978.816640036,137974.579968043,126476.698304039
59,"MBMS_06_56_1of1",0.634987587,TRUE,"poly(acrylamide/amid)s",1250,50,50,25,2,0.159154943,10162.5,6625,10150,6625,"confident","5ec431b73b0bc9f29f5702d5e4066224",0.006996644,113,113,111,1,37.5,"<212 µm",56,1,"PRR20240208SS","river water","plastic","sample","Pajaro","surface","20240208",2024-02-08,"fragment",50,25,"polyamide/acrylamide",1.14,"TODO(cite): polymer density handbook/default table","settling","settling",0.5,12.5,8181.23086872342,9326.6031903447,8999.35395559576
292,"MBMS_06_56_1of1",0.657583187,TRUE,"poly(acrylamide/amid)s",3750,156.0660172,80.90169944,46.35254916,1.745355992,0.516863141,3004.166667,8495.833333,3000,8475,"confident","5ec431b73b0bc9f29f5702d5e4066224",0.008569047,116,116,114,1,63.6271243,"<212 µm",56,1,"PRR20240208SS","river water","plastic","sample","Pajaro","surface","20240208",2024-02-08,"fragment",80.90169944,46.35254916,"polyamide/acrylamide",1.14,"TODO(cite): polymer density handbook/default table","settling","settling",0.5,23.17627458,45506.5087289159,51877.4199509641,50057.1596018075
332,"MBMS_06_56_1of1",0.625612001,TRUE,"polystyrenes (polyphenylethylenes, -methylstyrene)",1250,50,50,25,2,0.159154943,1237.5,8575,1225,8575,"confident","3f8857e035652a184d3b47d89f151207",0.008572615,109,109,111,1,37.5,"<212 µm",56,1,"PRR20240208SS","river water","plastic","sample","Pajaro","surface","20240208",2024-02-08,"fragment",50,25,"styrenic polymers",1.05,"TODO(cite): polymer density handbook/default table","settling","settling",0.5,12.5,8181.23086872342,8590.29241215959,8999.35395559576
266,"MBMS_06_56_1of1",0.653945022,TRUE,"poly(acrylamide/amid)s",3750,156.0660172,80.90169944,46.35254916,1.745355992,0.516863141,3954.166667,9004.166667,3950,8975,"confident","d39399b1e8d61804f614116690368cb5",0.008827354,104,101,92,1,63.6271243,"<212 µm",56,1,"PRR20240208SS","river water","plastic","sample","Pajaro","surface","20240208",2024-02-08,"fragment",80.90169944,46.35254916,"polyamide/acrylamide",1.14,"TODO(cite): polymer density handbook/default table","settling","settling",0.5,23.17627458,45506.5087289159,51877.4199509641,50057.1596018075
304,"MBMS_06_56_1of1",0.653631934,TRUE,"poly(ethylene)",1875,85.35533906,60.35533906,31.06601718,1.942809042,0.309207662,2608.333333,11983.33333,2600,11975,"confident","fefe417c165287006d593938e8366042",0.008537752,62,64,63,1,45.71067812,"<212 µm",56,1,"PRR20240208SS","river water","plastic","sample","Pajaro","surface","20240208",2024-02-08,"fragment",60.35533906,31.06601718,"polyethylene",0.94,"TODO(cite): polymer density handbook/default table","buoyant","buoyant",0.5,15.53300859,15249.4955244389,14334.5257929726,16774.4450768828
145,"MBMS_06_56_1of1",0.654385195,TRUE,"poly(esters/ethers/diglycidylethers/terephthalates)s",2500,100,60.35533906,41.42135624,1.457106781,0.318309886,7387.5,13337.5,7375,13325,"confident","f51d435d168125e9210c8734b3a8599a",0.008222469,80,83,74,1,50.88834765,"<212 µm",56,1,"PRR20240208SS","river water","plastic","sample","Pajaro","surface","20240208",2024-02-08,"fragment",60.35533906,41.42135624,"polyester/PET",1.38,"TODO(cite): polymer density handbook/default table","settling","settling",0.5,20.71067812,27110.2142656692,37412.0956866236,29821.2356922362
22,"MBMS_06_60_1of1",0.64364517,TRUE,"polystyrenes (polyphenylethylenes, -methylstyrene)",5000,185.3553391,95.71067812,52.24077499,1.832106781,0.546802299,9671.875,5621.875,9650,5600,"confident","3f8857e035652a184d3b47d89f151207",0.009657035,119,119,119,1,73.97572656,"<212 µm",60,1,"SRR20240221SS","river water","plastic","sample","Salinas","surface","20240221",2024-02-21,"fragment",95.71067812,52.24077499,"styrenic polymers",1.05,"TODO(cite): polymer density handbook/default table","settling","settling",0.5,26.120387495,68383.0145500392,71802.1652775412,75221.3160050431
10,"MBMS_06_60_1of1",0.612691245,TRUE,"poly(esters/ethers/diglycidylethers/terephthalates)s",26250,544.6461113,231.1552813,113.5600271,2.035533869,0.899269042,10437.5,6882.142857,10400,6800,"confident","edb1c48415cf133b52f8791f68bb2069",0.031132971,107,106,102,1,172.3576542,"<212 µm",60,1,"SRR20240221SS","river water","plastic","sample","Salinas","surface","20240221",2024-02-21,"fragment",231.1552813,113.5600271,"polyester/PET",1.38,"TODO(cite): polymer density handbook/default table","settling","settling",0.5,56.78001355,780411.071557138,1076967.27874885,858452.178712852
65,"MBMS_06_60_1of1",0.60135072,TRUE,"poly(esters/ethers/diglycidylethers/terephthalates)s",8125,291.4213562,150,54.16666667,2.769230769,0.831781997,5630.769231,7061.538462,5600,7000,"confident","e1307c03241153353a5094bf1f8b07a6",0.011445895,100,101,96,1,102.0833333,"<212 µm",60,1,"SRR20240221SS","river water","plastic","sample","Salinas","surface","20240221",2024-02-21,"fragment",150,54.16666667,"polyester/PET",1.38,"TODO(cite): polymer density handbook/default table","settling","settling",0.5,27.083333335,115219.001415369,159002.221953209,126740.901556906
89,"MBMS_06_60_1of1",0.626896659,TRUE,"poly(esters/ethers/diglycidylethers/terephthalates)s",11875,350.4941209,166.4213562,71.35502479,2.332300447,0.823223943,2705.263158,11432.89474,2725,11375,"confident","e1307c03241153353a5094bf1f8b07a6",0.012262998,128,127,123,1,118.8881905,"<212 µm",60,1,"SRR20240221SS","river water","plastic","sample","Salinas","surface","20240221",2024-02-21,"fragment",166.4213562,71.35502479,"polyester/PET",1.38,"TODO(cite): polymer density handbook/default table","settling","settling",0.5,35.677512395,221833.333899554,306130.000781385,244016.667289509
48,"MBMS_06_60_1of1",0.652443804,TRUE,"polystyrenes (polyphenylethylenes, -methylstyrene)",53750,878.5498979,350.9601203,153.1513038,2.29159081,1.142732378,6615.697674,13348.54651,6625,13225,"confident","ad0e050646b68deea2ae5ac59fe5e03c",0.021044048,127,124,117,1,252.055712,"212-500 µm",60,1,"SRR20240221SS","river water","plastic","sample","Salinas","surface","20240221",2024-02-21,"fragment",350.9601203,153.1513038,"styrenic polymers",1.05,"TODO(cite): polymer density handbook/default table","settling","settling",0.5,76.5756519,2155101.81991267,2262856.91090831,2370612.00190394
15,"MBMS_06_62_AQ2",0.647382137,TRUE,"poly(esters/ethers/diglycidylethers/terephthalates)s",2500,100,60.35533906,41.42135624,1.457106781,0.318309886,4937.5,3737.5,4925,3725,"confident","e1307c03241153353a5094bf1f8b07a6",0.007853333,87,89,86,1,50.88834765,"<212 µm",62,0.3,"SRR20240221SD","river water","plastic","sample","Salinas","subsurface","20240221",2024-02-21,"fragment",60.35533906,41.42135624,"polyester/PET",1.38,"TODO(cite): polymer density handbook/default table","settling","settling",0.5,20.71067812,27110.2142656692,37412.0956866236,29821.2356922362
147,"MBMS_06_64_1of2",0.64339281,TRUE,"poly(ethylene)",34375,634.1985154,255.4886114,134.5461146,1.898892526,0.931103311,2071.818182,10320,2000,10225,"confident","4b407dbb5d127e60e5ecda134c8a3f5b",0.041191067,117,119,114,1,195.017363,"<212 µm",64,1,"SRR20240303SS","river water","plastic","sample","Salinas","surface","20240303",2024-03-03,"fragment",255.4886114,134.5461146,"polyethylene",0.94,"TODO(cite): polymer density handbook/default table","buoyant","buoyant",0.5,67.2730573,1210828.10822763,1138178.42173397,1331910.91905039
336,"MBMS_06_64_2of2",0.659623591,TRUE,"poly(esters/ethers/diglycidylethers/terephthalates)s",13750,496.0404813,255.4886114,53.81844585,4.747231314,1.424038327,4847.727273,1200,4750,1175,"confident","db740df2adaf68b2a222692d4998fd8f",0.010344052,79,77,64,1,154.6535286,"<212 µm",64,1,"SRR20240303SS","river water","plastic","sample","Salinas","surface","20240303",2024-03-03,"fiber",255.4886114,53.81844585,"polyester/PET",1.38,"TODO(cite): polymer density handbook/default table","settling","settling",0.286474508437567,15.4176128197526,581197.492165247,802052.539188041,639317.241381772
174,"MBMS_06_64_2of2",0.620185149,TRUE,"poly(esters/ethers/diglycidylethers/terephthalates)s",20625,466.7511594,185.0781059,111.4394374,1.660795408,0.840556652,8665.909091,1640.151515,8625,1575,"confident","e1307c03241153353a5094bf1f8b07a6",0.024040635,98,98,90,1,148.2587717,"<212 µm",64,1,"SRR20240303SS","river water","plastic","sample","Salinas","surface","20240303",2024-03-03,"fragment",185.0781059,111.4394374,"polyester/PET",1.38,"TODO(cite): polymer density handbook/default table","settling","settling",0.5,55.7197187,601729.764964486,830387.075650991,661902.741460935
325,"MBMS_06_64_2of2",0.645408567,TRUE,"poly(esters/ethers/diglycidylethers/terephthalates)s",12500,336.9677166,136.8033989,91.37199882,1.497213595,0.722864194,5227.5,1901.25,5200,1850,"confident","be5450bf76495d79c9dfa41bcbf17a3f",0.01253557,121,118,111,1,114.0876988,"<212 µm",64,1,"SRR20240303SS","river water","plastic","sample","Salinas","surface","20240303",2024-03-03,"fragment",136.8033989,91.37199882,"polyester/PET",1.38,"TODO(cite): polymer density handbook/default table","settling","settling",0.5,45.68599941,299014.166981739,412639.550434799,328915.583679913
290,"MBMS_06_64_2of2",0.643980522,TRUE,"polyvinylesters",5625,206.0660172,104.0569415,54.0569415,1.924950591,0.600731442,6027.777778,2591.666667,6025,2550,"confident","5c1225ff09da068be927c85c0a43b4d6",0.010535596,87,86,81,1,79.0569415,"<212 µm",64,1,"SRR20240303SS","river water","plastic","sample","Salinas","surface","20240303",2024-03-03,"fragment",104.0569415,54.0569415,"vinyl polymers",1.25,"TODO(cite): polymer density handbook/default table","settling","settling",0.5,27.02847075,79605.4173149244,99506.7716436555,87565.9590464168
328,"MBMS_06_64_2of2",0.637083016,TRUE,"poly(esters/ethers/diglycidylethers/terephthalates)s",7500,251.6123776,115.1387819,65.13878189,1.767591879,0.671727109,5116.666667,2737.5,5100,2700,"confident","6a7dd541ecb2384afa3c70896f473a0d",0.011239521,85,80,74,1,90.13878189,"<212 µm",64,1,"SRR20240303SS","river water","plastic","sample","Salinas","surface","20240303",2024-03-03,"fragment",115.1387819,65.13878189,"polyester/PET",1.38,"TODO(cite): polymer density handbook/default table","settling","settling",0.5,32.569390945,127899.699177444,176501.584864873,140689.669095189
58,"MBMS_06_64_2of2",0.646771307,TRUE,"poly(esters/ethers/diglycidylethers/terephthalates)s",3125,135.3553391,80.90169944,38.6271243,2.094427191,0.466542161,11345,2935,11325,2925,"confident","e1307c03241153353a5094bf1f8b07a6",0.007707791,98,97,93,1,59.76441187,"<212 µm",64,1,"SRR20240303SS","river water","plastic","sample","Salinas","surface","20240303",2024-03-03,"fragment",80.90169944,38.6271243,"polyester/PET",1.38,"TODO(cite): polymer density handbook/default table","settling","settling",0.5,19.31356215,31601.7421728583,43610.4041985444,34761.9163901441
407,"MBMS_06_64_2of2",0.641109005,TRUE,"polyvinylethers",1250,50,50,25,2,0.159154943,2250,3187.5,2250,3175,"confident","744d30d5dcb259637701644849f56168",0.007179213,85,87,82,1,37.5,"<212 µm",64,1,"SRR20240303SS","river water","plastic","sample","Salinas","surface","20240303",2024-03-03,"fragment",50,25,"vinyl polymers",1.25,"TODO(cite): polymer density handbook/default table","settling","settling",0.5,12.5,8181.23086872342,10226.5385859043,8999.35395559576
285,"MBMS_06_64_2of2",0.642535978,TRUE,"poly(esters/ethers/diglycidylethers/terephthalates)s",6250,220.7106781,104.0569415,60.06326834,1.732455532,0.62023577,6130,3250,6100,3225,"confident","e1307c03241153353a5094bf1f8b07a6",0.012888964,92,89,84,1,82.06010492,"<212 µm",64,1,"SRR20240303SS","river water","plastic","sample","Salinas","surface","20240303",2024-03-03,"fragment",104.0569415,60.06326834,"polyester/PET",1.38,"TODO(cite): polymer density handbook/default table","settling","settling",0.5,30.03163417,98278.2930032047,135624.044344423,108106.122303525
421,"MBMS_06_64_2of2",0.644942778,TRUE,"poly(esters/ethers/diglycidylethers/terephthalates)s",3750,156.0660172,80.90169944,46.35254916,1.745355992,0.516863141,1779.166667,4154.166667,1775,4125,"confident","e1307c03241153353a5094bf1f8b07a6",0.008360203,85,84,80,1,63.6271243,"<212 µm",64,1,"SRR20240303SS","river water","plastic","sample","Salinas","surface","20240303",2024-03-03,"fragment",80.90169944,46.35254916,"polyester/PET",1.38,"TODO(cite): polymer density handbook/default table","settling","settling",0.5,23.17627458,45506.5087289159,62798.9820459039,50057.1596018075
12,"MBMS_06_64_2of2",0.637760397,TRUE,"poly(esters/ethers/diglycidylethers/terephthalates)s",5000,191.4213562,100,50,2,0.583177701,12725,5062.5,12725,5025,"confident","e1307c03241153353a5094bf1f8b07a6",0.011462048,73,70,63,1,75,"<212 µm",64,1,"SRR20240303SS","river water","plastic","sample","Salinas","surface","20240303",2024-03-03,"fragment",100,50,"polyester/PET",1.38,"TODO(cite): polymer density handbook/default table","settling","settling",0.5,25,65449.8469497874,90320.7887907065,71994.8316447661
366,"MBMS_06_64_2of2",0.638448098,TRUE,"poly(acrylamide/amid)s",1250,50,50,25,2,0.159154943,4150,5062.5,4150,5050,"confident","5ec431b73b0bc9f29f5702d5e4066224",0.006216314,74,73,69,1,37.5,"<212 µm",64,1,"SRR20240303SS","river water","plastic","sample","Salinas","surface","20240303",2024-03-03,"fragment",50,25,"polyamide/acrylamide",1.14,"TODO(cite): polymer density handbook/default table","settling","settling",0.5,12.5,8181.23086872342,9326.6031903447,8999.35395559576
82,"MBMS_06_64_2of2",0.61406369,TRUE,"polymethacrylates",8125,256.0660172,115.1387819,70.56701371,1.631623273,0.64220053,10490.38462,5265.384615,10475,5225,"confident","2c1a61e179ed2ad0046374fd5cc57e72",0.016505341,104,101,96,1,92.8528978,"<212 µm",64,1,"SRR20240303SS","river water","plastic","sample","Salinas","surface","20240303",2024-03-03,"fragment",115.1387819,70.56701371,"acrylic polymers",1.18,"TODO(cite): polymer density handbook/default table","settling","settling",0.5,35.283506855,150104.508044691,177123.319492736,165114.95884916
413,"MBMS_06_64_2of2",0.611923601,TRUE,"poly(acrylamide/amid)s",24375,639.8454597,286.0076627,85.22498932,3.355913154,1.336582273,2055.128205,5812.179487,2025,5700,"confident","798c6cdb451bebea4788e00a1bb14523",0.009379462,108,108,96,1,185.616326,"<212 µm",64,1,"SRR20240303SS","river water","plastic","sample","Salinas","surface","20240303",2024-03-03,"fiber",286.0076627,85.22498932,"polyamide/acrylamide",1.14,"TODO(cite): polymer density handbook/default table","settling","settling",0.286474508437567,24.4147869220439,1631554.03331882,1859971.59798345,1794709.4366507
298,"MBMS_06_64_2of2",0.617082608,TRUE,"poly(esters/ethers/diglycidylethers/terephthalates)s",6875,235.3553391,115.1387819,59.71055006,1.92828205,0.641158705,5734.090909,6147.727273,5700,6125,"confident","6ee12e3f825eb8b008411bdfcb0c354a",0.011519711,92,89,82,1,87.42466597,"<212 µm",64,1,"SRR20240303SS","river water","plastic","sample","Salinas","surface","20240303",2024-03-03,"fragment",115.1387819,59.71055006,"polyester/PET",1.38,"TODO(cite): polymer density handbook/default table","settling","settling",0.5,29.85527503,107471.274982271,148310.359475533,118218.402480498
417,"MBMS_06_64_2of2",0.619226457,TRUE,"polystyrenes (polyphenylethylenes, -methylstyrene)",1250,50,50,25,2,0.159154943,2062.5,6250,2050,6250,"confident","3f8857e035652a184d3b47d89f151207",0.006239071,64,65,60,1,37.5,"<212 µm",64,1,"SRR20240303SS","river water","plastic","sample","Salinas","surface","20240303",2024-03-03,"fragment",50,25,"styrenic polymers",1.05,"TODO(cite): polymer density handbook/default table","settling","settling",0.5,12.5,8181.23086872342,8590.29241215959,8999.35395559576
275,"MBMS_06_64_2of2",0.652676989,TRUE,"poly(acrylamide/amid)s",5000,185.3553391,95.71067812,52.24077499,1.832106781,0.546802299,6396.875,6496.875,6375,6475,"confident","5ec431b73b0bc9f29f5702d5e4066224",0.009861102,122,122,114,1,73.97572656,"<212 µm",64,1,"SRR20240303SS","river water","plastic","sample","Salinas","surface","20240303",2024-03-03,"fragment",95.71067812,52.24077499,"polyamide/acrylamide",1.14,"TODO(cite): polymer density handbook/default table","settling","settling",0.5,26.120387495,68383.0145500392,77956.6365870447,75221.3160050431
127,"MBMS_06_64_2of2",0.613972508,TRUE,"poly(esters/ethers/diglycidylethers/terephthalates)s",8750,270.7106781,115.1387819,75.99524553,1.515078754,0.666488801,9642.857143,6637.5,9625,6600,"confident","153e704c4c166dbbf0e7cb76302fe1a5",0.009549634,107,108,102,1,95.56701371,"<212 µm",64,1,"SRR20240303SS","river water","plastic","sample","Salinas","surface","20240303",2024-03-03,"fragment",115.1387819,75.99524553,"polyester/PET",1.38,"TODO(cite): polymer density handbook/default table","settling","settling",0.5,37.997622765,174085.701620009,240238.268235612,191494.27178201
379,"MBMS_06_64_2of2",0.6352833,TRUE,"poly(propylene)",31875,635.7560354,279.9509757,113.859221,2.458746629,1.009069143,3707.843137,7067.647059,3700,6925,"confident","1176330e0404dab42be1a96db223e00e",0.026094305,78,77,72,1,196.9050983,"<212 µm",64,1,"SRR20240303SS","river water","plastic","sample","Salinas","surface","20240303",2024-03-03,"fragment",279.9509757,113.859221,"polypropylene",0.9,"TODO(cite): polymer density handbook/default table","buoyant","buoyant",0.5,56.9296105,950138.745344256,855124.87080983,1045152.61987868
305,"MBMS_06_64_2of2",0.643185022,TRUE,"polystyrenes (polyphenylethylenes, -methylstyrene)",5625,338.5800942,185.0781059,30.39257384,6.089583164,1.621774442,5655.555556,7197.222222,5675,7150,"confident","3f8857e035652a184d3b47d89f151207",0.007267346,98,98,90,1,107.7353399,"<212 µm",64,1,"SRR20240303SS","river water","plastic","sample","Salinas","surface","20240303",2024-03-03,"fiber",185.0781059,30.39257384,"styrenic polymers",1.05,"TODO(cite): polymer density handbook/default table","settling","settling",0.286474508437567,8.70669765096647,134270.278164701,140983.792072936,147697.305981171
242,"MBMS_06_64_2of2",0.649850875,TRUE,"poly(propylene)",2500,100,60.35533906,41.42135624,1.457106781,0.318309886,7287.5,7587.5,7275,7575,"confident","d43a1b3f4562cfa2e656f11e25f548ca",0.009377878,80,81,73,1,50.88834765,"<212 µm",64,1,"SRR20240303SS","river water","plastic","sample","Salinas","surface","20240303",2024-03-03,"fragment",60.35533906,41.42135624,"polypropylene",0.9,"TODO(cite): polymer density handbook/default table","buoyant","buoyant",0.5,20.71067812,27110.2142656692,24399.1928391023,29821.2356922362
157,"MBMS_06_64_2of2",0.632584525,TRUE,"polyhydroxy(meth)acrylates",5000,200,104.0569415,48.05061467,2.165569415,0.636619772,8987.5,7987.5,8975,7950,"confident","5bda1e0529b824cf48812548cb27eeb6",0.008062512,101,101,93,1,76.05377809,"<212 µm",64,1,"SRR20240303SS","river water","plastic","sample","Salinas","surface","20240303",2024-03-03,"fragment",104.0569415,48.05061467,"default_fixed_1.10",1.1,"Fallback fixed density retained for unmatched polymer class","settling","settling",0.5,24.025307335,62898.107516815,69187.9182684966,69187.9182684966
191,"MBMS_06_64_2of2",0.617601105,TRUE,"polyhaloolefins (vinylhalides)",5625,222.3230557,104.0569415,54.0569415,1.924950591,0.699256666,8319.444444,8013.888889,8325,7975,"confident","d6c2e6922acaa11c5c787bf60aa64869",0.009779763,103,102,98,1,79.0569415,"<212 µm",64,1,"SRR20240303SS","river water","plastic","sample","Salinas","surface","20240303",2024-03-03,"fragment",104.0569415,54.0569415,"halogenated vinyl polymers",1.35,"TODO(cite): polymer density handbook/default table","settling","settling",0.5,27.02847075,79605.4173149244,107467.313375148,87565.9590464168
326,"MBMS_06_64_2of2",0.6480228,TRUE,"poly(propylene)",30000,650.1205882,271.221445,110.6107225,2.452035742,1.121131927,5165.104167,8932.8125,5150,8800,"confident","d43a1b3f4562cfa2e656f11e25f548ca",0.022553722,96,93,88,1,190.9160838,"<212 µm",64,1,"SRR20240303SS","river water","plastic","sample","Salinas","surface","20240303",2024-03-03,"fragment",271.221445,110.6107225,"polypropylene",0.9,"TODO(cite): polymer density handbook/default table","buoyant","buoyant",0.5,55.30536125,868734.582715491,781861.124443942,955608.04098704
145,"MBMS_06_64_2of2",0.650621081,TRUE,"polymethacrylates",3750,150,80.90169944,46.35254916,1.745355992,0.477464829,9262.5,8950,9250,8925,"confident","5b4e8d2da156f18ca7a545d2b93a4a12",0.008893636,86,83,78,1,63.6271243,"<212 µm",64,1,"SRR20240303SS","river water","plastic","sample","Salinas","surface","20240303",2024-03-03,"fragment",80.90169944,46.35254916,"acrylic polymers",1.18,"TODO(cite): polymer density handbook/default table","settling","settling",0.5,23.17627458,45506.5087289159,53697.6803001208,50057.1596018075
348,"MBMS_06_64_2of2",0.622918621,TRUE,"poly(ethylene)",7500,241.4213562,104.0569415,72.07592201,1.443712943,0.618415325,4612.5,8987.5,4600,8950,"confident","c38f37065115d88f99d204e93ef24b39",0.011287557,102,101,96,1,88.06643175,"<212 µm",64,1,"SRR20240303SS","river water","plastic","sample","Salinas","surface","20240303",2024-03-03,"fragment",104.0569415,72.07592201,"polyethylene",0.94,"TODO(cite): polymer density handbook/default table","buoyant","buoyant",0.5,36.037961005,141520.741932469,133029.497416521,155672.816125716
189,"MBMS_06_64_2of2",0.653507633,TRUE,"polyurethanes (isocyanates)",37500,969.9077119,444.0763654,84.44493543,5.258768487,1.996271898,8326.25,9762.5,8325,9550,"confident","967b8857b16c7c6329490b839c5edca5",0.013393164,88,86,74,1,264.2606504,"212-500 µm",64,1,"SRR20240303SS","river water","plastic","sample","Salinas","surface","20240303",2024-03-03,"fiber",444.0763654,84.44493543,"polyurethane",1.2,"TODO(cite): polymer density handbook/default table","settling","settling",0.286474508437567,24.1913213673514,2487108.64495556,2984530.37394668,2735819.50945112
93,"MBMS_06_64_2of2",0.649216651,TRUE,"polystyrenes (polyphenylethylenes, -methylstyrene)",5000,185.3553391,95.71067812,52.24077499,1.832106781,0.546802299,10328.125,10803.125,10325,10775,"confident","3f8857e035652a184d3b47d89f151207",0.00682708,77,77,69,1,73.97572656,"<212 µm",64,1,"SRR20240303SS","river water","plastic","sample","Salinas","surface","20240303",2024-03-03,"fragment",95.71067812,52.24077499,"styrenic polymers",1.05,"TODO(cite): polymer density handbook/default table","settling","settling",0.5,26.120387495,68383.0145500392,71802.1652775412,75221.3160050431
50,"MBMS_06_66_AQ1",0.638180336,TRUE,"polyhaloolefins (vinylhalides)",1250,50,50,25,2,0.159154943,9112.5,5175,9100,5175,"confident","d6c2e6922acaa11c5c787bf60aa64869",0.006920522,89,91,86,1,37.5,"<212 µm",66,0.3,"SRR20240303SD","river water","plastic","sample","Salinas","subsurface","20240303",2024-03-03,"fragment",50,25,"halogenated vinyl polymers",1.35,"TODO(cite): polymer density handbook/default table","settling","settling",0.5,12.5,8181.23086872342,11044.6616727766,8999.35395559576
109,"MBMS_06_66_AQ1",0.615513056,TRUE,"poly(esters/ethers/diglycidylethers/terephthalates)s",2500,100,60.35533906,41.42135624,1.457106781,0.318309886,4337.5,7237.5,4325,7225,"confident","e1307c03241153353a5094bf1f8b07a6",0.006766115,121,122,117,1,50.88834765,"<212 µm",66,0.3,"SRR20240303SD","river water","plastic","sample","Salinas","subsurface","20240303",2024-03-03,"fragment",60.35533906,41.42135624,"polyester/PET",1.38,"TODO(cite): polymer density handbook/default table","settling","settling",0.5,20.71067812,27110.2142656692,37412.0956866236,29821.2356922362
43,"MBMS_06_66_AQ1",0.656259161,TRUE,"polystyrenes (polyphenylethylenes, -methylstyrene)",8125,256.0660172,115.1387819,70.56701371,1.631623273,0.64220053,9659.615385,8315.384615,9650,8275,"confident","d6c5a5ee8a66b694bd20fa4237a96e07",0.010064533,78,80,75,1,92.8528978,"<212 µm",66,0.3,"SRR20240303SD","river water","plastic","sample","Salinas","subsurface","20240303",2024-03-03,"fragment",115.1387819,70.56701371,"styrenic polymers",1.05,"TODO(cite): polymer density handbook/default table","settling","settling",0.5,35.283506855,150104.508044691,157609.733446926,165114.95884916
12,"MBMS_06_66_AQ3",0.627070634,TRUE,"polyhaloolefins (vinylhalides)",18125,454.8543359,183.113883,98.98211813,1.849969332,0.908357484,4339.655172,2068.965517,4325,2000,"confident","00ad5fb85086c362d463c143fa6e1bd0",0.01751566,119,120,114,1,141.0480006,"<212 µm",66,0.3,"SRR20240303SD","river water","plastic","sample","Salinas","subsurface","20240303",2024-03-03,"fragment",183.113883,98.98211813,"halogenated vinyl polymers",1.35,"TODO(cite): polymer density handbook/default table","settling","settling",0.5,49.491059065,469681.424929352,634069.923654625,516649.567422287
77,"MBMS_06_68_2of2A",0.601208666,TRUE,"poly(propylene)",1250,50,50,25,2,0.159154943,3725,3287.5,3725,3275,"confident","4f444f2c3023e04668b9229e97e17a82",0.007894873,98,99,103,1,37.5,"<212 µm",68,1,"SLR20240330SS","river water","plastic","sample","San Lorenzo","surface","20240330",2024-03-30,"fragment",50,25,"polypropylene",0.9,"TODO(cite): polymer density handbook/default table","buoyant","buoyant",0.5,12.5,8181.23086872342,7363.10778185108,8999.35395559576
109,"MBMS_06_68_2of2A",0.658203382,TRUE,"poly(esters/ethers/diglycidylethers/terephthalates)s",26250,645.4926205,275,95.45454545,2.880952381,1.263116451,1107.738095,8948.809524,1050,8850,"confident","f679d60de8f6abcd3dffbe20c0d4f9ea",0.013823805,99,100,95,1,185.2272727,"<212 µm",68,1,"SLR20240330SS","river water","plastic","sample","San Lorenzo","surface","20240330",2024-03-30,"fragment",275,95.45454545,"polyester/PET",1.38,"TODO(cite): polymer density handbook/default table","settling","settling",0.5,47.727272725,655985.965956985,905260.633020639,721584.562552683
67,"MBMS_06_68_2of2A",0.62300136,TRUE,"poly(esters/ethers/diglycidylethers/terephthalates)s",2500,120.7106781,75,33.33333333,2.25,0.463811494,4225,12043.75,4225,12025,"confident","f51d435d168125e9210c8734b3a8599a",0.007673381,92,94,93,1,54.16666667,"<212 µm",68,1,"SLR20240330SS","river water","plastic","sample","San Lorenzo","surface","20240330",2024-03-30,"fragment",75,33.33333333,"polyester/PET",1.38,"TODO(cite): polymer density handbook/default table","settling","settling",0.5,16.666666665,21816.6156455658,30106.9295908808,23998.2772101224
121,"MBMS_06_68_2of2B",0.629655197,TRUE,"poly(esters/ethers/diglycidylethers/terephthalates)s",6250,220.7106781,104.0569415,60.06326834,1.732455532,0.62023577,7800,3130,7775,3100,"confident","a9fe3678e3d4f5b2b8a5acdf668e5550",0.014856548,105,107,96,1,82.06010492,"<212 µm",68,1,"SLR20240330SS","river water","plastic","sample","San Lorenzo","surface","20240330",2024-03-30,"fragment",104.0569415,60.06326834,"polyester/PET",1.38,"TODO(cite): polymer density handbook/default table","settling","settling",0.5,30.03163417,98278.2930032047,135624.044344423,108106.122303525
148,"MBMS_06_68_2of2B",0.651027721,TRUE,"poly(esters/ethers/diglycidylethers/terephthalates)s",1250,50,50,25,2,0.159154943,7137.5,3250,7125,3250,"confident","8703d79d1baa285d6c44dbe64f636dde",0.00695828,86,86,84,1,37.5,"<212 µm",68,1,"SLR20240330SS","river water","plastic","sample","San Lorenzo","surface","20240330",2024-03-30,"fragment",50,25,"polyester/PET",1.38,"TODO(cite): polymer density handbook/default table","settling","settling",0.5,12.5,8181.23086872342,11290.0985988383,8999.35395559576
175,"MBMS_06_68_2of2B",0.615842486,TRUE,"poly(esters/ethers/diglycidylethers/terephthalates)s",6250,220.7106781,104.0569415,60.06326834,1.732455532,0.62023577,6225,3470,6225,3425,"confident","8703d79d1baa285d6c44dbe64f636dde",0.013006244,111,113,112,1,82.06010492,"<212 µm",68,1,"SLR20240330SS","river water","plastic","sample","San Lorenzo","surface","20240330",2024-03-30,"fragment",104.0569415,60.06326834,"polyester/PET",1.38,"TODO(cite): polymer density handbook/default table","settling","settling",0.5,30.03163417,98278.2930032047,135624.044344423,108106.122303525
286,"MBMS_06_68_2of2B",0.657179882,TRUE,"poly(tetrafluoroethylene)",6875,236.9677166,104.0569415,66.06959517,1.574959575,0.649973725,1811.363636,3809.090909,1800,3775,"confident","0f0fc4f8bf0f30ee4d2cc971799ea76f",0.010499837,116,116,116,1,85.06326834,"<212 µm",68,1,"SLR20240330SS","river water","plastic","sample","San Lorenzo","surface","20240330",2024-03-30,"fragment",104.0569415,66.06959517,"PTFE",2.2,"TODO(cite): polymer density handbook/default table","settling","settling",0.5,33.034797585,118916.734519479,261616.815942853,130808.407971427
113,"MBMS_06_68_2of2B",0.654339053,TRUE,"poly(esters/ethers/diglycidylethers/terephthalates)s",4375,170.7106781,80.90169944,54.07797402,1.496019422,0.530070278,7957.142857,8875,7950,8850,"confident","a9fe3678e3d4f5b2b8a5acdf668e5550",0.010216093,112,113,115,1,67.48983673,"<212 µm",68,1,"SLR20240330SS","river water","plastic","sample","San Lorenzo","surface","20240330",2024-03-30,"fragment",80.90169944,54.07797402,"polyester/PET",1.38,"TODO(cite): polymer density handbook/default table","settling","settling",0.5,27.03898701,61939.4146588022,85476.392229147,68133.3561246824
53,"MBMS_06_68_2of2B",0.625973421,TRUE,"poly(esters/ethers/diglycidylethers/terephthalates)s",7500,250,115.1387819,65.13878189,1.767591879,0.663145596,10325,10662.5,10300,10625,"confident","a9fe3678e3d4f5b2b8a5acdf668e5550",0.017410735,97,96,91,1,90.13878189,"<212 µm",68,1,"SLR20240330SS","river water","plastic","sample","San Lorenzo","surface","20240330",2024-03-30,"fragment",115.1387819,65.13878189,"polyester/PET",1.38,"TODO(cite): polymer density handbook/default table","settling","settling",0.5,32.569390945,127899.699177444,176501.584864873,140689.669095189
253,"MBMS_06_68_2OF2C",0.60663965,TRUE,"cellulose derivatives (ether cellulose)",3750,170.7106781,100,37.5,2.666666667,0.618415325,4658.333333,5212.5,4650,5175,"confident","2c3585d5d5b4ce47cddb3fa227dfe096",0.007781071,68,69,64,1,68.75,"<212 µm",68,1,"SLR20240330SS","river water","plastic","sample","San Lorenzo","surface","20240330",2024-03-30,"fragment",100,37.5,"cellulose derivatives",1.5,"TODO(cite): polymer density handbook/default table","settling","settling",0.5,18.75,36815.5389092554,55223.3083638831,40497.0928001809
285,"MBMS_06_68_2OF2C",0.649542377,TRUE,"polysiloxanes",4375,170.7106781,80.90169944,54.07797402,1.496019422,0.530070278,3775,5532.142857,3775,5500,"confident","498e7e0401fa0dfb0b7f5ab5cca1a75c",0.008234858,104,109,103,1,67.48983673,"<212 µm",68,1,"SLR20240330SS","river water","plastic","sample","San Lorenzo","surface","20240330",2024-03-30,"fragment",80.90169944,54.07797402,"silicone polymers",1.05,"TODO(cite): polymer density handbook/default table","settling","settling",0.5,27.03898701,61939.4146588022,65036.3853917423,68133.3561246824
312,"MBMS_06_68_2OF2C",0.62292411,TRUE,"polycarbonates",8125,272.3230557,128.0776406,63.43808302,2.018939327,0.726332688,2855.769231,6503.846154,2850,6450,"confident","0040fb4fee6236bf688ad1ba6eca3f56",0.01293551,75,77,72,1,95.75786183,"<212 µm",68,1,"SLR20240330SS","river water","plastic","sample","San Lorenzo","surface","20240330",2024-03-30,"fragment",128.0776406,63.43808302,"polycarbonate",1.2,"TODO(cite): polymer density handbook/default table","settling","settling",0.5,31.71904151,134940.416751153,161928.500101383,148434.458426268
322,"MBMS_06_68_2OF2C",0.621598044,TRUE,"polyhaloolefins (vinylhalides)",6875,236.9677166,104.0569415,66.06959517,1.574959575,0.649973725,2561.363636,6709.090909,2550,6675,"confident","ea684f74d2d65b03bf4e2a1d5e205cfb",0.010103496,116,117,111,1,85.06326834,"<212 µm",68,1,"SLR20240330SS","river water","plastic","sample","San Lorenzo","surface","20240330",2024-03-30,"fragment",104.0569415,66.06959517,"halogenated vinyl polymers",1.35,"TODO(cite): polymer density handbook/default table","settling","settling",0.5,33.034797585,118916.734519479,160537.591601296,130808.407971427
131,"MBMS_06_68_2OF2C",0.63877943,TRUE,"poly(tetrafluoroethylene)",1250,50,50,25,2,0.159154943,8250,7362.5,8250,7350,"confident","9e25eaa01d1a3242214883dfadad25a3",0.006713525,80,82,81,1,37.5,"<212 µm",68,1,"SLR20240330SS","river water","plastic","sample","San Lorenzo","surface","20240330",2024-03-30,"fragment",50,25,"PTFE",2.2,"TODO(cite): polymer density handbook/default table","settling","settling",0.5,12.5,8181.23086872342,17998.7079111915,8999.35395559576
80,"MBMS_06_68_2OF2C",0.641086182,TRUE,"polyhydroxy(meth)acrylates",1250,50,50,25,2,0.159154943,9937.5,7400,9925,7400,"confident","5bda1e0529b824cf48812548cb27eeb6",0.006936444,106,107,101,1,37.5,"<212 µm",68,1,"SLR20240330SS","river water","plastic","sample","San Lorenzo","surface","20240330",2024-03-30,"fragment",50,25,"default_fixed_1.10",1.1,"Fallback fixed density retained for unmatched polymer class","settling","settling",0.5,12.5,8181.23086872342,8999.35395559576,8999.35395559576
263,"MBMS_06_68_2OF2C",0.607479091,TRUE,"poly(esters/ethers/diglycidylethers/terephthalates)s",2500,100,60.35533906,41.42135624,1.457106781,0.318309886,4387.5,8012.5,4375,8000,"confident","a9fe3678e3d4f5b2b8a5acdf668e5550",0.008501312,80,83,74,1,50.88834765,"<212 µm",68,1,"SLR20240330SS","river water","plastic","sample","San Lorenzo","surface","20240330",2024-03-30,"fragment",60.35533906,41.42135624,"polyester/PET",1.38,"TODO(cite): polymer density handbook/default table","settling","settling",0.5,20.71067812,27110.2142656692,37412.0956866236,29821.2356922362
270,"MBMS_06_68_2OF2C",0.633087619,TRUE,"polyhaloolefins (vinylhalides)",6250,220.7106781,104.0569415,60.06326834,1.732455532,0.62023577,4180,9275,4150,9250,"confident","451948f0e2b1eb107047424290f0228f",0.011751115,117,116,111,1,82.06010492,"<212 µm",68,1,"SLR20240330SS","river water","plastic","sample","San Lorenzo","surface","20240330",2024-03-30,"fragment",104.0569415,60.06326834,"halogenated vinyl polymers",1.35,"TODO(cite): polymer density handbook/default table","settling","settling",0.5,30.03163417,98278.2930032047,132675.695554326,108106.122303525
356,"MBMS_06_68_2OF2C",0.610632895,TRUE,"polyhaloolefins (vinylhalides)",1250,50,50,25,2,0.159154943,350,10737.5,350,10725,"confident","7259e13abb0a76b399a04488122325ae",0.007426202,91,93,90,1,37.5,"<212 µm",68,1,"SLR20240330SS","river water","plastic","sample","San Lorenzo","surface","20240330",2024-03-30,"fragment",50,25,"halogenated vinyl polymers",1.35,"TODO(cite): polymer density handbook/default table","settling","settling",0.5,12.5,8181.23086872342,11044.6616727766,8999.35395559576
233,"MBMS_06_68_2OF2C",0.61011355,TRUE,"polysiloxanes",6250,264.4122806,128.0776406,48.7985254,2.624621125,0.890170838,4972.5,11432.5,4950,11400,"confident","498e7e0401fa0dfb0b7f5ab5cca1a75c",0.007256773,108,110,107,1,88.43808302,"<212 µm",68,1,"SLR20240330SS","river water","plastic","sample","San Lorenzo","surface","20240330",2024-03-30,"fragment",128.0776406,48.7985254,"silicone polymers",1.05,"TODO(cite): polymer density handbook/default table","settling","settling",0.5,24.3992627,79846.4004444691,83838.7204666926,87831.040488916
216,"MBMS_06_68_2OF2C",0.634282189,TRUE,"poly(esters/ethers/diglycidylethers/terephthalates)s",1875,85.35533906,60.35533906,31.06601718,1.942809042,0.309207662,5383.333333,11733.33333,5375,11725,"confident","54ece470f07f5f2f5770cd08a0c6f718",0.007575723,122,123,118,1,45.71067812,"<212 µm",68,1,"SLR20240330SS","river water","plastic","sample","San Lorenzo","surface","20240330",2024-03-30,"fragment",60.35533906,31.06601718,"polyester/PET",1.38,"TODO(cite): polymer density handbook/default table","settling","settling",0.5,15.53300859,15249.4955244389,21044.3038237257,16774.4450768828
228,"MBMS_06_68_2OF2C",0.63975638,TRUE,"polycarbonates",3750,156.0660172,80.90169944,46.35254916,1.745355992,0.516863141,5154.166667,12495.83333,5150,12475,"confident","e8c5f907a5a56775d28500adce25687b",0.009782257,107,107,105,1,63.6271243,"<212 µm",68,1,"SLR20240330SS","river water","plastic","sample","San Lorenzo","surface","20240330",2024-03-30,"fragment",80.90169944,46.35254916,"polycarbonate",1.2,"TODO(cite): polymer density handbook/default table","settling","settling",0.5,23.17627458,45506.5087289159,54607.8104746991,50057.1596018075
180,"MBMS_06_68_2OF2C",0.65260935,TRUE,"poly(esters/ethers/diglycidylethers/terephthalates)s",15000,406.0660172,183.113883,81.9162357,2.23537961,0.874766551,6561.458333,12885.41667,6500,12850,"confident","673016a672e4e2d1c80c968e5c8bcf02",0.019021106,114,115,110,1,132.5150594,"<212 µm",68,1,"SLR20240330SS","river water","plastic","sample","San Lorenzo","surface","20240330",2024-03-30,"fragment",183.113883,81.9162357,"polyester/PET",1.38,"TODO(cite): polymer density handbook/default table","settling","settling",0.5,40.95811785,321684.305351135,443924.341384566,353852.735886248
116,"MBMS_06_70_1OF2A",0.654681635,TRUE,"poly(esters/ethers/diglycidylethers/terephthalates)s",1250,50,50,25,2,0.159154943,8187.5,1875,8175,1875,"confident","8e7e8c7427bc99e5640768192985aa7b",0.006764623,92,92,90,1,37.5,"<212 µm",70,1,"SLR20240330SD","river water","plastic","sample","San Lorenzo","subsurface","20240330",2024-03-30,"fragment",50,25,"polyester/PET",1.38,"TODO(cite): polymer density handbook/default table","settling","settling",0.5,12.5,8181.23086872342,11290.0985988383,8999.35395559576
135,"MBMS_06_70_1OF2A",0.650789816,TRUE,"poly(propylene)",1875,85.35533906,60.35533906,31.06601718,1.942809042,0.309207662,7616.666667,2658.333333,7600,2650,"confident","65c63f6893bc69eb258cbe46650d8834",0.007946259,115,117,116,1,45.71067812,"<212 µm",70,1,"SLR20240330SD","river water","plastic","sample","San Lorenzo","subsurface","20240330",2024-03-30,"fragment",60.35533906,31.06601718,"polypropylene",0.9,"TODO(cite): polymer density handbook/default table","buoyant","buoyant",0.5,15.53300859,15249.4955244389,13724.5459719951,16774.4450768828
107,"MBMS_06_70_1OF2A",0.657711211,TRUE,"poly(esters/ethers/diglycidylethers/terephthalates)s",6875,251.6123776,131.0660172,52.4544817,2.498661943,0.73279321,8461.363636,3290.909091,8425,3250,"confident","b23f1d4843199eb87ea40564becff775",0.007993256,128,129,124,1,91.76024944,"<212 µm",70,1,"SLR20240330SD","river water","plastic","sample","San Lorenzo","subsurface","20240330",2024-03-30,"fragment",131.0660172,52.4544817,"polyester/PET",1.38,"TODO(cite): polymer density handbook/default table","settling","settling",0.5,26.22724085,94411.2894848644,130287.579489113,103852.418433351
117,"MBMS_06_70_1OF2A",0.628720867,TRUE,"poly(propylene)",5625,200,95.71067812,58.77087187,1.628539361,0.565884242,8100,4425,8075,4400,"confident","cce3572892bb27fca9f7cffdcf5fda00",0.012301261,95,97,96,1,77.24077499,"<212 µm",70,1,"SLR20240330SD","river water","plastic","sample","San Lorenzo","subsurface","20240330",2024-03-30,"fragment",95.71067812,58.77087187,"polypropylene",0.9,"TODO(cite): polymer density handbook/default table","buoyant","buoyant",0.5,29.385435935,86547.2528083012,77892.5275274711,95201.9780891313
163,"MBMS_06_70_1OF2A",0.647991255,TRUE,"poly(esters/ethers/diglycidylethers/terephthalates)s",2500,120.7106781,80.90169944,30.90169944,2.618033989,0.463811494,6425,4537.5,6400,4525,"confident","8e7e8c7427bc99e5640768192985aa7b",0.007235577,94,96,93,1,55.90169944,"<212 µm",70,1,"SLR20240330SD","river water","plastic","sample","San Lorenzo","subsurface","20240330",2024-03-30,"fragment",80.90169944,30.90169944,"polyester/PET",1.38,"TODO(cite): polymer density handbook/default table","settling","settling",0.5,15.45084972,20225.1149906293,27910.6586870684,22247.6264896922
82,"MBMS_06_70_1OF2A",0.61440592,TRUE,"poly(acrylamide/amid)s",8125,270.7106781,128.0776406,63.43808302,2.018939327,0.71775717,9250,4592.307692,9225,4550,"confident","798c6cdb451bebea4788e00a1bb14523",0.013798456,113,114,109,1,95.75786183,"<212 µm",70,1,"SLR20240330SD","river water","plastic","sample","San Lorenzo","subsurface","20240330",2024-03-30,"fragment",128.0776406,63.43808302,"polyamide/acrylamide",1.14,"TODO(cite): polymer density handbook/default table","settling","settling",0.5,31.71904151,134940.416751153,153832.075096314,148434.458426268
102,"MBMS_06_70_1OF2A",0.647179019,TRUE,"acrylonitrile butadiene styrene (abs)",4375,170.7106781,80.90169944,54.07797402,1.496019422,0.530070278,8632.142857,5400,8625,5375,"confident","db6d5591bad95987ba2f7b0cc468fdff",0.008217703,96,95,93,1,67.48983673,"<212 µm",70,1,"SLR20240330SD","river water","plastic","sample","San Lorenzo","subsurface","20240330",2024-03-30,"fragment",80.90169944,54.07797402,"styrenic polymers",1.05,"TODO(cite): polymer density handbook/default table","settling","settling",0.5,27.03898701,61939.4146588022,65036.3853917423,68133.3561246824
220,"MBMS_06_70_1OF2A",0.609114081,TRUE,"poly(propylene)",20625,506.5601381,226.5564437,91.03691629,2.488621682,0.990052448,4478.787879,5565.151515,4500,5475,"confident","e58b30f5cf6c4238c187f7fd5f8c5f2f",0.011519696,93,95,92,1,158.79668,"<212 µm",70,1,"SLR20240330SD","river water","plastic","sample","San Lorenzo","subsurface","20240330",2024-03-30,"fragment",226.5564437,91.03691629,"polypropylene",0.9,"TODO(cite): polymer density handbook/default table","buoyant","buoyant",0.5,45.518458145,491564.059633626,442407.653670263,540720.465596989
283,"MBMS_06_70_1OF2A",0.617820584,TRUE,"poly(propylene)",2500,100,60.35533906,41.42135624,1.457106781,0.318309886,1612.5,6337.5,1600,6325,"confident","65c63f6893bc69eb258cbe46650d8834",0.009881383,92,94,91,1,50.88834765,"<212 µm",70,1,"SLR20240330SD","river water","plastic","sample","San Lorenzo","subsurface","20240330",2024-03-30,"fragment",60.35533906,41.42135624,"polypropylene",0.9,"TODO(cite): polymer density handbook/default table","buoyant","buoyant",0.5,20.71067812,27110.2142656692,24399.1928391023,29821.2356922362
112,"MBMS_06_70_1OF2A",0.604676207,TRUE,"poly(esters/ethers/diglycidylethers/terephthalates)s",3125,135.3553391,80.90169944,38.6271243,2.094427191,0.466542161,8265,7505,8275,7475,"confident","f56a91f955e9e72c3d11320e9971f421",0.007434638,92,94,91,1,59.76441187,"<212 µm",70,1,"SLR20240330SD","river water","plastic","sample","San Lorenzo","subsurface","20240330",2024-03-30,"fragment",80.90169944,38.6271243,"polyester/PET",1.38,"TODO(cite): polymer density handbook/default table","settling","settling",0.5,19.31356215,31601.7421728583,43610.4041985444,34761.9163901441
232,"MBMS_06_70_1OF2A",0.638179625,TRUE,"poly(propylene)",1875,85.35533906,60.35533906,31.06601718,1.942809042,0.309207662,4216.666667,7841.666667,4225,7825,"confident","cce3572892bb27fca9f7cffdcf5fda00",0.006908482,91,93,90,1,45.71067812,"<212 µm",70,1,"SLR20240330SD","river water","plastic","sample","San Lorenzo","subsurface","20240330",2024-03-30,"fragment",60.35533906,31.06601718,"polypropylene",0.9,"TODO(cite): polymer density handbook/default table","buoyant","buoyant",0.5,15.53300859,15249.4955244389,13724.5459719951,16774.4450768828
49,"MBMS_06_70_1OF2A",0.621704206,TRUE,"polystyrenes (polyphenylethylenes, -methylstyrene)",2500,100,60.35533906,41.42135624,1.457106781,0.318309886,10512.5,7837.5,10500,7825,"confident","3f8857e035652a184d3b47d89f151207",0.008462894,70,72,71,1,50.88834765,"<212 µm",70,1,"SLR20240330SD","river water","plastic","sample","San Lorenzo","subsurface","20240330",2024-03-30,"fragment",60.35533906,41.42135624,"styrenic polymers",1.05,"TODO(cite): polymer density handbook/default table","settling","settling",0.5,20.71067812,27110.2142656692,28465.7249789527,29821.2356922362
292,"MBMS_06_70_1OF2A",0.626339912,TRUE,"poly(esters/ethers/diglycidylethers/terephthalates)s",2500,100,60.35533906,41.42135624,1.457106781,0.318309886,1012.5,8137.5,1000,8125,"confident","f51d435d168125e9210c8734b3a8599a",0.007548015,79,81,78,1,50.88834765,"<212 µm",70,1,"SLR20240330SD","river water","plastic","sample","San Lorenzo","subsurface","20240330",2024-03-30,"fragment",60.35533906,41.42135624,"polyester/PET",1.38,"TODO(cite): polymer density handbook/default table","settling","settling",0.5,20.71067812,27110.2142656692,37412.0956866236,29821.2356922362
80,"MBMS_06_70_1OF2A",0.611961123,TRUE,"poly(acrylamide/amid)s",23750,532.2816966,231.1552813,102.7447864,2.249800592,0.949313347,9233.552632,9738.815789,9225,9625,"confident","798c6cdb451bebea4788e00a1bb14523",0.022400676,123,124,118,1,166.9500338,"<212 µm",70,1,"SLR20240330SD","river water","plastic","sample","San Lorenzo","subsurface","20240330",2024-03-30,"fragment",231.1552813,102.7447864,"polyamide/acrylamide",1.14,"TODO(cite): polymer density handbook/default table","settling","settling",0.5,51.3723932,638839.901817584,728277.488072046,702723.891999342
272,"MBMS_06_70_1OF2A",0.638198654,TRUE,"poly(acrylamide/amid)s",1875,85.35533906,60.35533906,31.06601718,1.942809042,0.309207662,2166.666667,10016.66667,2175,10000,"confident","798c6cdb451bebea4788e00a1bb14523",0.00670717,96,98,95,1,45.71067812,"<212 µm",70,1,"SLR20240330SD","river water","plastic","sample","San Lorenzo","subsurface","20240330",2024-03-30,"fragment",60.35533906,31.06601718,"polyamide/acrylamide",1.14,"TODO(cite): polymer density handbook/default table","settling","settling",0.5,15.53300859,15249.4955244389,17384.4248978604,16774.4450768828
195,"MBMS_06_70_1OF2A",0.644501582,TRUE,"poly(esters/ethers/diglycidylethers/terephthalates)s",1250,50,50,25,2,0.159154943,5312.5,10750,5300,10750,"confident","f51d435d168125e9210c8734b3a8599a",0.006427445,73,74,69,1,37.5,"<212 µm",70,1,"SLR20240330SD","river water","plastic","sample","San Lorenzo","subsurface","20240330",2024-03-30,"fragment",50,25,"polyester/PET",1.38,"TODO(cite): polymer density handbook/default table","settling","settling",0.5,12.5,8181.23086872342,11290.0985988383,8999.35395559576
204,"MBMS_06_70_1OF2A",0.618158397,TRUE,"poly(propylene)",9375,285.3553391,131.0660172,71.52883869,1.832352092,0.691179526,4990,12440,4975,12400,"confident","cce3572892bb27fca9f7cffdcf5fda00",0.013133346,84,85,79,1,101.2974279,"<212 µm",70,1,"SLR20240330SD","river water","plastic","sample","San Lorenzo","subsurface","20240330",2024-03-30,"fragment",131.0660172,71.52883869,"polypropylene",0.9,"TODO(cite): polymer density handbook/default table","buoyant","buoyant",0.5,35.764419345,175558.182966563,158002.364669907,193114.001263219
250,"MBMS_06_70_1OF2A",0.653969453,TRUE,"poly(acrylamide/amid)s",1875,85.35533906,60.35533906,31.06601718,1.942809042,0.309207662,3416.666667,12466.66667,3425,12450,"confident","5ec431b73b0bc9f29f5702d5e4066224",0.008142235,72,73,68,1,45.71067812,"<212 µm",70,1,"SLR20240330SD","river water","plastic","sample","San Lorenzo","subsurface","20240330",2024-03-30,"fragment",60.35533906,31.06601718,"polyamide/acrylamide",1.14,"TODO(cite): polymer density handbook/default table","settling","settling",0.5,15.53300859,15249.4955244389,17384.4248978604,16774.4450768828
229,"MBMS_06_70_1OF2B",0.602283228,TRUE,"poly(esters/ethers/diglycidylethers/terephthalates)s",5625,206.0660172,104.0569415,54.0569415,1.924950591,0.600731442,9966.666667,2727.777778,9950,2700,"confident","3d8a1e8bdbea9d1f0619d306409706b2",0.009750828,80,81,76,1,79.0569415,"<212 µm",70,1,"SLR20240330SD","river water","plastic","sample","San Lorenzo","subsurface","20240330",2024-03-30,"fragment",104.0569415,54.0569415,"polyester/PET",1.38,"TODO(cite): polymer density handbook/default table","settling","settling",0.5,27.02847075,79605.4173149244,109855.475894596,87565.9590464168
796,"MBMS_06_70_1OF2B",0.64608799,TRUE,"poly(propylene)",3125,135.3553391,80.90169944,38.6271243,2.094427191,0.466542161,4590,5030,4600,5000,"confident","d94e422b752bbede245a02620854f15e",0.010219377,82,82,80,1,59.76441187,"<212 µm",70,1,"SLR20240330SD","river water","plastic","sample","San Lorenzo","subsurface","20240330",2024-03-30,"fragment",80.90169944,38.6271243,"polypropylene",0.9,"TODO(cite): polymer density handbook/default table","buoyant","buoyant",0.5,19.31356215,31601.7421728583,28441.5679555724,34761.9163901441
940,"MBMS_06_70_1OF2B",0.651304149,TRUE,"poly(propylene)",4375,170.7106781,80.90169944,54.07797402,1.496019422,0.530070278,2467.857143,6625,2450,6600,"confident","cce3572892bb27fca9f7cffdcf5fda00",0.010165339,72,73,68,1,67.48983673,"<212 µm",70,1,"SLR20240330SD","river water","plastic","sample","San Lorenzo","subsurface","20240330",2024-03-30,"fragment",80.90169944,54.07797402,"polypropylene",0.9,"TODO(cite): polymer density handbook/default table","buoyant","buoyant",0.5,27.03898701,61939.4146588022,55745.473192922,68133.3561246824
406,"MBMS_06_70_1OF2B",0.632922718,TRUE,"poly(acrylamide/amid)s",2500,100,60.35533906,41.42135624,1.457106781,0.318309886,8237.5,6737.5,8225,6725,"confident","1a54a78e99f5fd89f543064015d3c25a",0.00782158,113,115,112,1,50.88834765,"<212 µm",70,1,"SLR20240330SD","river water","plastic","sample","San Lorenzo","subsurface","20240330",2024-03-30,"fragment",60.35533906,41.42135624,"polyamide/acrylamide",1.14,"TODO(cite): polymer density handbook/default table","settling","settling",0.5,20.71067812,27110.2142656692,30905.6442628629,29821.2356922362
330,"MBMS_06_70_1OF2B",0.648138813,TRUE,"polyhaloolefins (vinylhalides)",51875,1093.555004,494.7073557,104.8599731,4.717790222,1.834481305,8855.421687,7478.012048,8750,7300,"confident","d4c1ecbd8a66d0052968a58a6a7f8b96",0.013612803,50,52,51,1,299.7836644,"212-500 µm",70,1,"SLR20240330SD","river water","plastic","sample","San Lorenzo","subsurface","20240330",2024-03-30,"fiber",494.7073557,104.8599731,"halogenated vinyl polymers",1.35,"TODO(cite): polymer density handbook/default table","settling","settling",0.286474508437567,30.039709248599,4272260.57203178,5767551.77224291,4699486.62923496
438,"MBMS_06_70_1OF2B",0.643373292,TRUE,"poly(propylene)",5625,220.7106781,115.1387819,48.85408641,2.356789172,0.689150855,7852.777778,8880.555556,7825,8850,"confident","a44e7a5f53cfbb2922b674face7a9b3e",0.008923685,115,116,110,1,81.99643415,"<212 µm",70,1,"SLR20240330SD","river water","plastic","sample","San Lorenzo","subsurface","20240330",2024-03-30,"fragment",115.1387819,48.85408641,"polypropylene",0.9,"TODO(cite): polymer density handbook/default table","buoyant","buoyant",0.5,24.427043205,71943.5807652231,64749.2226887008,79137.9388417454
376,"MBMS_06_70_1OF2B",0.644298167,TRUE,"poly(ethylene)",6250,220.7106781,115.1387819,54.28231824,2.121110255,0.62023577,8462.5,12100,8425,12075,"confident","547a0430f7591153f83835853d56d7d3",0.009114953,92,92,90,1,84.71055006,"<212 µm",70,1,"SLR20240330SD","river water","plastic","sample","San Lorenzo","subsurface","20240330",2024-03-30,"fragment",115.1387819,54.28231824,"polyethylene",0.94,"TODO(cite): polymer density handbook/default table","buoyant","buoyant",0.5,27.14115912,88819.2355344377,83490.0814023714,97701.1590878815
374,"MBMS_06_70_1OF2B",0.619576593,TRUE,"poly(ethylene)",3125,135.3553391,80.90169944,38.6271243,2.094427191,0.466542161,8490,12655,8500,12625,"confident","d7ba92e8ef28596e8f8fa5c9e928eb03",0.00716724,96,95,93,1,59.76441187,"<212 µm",70,1,"SLR20240330SD","river water","plastic","sample","San Lorenzo","subsurface","20240330",2024-03-30,"fragment",80.90169944,38.6271243,"polyethylene",0.94,"TODO(cite): polymer density handbook/default table","buoyant","buoyant",0.5,19.31356215,31601.7421728583,29705.6376424868,34761.9163901441
147,"MBMS_06_70_2OF2A",0.634884114,TRUE,"poly(esters/ethers/diglycidylethers/terephthalates)s",1250,50,50,25,2,0.159154943,8325,4187.5,8325,4175,"confident","f51d435d168125e9210c8734b3a8599a",0.006631612,66,68,67,1,37.5,"<212 µm",70,1,"SLR20240330SD","river water","plastic","sample","San Lorenzo","subsurface","20240330",2024-03-30,"fragment",50,25,"polyester/PET",1.38,"TODO(cite): polymer density handbook/default table","settling","settling",0.5,12.5,8181.23086872342,11290.0985988383,8999.35395559576
95,"MBMS_06_70_2OF2A",0.656596372,TRUE,"poly(ethylene)",3125,135.3553391,80.90169944,38.6271243,2.094427191,0.466542161,9595,4435,9575,4425,"confident","caf34cca4abd72124cdc8cdd2b047fa8",0.006891739,72,72,70,1,59.76441187,"<212 µm",70,1,"SLR20240330SD","river water","plastic","sample","San Lorenzo","subsurface","20240330",2024-03-30,"fragment",80.90169944,38.6271243,"polyethylene",0.94,"TODO(cite): polymer density handbook/default table","buoyant","buoyant",0.5,19.31356215,31601.7421728583,29705.6376424868,34761.9163901441
192,"MBMS_06_70_2OF2A",0.639947748,TRUE,"poly(esters/ethers/diglycidylethers/terephthalates)s",1250,50,50,25,2,0.159154943,7200,5162.5,7200,5150,"confident","574fdd5aa2fc827a9c1750629625c37d",0.006721616,75,75,73,1,37.5,"<212 µm",70,1,"SLR20240330SD","river water","plastic","sample","San Lorenzo","subsurface","20240330",2024-03-30,"fragment",50,25,"polyester/PET",1.38,"TODO(cite): polymer density handbook/default table","settling","settling",0.5,12.5,8181.23086872342,11290.0985988383,8999.35395559576
368,"MBMS_06_70_2OF2A",0.625705512,TRUE,"poly(esters/ethers/diglycidylethers/terephthalates)s",11250,320.7106781,136.8033989,82.23479893,1.663570662,0.727552695,2437.5,5769.444444,2400,5725,"confident","f51d435d168125e9210c8734b3a8599a",0.016472177,112,112,110,1,109.5190989,"<212 µm",70,1,"SLR20240330SD","river water","plastic","sample","San Lorenzo","subsurface","20240330",2024-03-30,"fragment",136.8033989,82.23479893,"polyester/PET",1.38,"TODO(cite): polymer density handbook/default table","settling","settling",0.5,41.117399465,242201.475208084,334238.035787156,266421.622728893
90,"MBMS_06_70_2OF2A",0.624612755,TRUE,"poly(acrylamide/amid)s",5625,222.3230557,104.0569415,54.0569415,1.924950591,0.699256666,9661.111111,6483.333333,9650,6450,"confident","ce7dfdf9721d555f17ea219d7f945e33",0.009489237,115,115,113,1,79.0569415,"<212 µm",70,1,"SLR20240330SD","river water","plastic","sample","San Lorenzo","subsurface","20240330",2024-03-30,"fragment",104.0569415,54.0569415,"polyamide/acrylamide",1.14,"TODO(cite): polymer density handbook/default table","settling","settling",0.5,27.02847075,79605.4173149244,90750.1757390138,87565.9590464168
131,"MBMS_06_70_2OF2A",0.60803039,TRUE,"poly(esters/ethers/diglycidylethers/terephthalates)s",1250,50,50,25,2,0.159154943,8612.5,7100,8600,7100,"confident","f51d435d168125e9210c8734b3a8599a",0.006661069,90,91,86,1,37.5,"<212 µm",70,1,"SLR20240330SD","river water","plastic","sample","San Lorenzo","subsurface","20240330",2024-03-30,"fragment",50,25,"polyester/PET",1.38,"TODO(cite): polymer density handbook/default table","settling","settling",0.5,12.5,8181.23086872342,11290.0985988383,8999.35395559576
236,"MBMS_06_70_2OF2A",0.655984665,TRUE,"poly(esters/ethers/diglycidylethers/terephthalates)s",2500,120.7106781,75,33.33333333,2.25,0.463811494,6006.25,11225,6000,11200,"confident","f51d435d168125e9210c8734b3a8599a",0.008177444,100,100,100,1,54.16666667,"<212 µm",70,1,"SLR20240330SD","river water","plastic","sample","San Lorenzo","subsurface","20240330",2024-03-30,"fragment",75,33.33333333,"polyester/PET",1.38,"TODO(cite): polymer density handbook/default table","settling","settling",0.5,16.666666665,21816.6156455658,30106.9295908808,23998.2772101224
225,"MBMS_06_70_2OF2A",0.652703398,TRUE,"poly(acrylamide/amid)s",18125,478.3890729,215.3943276,84.14799126,2.55970849,1.004788424,6280.172414,11427.58621,6275,11350,"confident","545a606fd60fb9a23c5314f651418487",0.015292728,111,110,105,1,149.7711595,"<212 µm",70,1,"SLR20240330SD","river water","plastic","sample","San Lorenzo","subsurface","20240330",2024-03-30,"fragment",215.3943276,84.14799126,"polyamide/acrylamide",1.14,"TODO(cite): polymer density handbook/default table","settling","settling",0.5,42.07399563,399291.803229015,455192.655681078,439220.983551917
198,"MBMS_06_70_2OF2A",0.624924612,TRUE,"poly(propylene)",1250,50,50,25,2,0.159154943,7000,13837.5,7000,13825,"confident","95d922e258e68158e16ad7c14c69917d",0.007429153,77,77,77,1,37.5,"<212 µm",70,1,"SLR20240330SD","river water","plastic","sample","San Lorenzo","subsurface","20240330",2024-03-30,"fragment",50,25,"polypropylene",0.9,"TODO(cite): polymer density handbook/default table","buoyant","buoyant",0.5,12.5,8181.23086872342,7363.10778185108,8999.35395559576
244,"MBMS_06_70_2OF2B",0.652382588,TRUE,"poly(ethylene)",8750,282.514077,128.0776406,68.31793556,1.874729375,0.725875717,6591.071429,923.2142857,6575,875,"confident","547a0430f7591153f83835853d56d7d3",0.010611762,111,110,108,1,98.1977881,"<212 µm",70,1,"SLR20240330SD","river water","plastic","sample","San Lorenzo","subsurface","20240330",2024-03-30,"fragment",128.0776406,68.31793556,"polyethylene",0.94,"TODO(cite): polymer density handbook/default table","buoyant","buoyant",0.5,34.15896778,156498.944871159,147109.00817889,172148.839358275
50,"MBMS_06_74_1of1",0.642296153,TRUE,"poly(propylene)",43750,781.3565943,317.6174978,137.7443003,2.305848569,1.110479747,9989.285714,1314.285714,9875,1200,"confident","e72dacd1aade1ab4a96bb7327ea38344",0.031083775,69,70,65,1,227.680899,"212-500 µm",74,1,"SRR20240429SD","river water","plastic","sample","Salinas","subsurface","20240429",2024-04-29,"fragment",317.6174978,137.7443003,"polypropylene",0.9,"TODO(cite): polymer density handbook/default table","buoyant","buoyant",0.5,68.87215015,1577685.09015686,1419916.58114118,1735453.59917255
203,"MBMS_06_74_1of1",0.650291202,TRUE,"poly(acrylamide/amid)s",3750,166.2570385,80.90169944,46.35254916,1.745355992,0.586568786,4491.666667,1770.833333,4475,1750,"confident","798c6cdb451bebea4788e00a1bb14523",0.008278487,80,81,76,1,63.6271243,"<212 µm",74,1,"SRR20240429SD","river water","plastic","sample","Salinas","subsurface","20240429",2024-04-29,"fragment",80.90169944,46.35254916,"polyamide/acrylamide",1.14,"TODO(cite): polymer density handbook/default table","settling","settling",0.5,23.17627458,45506.5087289159,51877.4199509641,50057.1596018075
227,"MBMS_06_74_1of1",0.65852764,TRUE,"polystyrenes (polyphenylethylenes, -methylstyrene)",10000,301.6123776,131.0660172,76.29742793,1.717830086,0.723916468,3215.625,3181.25,3225,3125,"confident","ab761c7e7bbf925e1fb9f46cfe6db184",0.016570733,124,124,122,1,103.6817226,"<212 µm",74,1,"SRR20240429SD","river water","plastic","sample","Salinas","subsurface","20240429",2024-04-29,"fragment",131.0660172,76.29742793,"styrenic polymers",1.05,"TODO(cite): polymer density handbook/default table","settling","settling",0.5,38.148713965,199746.199254985,209733.509217734,219720.819180483
56,"MBMS_06_74_1of1",0.614624431,TRUE,"polyhaloolefins (vinylhalides)",5625,222.3230557,104.0569415,54.0569415,1.924950591,0.699256666,9836.111111,4594.444444,9825,4550,"confident","00ad5fb85086c362d463c143fa6e1bd0",0.011808294,99,98,93,1,79.0569415,"<212 µm",74,1,"SRR20240429SD","river water","plastic","sample","Salinas","subsurface","20240429",2024-04-29,"fragment",104.0569415,54.0569415,"halogenated vinyl polymers",1.35,"TODO(cite): polymer density handbook/default table","settling","settling",0.5,27.02847075,79605.4173149244,107467.313375148,87565.9590464168
268,"MBMS_06_74_1of1",0.616151296,TRUE,"poly(acrylamide/amid)s",5000,185.3553391,95.71067812,52.24077499,1.832106781,0.546802299,978.125,4853.125,975,4825,"confident","545a606fd60fb9a23c5314f651418487",0.010319939,95,94,90,1,73.97572656,"<212 µm",74,1,"SRR20240429SD","river water","plastic","sample","Salinas","subsurface","20240429",2024-04-29,"fragment",95.71067812,52.24077499,"polyamide/acrylamide",1.14,"TODO(cite): polymer density handbook/default table","settling","settling",0.5,26.120387495,68383.0145500392,77956.6365870447,75221.3160050431
2,"MBMS_06_74_1of1",0.648486799,TRUE,"polystyrenes (polyphenylethylenes, -methylstyrene)",3750,156.0660172,80.90169944,46.35254916,1.745355992,0.516863141,13004.16667,6645.833333,13000,6625,"confident","ab761c7e7bbf925e1fb9f46cfe6db184",0.009772156,76,77,72,1,63.6271243,"<212 µm",74,1,"SRR20240429SD","river water","plastic","sample","Salinas","subsurface","20240429",2024-04-29,"fragment",80.90169944,46.35254916,"styrenic polymers",1.05,"TODO(cite): polymer density handbook/default table","settling","settling",0.5,23.17627458,45506.5087289159,47781.8341653617,50057.1596018075
59,"MBMS_06_74_1of1",0.643930506,TRUE,"poly(esters/ethers/diglycidylethers/terephthalates)s",11250,365.0453573,177.0690633,63.53453163,2.786973614,0.942608327,9813.888889,9545.833333,9800,9475,"confident","f51d435d168125e9210c8734b3a8599a",0.011603687,97,96,91,1,120.3017974,"<212 µm",74,1,"SRR20240429SD","river water","plastic","sample","Salinas","subsurface","20240429",2024-04-29,"fragment",177.0690633,63.53453163,"polyester/PET",1.38,"TODO(cite): polymer density handbook/default table","settling","settling",0.5,31.767265815,187124.641753154,258232.005619353,205837.10592847
259,"MBMS_06_74_1of1",0.630159672,TRUE,"poly(acrylamide/amid)s",5000,185.3553391,95.71067812,52.24077499,1.832106781,0.546802299,2171.875,9896.875,2150,9875,"confident","332f745baec6fe52e5b8bbf794a311b0",0.009228077,85,84,82,1,73.97572656,"<212 µm",74,1,"SRR20240429SD","river water","plastic","sample","Salinas","subsurface","20240429",2024-04-29,"fragment",95.71067812,52.24077499,"polyamide/acrylamide",1.14,"TODO(cite): polymer density handbook/default table","settling","settling",0.5,26.120387495,68383.0145500392,77956.6365870447,75221.3160050431
122,"MBMS_06_76_1OF1C",0.604695244,TRUE,"poly(propylene)",3125,135.3553391,80.90169944,38.6271243,2.094427191,0.466542161,5430,2815,5425,2800,"confident","cce3572892bb27fca9f7cffdcf5fda00",0.007667342,108,110,105,1,59.76441187,"<212 µm",76,1,"SLR20240430SS","river water","plastic","sample","San Lorenzo","surface","20240430",2024-04-30,"fragment",80.90169944,38.6271243,"polypropylene",0.9,"TODO(cite): polymer density handbook/default table","buoyant","buoyant",0.5,19.31356215,31601.7421728583,28441.5679555724,34761.9163901441
73,"MBMS_06_78_1of2",0.627569324,TRUE,"polyhaloolefins (vinylhalides)",6875,236.9677166,104.0569415,66.06959517,1.574959575,0.649973725,4863.636364,7934.090909,4850,7900,"confident","00ad5fb85086c362d463c143fa6e1bd0",0.00939364,126,126,118,1,85.06326834,"<212 µm",78,1,"SLR20240430SD","river water","plastic","sample","San Lorenzo","subsurface","20240430",2024-04-30,"fragment",104.0569415,66.06959517,"halogenated vinyl polymers",1.35,"TODO(cite): polymer density handbook/default table","settling","settling",0.5,33.034797585,118916.734519479,160537.591601296,130808.407971427
15,"MBMS_06_78_2of2",0.646069657,TRUE,"poly(esters/ethers/diglycidylethers/terephthalates)s",1250,50,50,25,2,0.159154943,7812.5,2250,7800,2250,"confident","e06a1d45898bb4823c7f6cacb3ef7f6e",0.006820203,116,113,108,1,37.5,"<212 µm",78,1,"SLR20240430SD","river water","plastic","sample","San Lorenzo","subsurface","20240430",2024-04-30,"fragment",50,25,"polyester/PET",1.38,"TODO(cite): polymer density handbook/default table","settling","settling",0.5,12.5,8181.23086872342,11290.0985988383,8999.35395559576
100,"MBMS_06_80_1of1",0.642805789,TRUE,"poly(esters/ethers/diglycidylethers/terephthalates)s",4375,185.3553391,104.0569415,42.04428784,2.474936474,0.624916913,1889.285714,5167.857143,1900,5125,"confident","f51d435d168125e9210c8734b3a8599a",0.009464447,99,99,97,1,73.05061467,"<212 µm",80,1,"PRR20240501SS","river water","plastic","sample","Pajaro","surface","20240501",2024-05-01,"fragment",104.0569415,42.04428784,"polyester/PET",1.38,"TODO(cite): polymer density handbook/default table","settling","settling",0.5,21.02214392,48156.3635761518,66455.7817350895,52971.999933767
25,"MBMS_06_80_1of1",0.612534253,TRUE,"poly(esters/ethers/diglycidylethers/terephthalates)s",6250,220.7106781,104.0569415,60.06326834,1.732455532,0.62023577,10525,6080,10500,6050,"confident","a9fe3678e3d4f5b2b8a5acdf668e5550",0.012236984,119,119,117,1,82.06010492,"<212 µm",80,1,"PRR20240501SS","river water","plastic","sample","Pajaro","surface","20240501",2024-05-01,"fragment",104.0569415,60.06326834,"polyester/PET",1.38,"TODO(cite): polymer density handbook/default table","settling","settling",0.5,30.03163417,98278.2930032047,135624.044344423,108106.122303525
77,"MBMS_06_82_1OF1A",0.618106356,TRUE,"poly(propylene)",21875,519.4817936,240.0581317,91.12376176,2.634418587,0.98170892,11770.71429,5433.571429,11700,5350,"confident","e2c9c1702d0633d0adf68bfe5d720330",0.012476204,123,127,128,1,165.5909467,"<212 µm",82,1,"PRR20240501SD","river water","plastic","sample","Pajaro","subsurface","20240501",2024-05-01,"fragment",240.0581317,91.12376176,"polypropylene",0.9,"TODO(cite): polymer density handbook/default table","buoyant","buoyant",0.5,45.56188088,521853.172847306,469667.855562575,574038.490132037
822,"MBMS_06_82_1OF1A",0.623258226,TRUE,"polystyrenes (polyphenylethylenes, -methylstyrene)",3750,170.7106781,100,37.5,2.666666667,0.618415325,3733.333333,10637.5,3725,10600,"confident","4e6df774240a2ddadda762fcc4efe61c",0.00742265,155,157,169,1,68.75,"<212 µm",82,1,"PRR20240501SD","river water","plastic","sample","Pajaro","subsurface","20240501",2024-05-01,"fragment",100,37.5,"styrenic polymers",1.05,"TODO(cite): polymer density handbook/default table","settling","settling",0.5,18.75,36815.5389092554,38656.3158547182,40497.0928001809
26,"MBMS_06_84_1of2",0.654723896,TRUE,"poly(acrylamide/amid)s",1250,50,50,25,2,0.159154943,10187.5,4400,10175,4400,"confident","798c6cdb451bebea4788e00a1bb14523",0.006411527,97,97,99,1,37.5,"<212 µm",84,1,"CRR20240506SS","river water","plastic","sample","Carmel","surface","20240506",2024-05-06,"fragment",50,25,"polyamide/acrylamide",1.14,"TODO(cite): polymer density handbook/default table","settling","settling",0.5,12.5,8181.23086872342,9326.6031903447,8999.35395559576
73,"MBMS_06_84_1of2",0.651686984,TRUE,"poly(propylene)",1250,50,50,25,2,0.159154943,6687.5,9725,6675,9725,"confident","65c63f6893bc69eb258cbe46650d8834",0.006407171,90,90,90,1,37.5,"<212 µm",84,1,"CRR20240506SS","river water","plastic","sample","Carmel","surface","20240506",2024-05-06,"fragment",50,25,"polypropylene",0.9,"TODO(cite): polymer density handbook/default table","buoyant","buoyant",0.5,12.5,8181.23086872342,7363.10778185108,8999.35395559576
100,"MBMS_06_84_1of2",0.629374116,TRUE,"poly(propylene)",1250,50,50,25,2,0.159154943,5112.5,12325,5100,12325,"confident","a10d32cb1dd62cfd2207e223abe528cb",0.006561431,78,80,79,1,37.5,"<212 µm",84,1,"CRR20240506SS","river water","plastic","sample","Carmel","surface","20240506",2024-05-06,"fragment",50,25,"polypropylene",0.9,"TODO(cite): polymer density handbook/default table","buoyant","buoyant",0.5,12.5,8181.23086872342,7363.10778185108,8999.35395559576
50,"MBMS_06_84_2of2",0.63295221,TRUE,"poly(propylene)",3125,135.3553391,80.90169944,38.6271243,2.094427191,0.466542161,8395,2990,8375,2975,"confident","889d3dec276751a0f5cc1b694182152a",0.007273552,97,99,96,1,59.76441187,"<212 µm",84,1,"CRR20240506SS","river water","plastic","sample","Carmel","surface","20240506",2024-05-06,"fragment",80.90169944,38.6271243,"polypropylene",0.9,"TODO(cite): polymer density handbook/default table","buoyant","buoyant",0.5,19.31356215,31601.7421728583,28441.5679555724,34761.9163901441
7,"MBMS_06_84_2of2",0.649821233,TRUE,"polyurethanes (isocyanates)",4375,170.7106781,80.90169944,54.07797402,1.496019422,0.530070278,11800,9542.857143,11775,9525,"confident","9b27774eee2ffbc2485ba62dcb2a2b01",0.009789627,117,119,116,1,67.48983673,"<212 µm",84,1,"CRR20240506SS","river water","plastic","sample","Carmel","surface","20240506",2024-05-06,"fragment",80.90169944,54.07797402,"polyurethane",1.2,"TODO(cite): polymer density handbook/default table","settling","settling",0.5,27.03898701,61939.4146588022,74327.2975905626,68133.3561246824
11,"MBMS_06_86_1of2",0.658529427,TRUE,"polyurethanes (isocyanates)",21250,498.7711155,226.5564437,93.79561072,2.415426926,0.931609249,9630.147059,10041.17647,9575,9975,"confident","72d28c0e1bd154daa6905ada7ea2470a",0.017420255,130,128,133,1,160.1760272,"<212 µm",86,1,"CRR20240506SD","river water","plastic","sample","Carmel","subsurface","20240506",2024-05-06,"fragment",226.5564437,93.79561072,"polyurethane",1.2,"TODO(cite): polymer density handbook/default table","settling","settling",0.5,46.89780536,521807.211110886,626168.653333063,573987.932221974
1,"MBMS_06_86_2of2",0.626379439,TRUE,"poly(acrylamide/amid)s",5625,206.0660172,104.0569415,54.0569415,1.924950591,0.600731442,12177.77778,4808.333333,12175,4775,"confident","8681123e1731dc69e476ce0c2fe4f9ea",0.008569462,144,146,143,1,79.0569415,"<212 µm",86,1,"CRR20240506SD","river water","plastic","sample","Carmel","subsurface","20240506",2024-05-06,"fragment",104.0569415,54.0569415,"polyamide/acrylamide",1.14,"TODO(cite): polymer density handbook/default table","settling","settling",0.5,27.02847075,79605.4173149244,90750.1757390138,87565.9590464168
17,"MBMS_06_86_2of2",0.640519762,TRUE,"poly(esters/ethers/diglycidylethers/terephthalates)s",6875,235.3553391,115.1387819,59.71055006,1.92828205,0.641158705,5727.272727,7834.090909,5700,7800,"confident","f51d435d168125e9210c8734b3a8599a",0.012243032,124,124,122,1,87.42466597,"<212 µm",86,1,"CRR20240506SD","river water","plastic","sample","Carmel","subsurface","20240506",2024-05-06,"fragment",115.1387819,59.71055006,"polyester/PET",1.38,"TODO(cite): polymer density handbook/default table","settling","settling",0.5,29.85527503,107471.274982271,148310.359475533,118218.402480498
12,"MBMS_06_86_2of2",0.658153414,TRUE,"polystyrenes (polyphenylethylenes, -methylstyrene)",10000,320.7106781,159.6291202,62.64521153,2.548145601,0.818496782,8250,10637.5,8250,10575,"confident","a748547e663232d317d82ae7032e44f1",0.011318831,86,86,84,1,111.1371659,"<212 µm",86,1,"CRR20240506SD","river water","plastic","sample","Carmel","subsurface","20240506",2024-05-06,"fragment",159.6291202,62.64521153,"styrenic polymers",1.05,"TODO(cite): polymer density handbook/default table","settling","settling",0.5,31.322605765,164004.780291962,172205.01930656,180405.258321158
227,"MBMS_09_07DEC23_PreDS_2of3_lft",0.647011324,TRUE,"polyhaloolefins (vinylhalides)",24375,566.6405315,255.4886114,95.40542674,2.677925357,1.048240135,5883.974359,3750.641026,5900,3675,"confident","491853995b1e137638cef297c9505ff8",0.013634076,107,109,108,1,175.4470191,"<212 µm",9,1,"SRR20231207SS","river water","plastic","sample","Salinas","surface","20231207",2023-12-07,"fragment",255.4886114,95.40542674,"halogenated vinyl polymers",1.35,"TODO(cite): polymer density handbook/default table","settling","settling",0.5,47.70271337,608816.38133116,821902.114797066,669698.019464276
381,"MBMS_09_07DEC23_PreDS_2of3_lft",0.638631705,TRUE,"poly(esters/ethers/diglycidylethers/terephthalates)s",1250,50,50,25,2,0.159154943,4437.5,5400,4425,5400,"confident","a0923cb84011d55c3b58c28776ae9a49",0.006296597,89,93,94,1,37.5,"<212 µm",9,1,"SRR20231207SS","river water","plastic","sample","Salinas","surface","20231207",2023-12-07,"fragment",50,25,"polyester/PET",1.38,"TODO(cite): polymer density handbook/default table","settling","settling",0.5,12.5,8181.23086872342,11290.0985988383,8999.35395559576
41,"MBMS_09_07DEC23_PreDS_2of3_lft",0.640955887,TRUE,"poly(propylene)",3125,135.3553391,80.90169944,38.6271243,2.094427191,0.466542161,7640,7680,7650,7650,"confident","91e74cc70a34f36e07334a04aedc35b1",0.006827651,121,121,123,1,59.76441187,"<212 µm",9,1,"SRR20231207SS","river water","plastic","sample","Salinas","surface","20231207",2023-12-07,"fragment",80.90169944,38.6271243,"polypropylene",0.9,"TODO(cite): polymer density handbook/default table","buoyant","buoyant",0.5,19.31356215,31601.7421728583,28441.5679555724,34761.9163901441
101,"MBMS_09_07DEC23_PstDS_1of1_lft",0.628420329,TRUE,"poly(propylene)",21875,543.4692221,238.6000936,91.68060107,2.6025145,1.07446428,3513.571429,4704.285714,3500,4650,"confident","e36f850fc82bbceeb7525a1ef929c168",0.014437115,129,129,127,1,165.1403474,"<212 µm",9,1,"SRR20231207SS","river water","plastic","sample","Salinas","surface","20231207",2023-12-07,"fragment",238.6000936,91.68060107,"polypropylene",0.9,"TODO(cite): polymer density handbook/default table","buoyant","buoyant",0.5,45.840300535,525042.114394445,472537.902955,577546.325833889
94,"MBMS_09_07DEC23_PstDS_1of1_lft",0.609391494,TRUE,"polysiloxanes",9375,301.6123776,150,62.5,2.4,0.772177566,3971.666667,8011.666667,3975,7975,"confident","9b8cdc09157932762e8d6694ea2ca109",0.012265653,179,158,167,1,106.25,"<212 µm",9,1,"SRR20231207SS","river water","plastic","sample","Salinas","surface","20231207",2023-12-07,"fragment",150,62.5,"silicone polymers",1.05,"TODO(cite): polymer density handbook/default table","settling","settling",0.5,31.25,153398.078788564,161067.982727992,168737.886667421
48,"MBMS_09_07DEC23_PstDS_1of1_lft",0.657362289,TRUE,"poly(acrylamide/amid)s",5625,220.7106781,115.1387819,48.85408641,2.356789172,0.689150855,6280.555556,11522.22222,6300,11475,"confident","798c6cdb451bebea4788e00a1bb14523",0.011097044,126,126,126,1,81.99643415,"<212 µm",9,1,"SRR20231207SS","river water","plastic","sample","Salinas","surface","20231207",2023-12-07,"fragment",115.1387819,48.85408641,"polyamide/acrylamide",1.14,"TODO(cite): polymer density handbook/default table","settling","settling",0.5,24.427043205,71943.5807652231,82015.6820723543,79137.9388417454
19,"MBMS_09_07DEC23_PstDS_1of1_lft",0.646193803,TRUE,"poly(acrylamide/amid)s",36250,840.9875194,372.3110997,97.36481138,3.823877379,1.55260588,7304.741379,14752.15517,7225,14575,"confident","42a55d344131d3bf09d57ac25d37585f",0.014775279,92,92,94,1,234.8379556,"212-500 µm",9,1,"SRR20231207SS","river water","plastic","sample","Salinas","surface","20231207",2023-12-07,"fiber",372.3110997,97.36481138,"polyamide/acrylamide",1.14,"TODO(cite): polymer density handbook/default table","settling","settling",0.286474508437567,27.892536479202,2772042.72112379,3160128.70208111,3049246.99323616
114,"MBMS_09_07DEC23_PstDS_1of1_rt",0.644114513,TRUE,"polyhaloolefins (vinylhalides)",3750,150,80.90169944,46.35254916,1.745355992,0.477464829,2412.5,2950,2400,2925,"confident","00ad5fb85086c362d463c143fa6e1bd0",0.008322733,88,90,85,1,63.6271243,"<212 µm",9,1,"SRR20231207SS","river water","plastic","sample","Salinas","surface","20231207",2023-12-07,"fragment",80.90169944,46.35254916,"halogenated vinyl polymers",1.35,"TODO(cite): polymer density handbook/default table","settling","settling",0.5,23.17627458,45506.5087289159,61433.7867840365,50057.1596018075
86,"MBMS_11_07DEC23_Pst3DS_1of2_lft",0.614188853,TRUE,"poly(ethylene)",78125,1144.495117,462.3213921,168.9841771,2.735885691,1.334221681,6431.8,4156.4,6350,3975,"confident","fb788f38ed6f2de291189efaec9e8176",0.021818409,103,98,92,1,315.6527846,"212-500 µm",11,1,"SRR20231207SD","river water","plastic","sample","Salinas","subsurface","20231207",2023-12-07,"fragment",462.3213921,168.9841771,"polyethylene",0.94,"TODO(cite): polymer density handbook/default table","buoyant","buoyant",0.5,84.49208855,3456246.41502958,3248871.6301278,3801871.05653254
137,"MBMS_11_07DEC23_Pst3DS_1of2_lft",0.634044633,TRUE,"poly(propylene)",7500,329.0878654,175,42.85714286,4.083333333,1.149086202,6156.25,4133.333333,6150,4050,"confident","e5882b22f9c8b0528966be0628e82a0a",0.007355271,83,86,77,1,108.9285714,"<212 µm",11,1,"SRR20231207SD","river water","plastic","sample","Salinas","subsurface","20231207",2023-12-07,"fiber",175,42.85714286,"polypropylene",0.9,"TODO(cite): polymer density handbook/default table","buoyant","buoyant",0.286474508437567,12.2774789338571,252449.409697125,227204.468727413,277694.350666838
190,"MBMS_11_07DEC23_Pst3DS_1of2_lft",0.63482588,TRUE,"poly(esters/ethers/diglycidylethers/terephthalates)s",43125,845.984711,345.1562119,124.9434271,2.762499956,1.320644894,5318.84058,5062.681159,5400,4925,"confident","be5450bf76495d79c9dfa41bcbf17a3f",0.01060929,118,120,117,1,235.0498195,"212-500 µm",11,1,"SRR20231207SD","river water","plastic","sample","Salinas","subsurface","20231207",2023-12-07,"fragment",345.1562119,124.9434271,"polyester/PET",1.38,"TODO(cite): polymer density handbook/default table","settling","settling",0.5,62.47171355,1410623.61122399,1946660.5834891,1551685.97234638
103,"MBMS_11_07DEC23_Pst3DS_1of2_lft",0.631388303,TRUE,"poly(acrylamide/amid)s",1875,85.35533906,60.35533906,31.06601718,1.942809042,0.309207662,6408.333333,5133.333333,6400,5125,"confident","e452f147702e7c8ad46716fdc1198531",0.006875748,117,119,118,1,45.71067812,"<212 µm",11,1,"SRR20231207SD","river water","plastic","sample","Salinas","subsurface","20231207",2023-12-07,"fragment",60.35533906,31.06601718,"polyamide/acrylamide",1.14,"TODO(cite): polymer density handbook/default table","settling","settling",0.5,15.53300859,15249.4955244389,17384.4248978604,16774.4450768828
163,"MBMS_11_07DEC23_Pst3DS_1of2_lft",0.607894466,TRUE,"poly(propylene)",3125,135.3553391,80.90169944,38.6271243,2.094427191,0.466542161,5780,5540,5775,5525,"confident","34ab79d14ca5df107f379342923d6a41",0.00717113,122,123,125,1,59.76441187,"<212 µm",11,1,"SRR20231207SD","river water","plastic","sample","Salinas","subsurface","20231207",2023-12-07,"fragment",80.90169944,38.6271243,"polypropylene",0.9,"TODO(cite): polymer density handbook/default table","buoyant","buoyant",0.5,19.31356215,31601.7421728583,28441.5679555724,34761.9163901441
303,"MBMS_11_07DEC23_Pst3DS_1of2_lft",0.635683983,TRUE,"polymethacrylates",16875,512.2040952,207.0027472,81.52065722,2.539267399,1.237178737,4523.148148,5735.185185,4525,5675,"confident","24c4bab6ebed2786ca3664edee7dd8a4",0.007841057,118,118,116,1,144.2617022,"<212 µm",11,1,"SRR20231207SD","river water","plastic","sample","Salinas","subsurface","20231207",2023-12-07,"fragment",207.0027472,81.52065722,"acrylic polymers",1.18,"TODO(cite): polymer density handbook/default table","settling","settling",0.5,40.76032861,360147.231294144,424973.73292709,396161.954423558
510,"MBMS_11_07DEC23_Pst3DS_1of2_lft",0.642624741,TRUE,"poly(acrylamide/amid)s",4375,185.3553391,104.0569415,42.04428784,2.474936474,0.624916913,3032.142857,5739.285714,3000,5725,"confident","e452f147702e7c8ad46716fdc1198531",0.008639679,99,99,97,1,73.05061467,"<212 µm",11,1,"SRR20231207SD","river water","plastic","sample","Salinas","subsurface","20231207",2023-12-07,"fragment",104.0569415,42.04428784,"polyamide/acrylamide",1.14,"TODO(cite): polymer density handbook/default table","settling","settling",0.5,21.02214392,48156.3635761518,54898.2544768131,52971.999933767
130,"MBMS_11_07DEC23_Pst3DS_1of2_lft",0.641608611,TRUE,"poly(ethylene)",1875,85.35533906,60.35533906,31.06601718,1.942809042,0.309207662,6191.666667,7016.666667,6200,7000,"confident","189b16d33537d147874edf50645a6bbf",0.007014246,61,58,53,1,45.71067812,"<212 µm",11,1,"SRR20231207SD","river water","plastic","sample","Salinas","subsurface","20231207",2023-12-07,"fragment",60.35533906,31.06601718,"polyethylene",0.94,"TODO(cite): polymer density handbook/default table","buoyant","buoyant",0.5,15.53300859,15249.4955244389,14334.5257929726,16774.4450768828
129,"MBMS_11_07DEC23_Pst3DS_1of2_lft",0.627152342,TRUE,"poly(esters/ethers/diglycidylethers/terephthalates)s",15625,558.1448069,279.9509757,55.81334361,5.015843122,1.586586982,6078,7663,6100,7625,"confident","8ae7aa75478a946d22d108f0c0835fb3",0.008848152,108,109,103,1,167.8821596,"<212 µm",11,1,"SRR20231207SD","river water","plastic","sample","Salinas","subsurface","20231207",2023-12-07,"fiber",279.9509757,55.81334361,"polyester/PET",1.38,"TODO(cite): polymer density handbook/default table","settling","settling",0.286474508437567,15.9891001749318,684932.774473834,945207.22877389,753426.051921217
549,"MBMS_11_07DEC23_Pst3DS_1of2_lft",0.648292855,TRUE,"polystyrenes (polyphenylethylenes, -methylstyrene)",3750,156.0660172,80.90169944,46.35254916,1.745355992,0.516863141,2804.166667,7720.833333,2800,7700,"confident","ab761c7e7bbf925e1fb9f46cfe6db184",0.007849499,120,122,121,1,63.6271243,"<212 µm",11,1,"SRR20231207SD","river water","plastic","sample","Salinas","subsurface","20231207",2023-12-07,"fragment",80.90169944,46.35254916,"styrenic polymers",1.05,"TODO(cite): polymer density handbook/default table","settling","settling",0.5,23.17627458,45506.5087289159,47781.8341653617,50057.1596018075
437,"MBMS_11_07DEC23_Pst3DS_1of2_lft",0.646960615,TRUE,"poly(acrylamide/amid)s",2500,100,60.35533906,41.42135624,1.457106781,0.318309886,3587.5,7712.5,3575,7700,"confident","0cbf3fb26f73d85fd1d678a4aade4492",0.007682612,95,94,89,1,50.88834765,"<212 µm",11,1,"SRR20231207SD","river water","plastic","sample","Salinas","subsurface","20231207",2023-12-07,"fragment",60.35533906,41.42135624,"polyamide/acrylamide",1.14,"TODO(cite): polymer density handbook/default table","settling","settling",0.5,20.71067812,27110.2142656692,30905.6442628629,29821.2356922362
275,"MBMS_11_07DEC23_Pst3DS_1of2_lft",0.640610631,TRUE,"polystyrenes (polyphenylethylenes, -methylstyrene)",5000,191.4213562,100,50,2,0.583177701,4800,8087.5,4800,8050,"confident","ab761c7e7bbf925e1fb9f46cfe6db184",0.008233086,96,96,94,1,75,"<212 µm",11,1,"SRR20231207SD","river water","plastic","sample","Salinas","subsurface","20231207",2023-12-07,"fragment",100,50,"styrenic polymers",1.05,"TODO(cite): polymer density handbook/default table","settling","settling",0.5,25,65449.8469497874,68722.3392972767,71994.8316447661
442,"MBMS_11_07DEC23_Pst3DS_1of2_lft",0.639836688,TRUE,"polystyrenes (polyphenylethylenes, -methylstyrene)",101875,1541.465345,608.0951895,167.5313368,3.62973997,1.856051598,3321.165644,8311.349693,3450,8075,"confident","4cc9914d6498f5952a2dfaff98f521d0",0.012032296,71,70,66,1,387.8132631,"212-500 µm",11,1,"SRR20231207SD","river water","plastic","sample","Salinas","subsurface","20231207",2023-12-07,"fiber",608.0951895,167.5313368,"styrenic polymers",1.05,"TODO(cite): polymer density handbook/default table","settling","settling",0.286474508437567,47.9934573576685,13404590.6811769,14074820.2152357,14745049.7492945
520,"MBMS_11_07DEC23_Pst3DS_1of2_lft",0.648569011,TRUE,"poly(ethylene)",21875,597.1537946,262.1708245,83.4379647,3.142104742,1.297222482,2863.571429,8437.142857,2800,8350,"confident","fb788f38ed6f2de291189efaec9e8176",0.009292089,78,78,76,1,172.8043946,"<212 µm",11,1,"SRR20231207SD","river water","plastic","sample","Salinas","subsurface","20231207",2023-12-07,"fiber",262.1708245,83.4379647,"polyethylene",0.94,"TODO(cite): polymer density handbook/default table","buoyant","buoyant",0.286474508437567,23.9028499224636,1433513.03009696,1347502.24829114,1576864.33310665
534,"MBMS_11_07DEC23_Pst3DS_1of2_lft",0.653820208,TRUE,"polystyrenes (polyphenylethylenes, -methylstyrene)",21875,672.1799394,334.2329219,65.44837018,5.106818107,1.643664475,2784.285714,8762.857143,2875,8700,"confident","ab761c7e7bbf925e1fb9f46cfe6db184",0.010040305,105,106,101,1,199.8406461,"<212 µm",11,1,"SRR20231207SD","river water","plastic","sample","Salinas","subsurface","20231207",2023-12-07,"fiber",334.2329219,65.44837018,"styrenic polymers",1.05,"TODO(cite): polymer density handbook/default table","settling","settling",0.286474508437567,18.7492896753554,1124441.27543204,1180663.33920364,1236885.40297524
648,"MBMS_11_07DEC23_Pst3DS_1of2_lft",0.641284843,TRUE,"poly(propylene)",22500,601.1476168,255.4886114,88.06654776,2.901085803,1.27811484,1752.777778,9218.055556,1675,9150,"confident","91e74cc70a34f36e07334a04aedc35b1",0.010277601,74,76,75,1,171.7775796,"<212 µm",11,1,"SRR20231207SD","river water","plastic","sample","Salinas","subsurface","20231207",2023-12-07,"fragment",255.4886114,88.06654776,"polypropylene",0.9,"TODO(cite): polymer density handbook/default table","buoyant","buoyant",0.5,44.03327388,518754.786459687,466879.307813718,570630.265105656
615,"MBMS_11_07DEC23_Pst3DS_1of2_lft",0.623037095,TRUE,"polystyrenes (polyphenylethylenes, -methylstyrene)",40625,1081.266816,475.6939094,85.4015559,5.570084812,2.290142527,2046.538462,9423.076923,2200,9225,"confident","4cc9914d6498f5952a2dfaff98f521d0",0.010381137,88,88,86,1,280.5477327,"212-500 µm",11,1,"SRR20231207SD","river water","plastic","sample","Salinas","subsurface","20231207",2023-12-07,"fiber",475.6939094,85.4015559,"styrenic polymers",1.05,"TODO(cite): polymer density handbook/default table","settling","settling",0.286474508437567,24.4653687462559,2724890.39658658,2861134.91641591,2997379.43624524
682,"MBMS_11_07DEC23_Pst3DS_1of2_lft",0.638016071,TRUE,"polystyrenes (polyphenylethylenes, -methylstyrene)",5000,185.3553391,95.71067812,52.24077499,1.832106781,0.546802299,1578.125,9321.875,1550,9300,"confident","ab761c7e7bbf925e1fb9f46cfe6db184",0.007362034,125,125,133,1,73.97572656,"<212 µm",11,1,"SRR20231207SD","river water","plastic","sample","Salinas","subsurface","20231207",2023-12-07,"fragment",95.71067812,52.24077499,"styrenic polymers",1.05,"TODO(cite): polymer density handbook/default table","settling","settling",0.5,26.120387495,68383.0145500392,71802.1652775412,75221.3160050431
681,"MBMS_11_07DEC23_Pst3DS_1of2_lft",0.651876935,TRUE,"poly(acrylamide/amid)s",2500,120.7106781,75,33.33333333,2.25,0.463811494,1575,9518.75,1575,9500,"confident","f5bf7f1fae4474135474eb72341fd5c6",0.006585753,66,67,61,1,54.16666667,"<212 µm",11,1,"SRR20231207SD","river water","plastic","sample","Salinas","subsurface","20231207",2023-12-07,"fragment",75,33.33333333,"polyamide/acrylamide",1.14,"TODO(cite): polymer density handbook/default table","settling","settling",0.5,16.666666665,21816.6156455658,24870.941835945,23998.2772101224
624,"MBMS_11_07DEC23_Pst3DS_1of2_lft",0.643378567,TRUE,"poly(acrylamide/amid)s",1250,50,50,25,2,0.159154943,2150,9662.5,2150,9650,"confident","f5bf7f1fae4474135474eb72341fd5c6",0.007183062,79,81,80,1,37.5,"<212 µm",11,1,"SRR20231207SD","river water","plastic","sample","Salinas","subsurface","20231207",2023-12-07,"fragment",50,25,"polyamide/acrylamide",1.14,"TODO(cite): polymer density handbook/default table","settling","settling",0.5,12.5,8181.23086872342,9326.6031903447,8999.35395559576
747,"MBMS_11_07DEC23_Pst3DS_1of2_lft",0.641749703,TRUE,"poly(esters/ethers/diglycidylethers/terephthalates)s",2500,100,60.35533906,41.42135624,1.457106781,0.318309886,912.5,9787.5,900,9775,"confident","130d6bba1adb0527a7471f3d40739be0",0.007656263,99,99,99,1,50.88834765,"<212 µm",11,1,"SRR20231207SD","river water","plastic","sample","Salinas","subsurface","20231207",2023-12-07,"fragment",60.35533906,41.42135624,"polyester/PET",1.38,"TODO(cite): polymer density handbook/default table","settling","settling",0.5,20.71067812,27110.2142656692,37412.0956866236,29821.2356922362
30,"MBMS_11_07DEC23_Pst3DS_1of2_lft",0.636080096,TRUE,"poly(esters/ethers/diglycidylethers/terephthalates)s",25000,688.0500022,295.4163457,84.62632609,3.490832691,1.506919762,6996.25,10282.5,7000,10150,"confident","370e56620e778a15d2dcb5f5c41aebe6",0.009145712,79,74,71,1,190.0213359,"<212 µm",11,1,"SRR20231207SD","river water","plastic","sample","Salinas","subsurface","20231207",2023-12-07,"fiber",295.4163457,84.62632609,"polyester/PET",1.38,"TODO(cite): polymer density handbook/default table","settling","settling",0.286474508437567,24.24328516751,1661634.02738824,2293054.95779577,1827797.43012706
7,"MBMS_11_07DEC23_Pst3DS_1of2_lft",0.656662518,TRUE,"polyurethanes (isocyanates)",1875,100,75,25,3,0.424413182,7125,10175,7125,10150,"confident","702d80347ba847ac2c9158c7f3aa9f37",0.008371933,169,62,56,1,50,"<212 µm",11,1,"SRR20231207SD","river water","plastic","sample","Salinas","subsurface","20231207",2023-12-07,"fiber",75,25,"polyurethane",1.2,"TODO(cite): polymer density handbook/default table","settling","settling",0.286474508437567,7.16186271093919,36815.5389092554,44178.6466911065,40497.0928001809
547,"MBMS_11_07DEC23_Pst3DS_1of2_lft",0.630641421,TRUE,"poly(propylene)",27500,709.5197089,329.1381265,83.55154807,3.939342048,1.456754504,2772.159091,10346.59091,2775,10175,"confident","bcb40504cf8b407c30501788e871f73a",0.016590956,121,125,124,1,206.3448373,"<212 µm",11,1,"SRR20231207SD","river water","plastic","sample","Salinas","subsurface","20231207",2023-12-07,"fiber",329.1381265,83.55154807,"polypropylene",0.9,"TODO(cite): polymer density handbook/default table","buoyant","buoyant",0.286474508437567,23.935388662551,1804583.89095223,1624125.50185701,1985042.28004745
299,"MBMS_11_07DEC23_Pst3DS_1of2_lft",0.657629415,TRUE,"poly(esters/ethers/diglycidylethers/terephthalates)s",48125,805.111002,310.0438563,155.2199762,1.997448162,1.071842359,4448.051948,10295.12987,4400,10200,"confident","ff3b919e7b978aaa8441f495e844a9e0",0.018360362,74,74,66,1,232.6319163,"212-500 µm",11,1,"SRR20231207SD","river water","plastic","sample","Salinas","subsurface","20231207",2023-12-07,"fragment",310.0438563,155.2199762,"polyester/PET",1.38,"TODO(cite): polymer density handbook/default table","settling","settling",0.5,77.6099881,1955631.30935517,2698771.20691014,2151194.44029069
472,"MBMS_11_07DEC23_Pst3DS_1of2_lft",0.611576514,TRUE,"poly(ethylene)",2500,100,60.35533906,41.42135624,1.457106781,0.318309886,3362.5,10312.5,3350,10300,"confident","6f9b9e864ab4c4fb75cad07c98825607",0.006997123,63,70,78,1,50.88834765,"<212 µm",11,1,"SRR20231207SD","river water","plastic","sample","Salinas","subsurface","20231207",2023-12-07,"fragment",60.35533906,41.42135624,"polyethylene",0.94,"TODO(cite): polymer density handbook/default table","buoyant","buoyant",0.5,20.71067812,27110.2142656692,25483.6014097291,29821.2356922362
425,"MBMS_11_07DEC23_Pst3DS_1of2_lft",0.614569695,TRUE,"poly(ethylene)",24375,696.9575686,310.0438563,78.61791004,3.943679705,1.585835695,3605.128205,10526.28205,3575,10400,"confident","caf34cca4abd72124cdc8cdd2b047fa8",0.010421768,120,119,114,1,194.3308832,"<212 µm",11,1,"SRR20231207SD","river water","plastic","sample","Salinas","subsurface","20231207",2023-12-07,"fiber",310.0438563,78.61791004,"polyethylene",0.94,"TODO(cite): polymer density handbook/default table","buoyant","buoyant",0.286474508437567,22.5220271330979,1505067.57773003,1414763.52306623,1655574.33550303
447,"MBMS_11_07DEC23_Pst3DS_1of2_lft",0.624840203,TRUE,"poly(ethylene)",1250,50,50,25,2,0.159154943,3437.5,10425,3425,10425,"confident","c30c4e0ba4cedc0cebe6f8ce319f6f95",0.007969403,85,90,94,1,37.5,"<212 µm",11,1,"SRR20231207SD","river water","plastic","sample","Salinas","subsurface","20231207",2023-12-07,"fragment",50,25,"polyethylene",0.94,"TODO(cite): polymer density handbook/default table","buoyant","buoyant",0.5,12.5,8181.23086872342,7690.35701660001,8999.35395559576
110,"MBMS_11_07DEC23_Pst3DS_1of2_lft",0.623911452,TRUE,"poly(esters/ethers/diglycidylethers/terephthalates)s",6250,251.6123776,136.8033989,45.68599941,2.994427191,0.806072531,6342.5,10470,6325,10450,"confident","f51d435d168125e9210c8734b3a8599a",0.00743681,94,94,96,1,91.24469914,"<212 µm",11,1,"SRR20231207SD","river water","plastic","sample","Salinas","subsurface","20231207",2023-12-07,"fragment",136.8033989,45.68599941,"polyester/PET",1.38,"TODO(cite): polymer density handbook/default table","settling","settling",0.5,22.842999705,74753.5417454347,103159.8876087,82228.8959199782
297,"MBMS_11_07DEC23_Pst3DS_1of2_lft",0.650049674,TRUE,"polystyrenes (polyphenylethylenes, -methylstyrene)",27500,725.9693702,290.7536453,94.58178923,3.074097537,1.525084956,4462.5,10704.54545,4400,10575,"confident","3f8857e035652a184d3b47d89f151207",0.010395088,95,94,90,1,192.6677173,"<212 µm",11,1,"SRR20231207SD","river water","plastic","sample","Salinas","subsurface","20231207",2023-12-07,"fiber",290.7536453,94.58178923,"styrenic polymers",1.05,"TODO(cite): polymer density handbook/default table","settling","settling",0.286474508437567,27.0952715768099,2042819.99750549,2144960.99738077,2247101.99725604
567,"MBMS_11_07DEC23_Pst3DS_1of2_lft",0.638238313,TRUE,"poly(propylene)",4375,191.4213562,104.0569415,42.04428784,2.474936474,0.666488801,2560.714286,10742.85714,2550,10725,"confident","34ab79d14ca5df107f379342923d6a41",0.006805786,122,117,114,1,73.05061467,"<212 µm",11,1,"SRR20231207SD","river water","plastic","sample","Salinas","subsurface","20231207",2023-12-07,"fragment",104.0569415,42.04428784,"polypropylene",0.9,"TODO(cite): polymer density handbook/default table","buoyant","buoyant",0.5,21.02214392,48156.3635761518,43340.7272185366,52971.999933767
602,"MBMS_11_07DEC23_Pst3DS_1of2_lft",0.603634261,TRUE,"poly(esters/ethers/diglycidylethers/terephthalates)s",3125,135.3553391,80.90169944,38.6271243,2.094427191,0.466542161,2380,11040,2375,11025,"confident","370e56620e778a15d2dcb5f5c41aebe6",0.007042272,74,75,69,1,59.76441187,"<212 µm",11,1,"SRR20231207SD","river water","plastic","sample","Salinas","subsurface","20231207",2023-12-07,"fragment",80.90169944,38.6271243,"polyester/PET",1.38,"TODO(cite): polymer density handbook/default table","settling","settling",0.5,19.31356215,31601.7421728583,43610.4041985444,34761.9163901441
500,"MBMS_11_07DEC23_Pst3DS_1of2_lft",0.643090182,TRUE,"polystyrenes (polyphenylethylenes, -methylstyrene)",3125,135.3553391,80.90169944,38.6271243,2.094427191,0.466542161,3190,11145,3175,11125,"confident","17d8f4a38e5431a6871d921ae5181654",0.007246985,93,95,90,1,59.76441187,"<212 µm",11,1,"SRR20231207SD","river water","plastic","sample","Salinas","subsurface","20231207",2023-12-07,"fragment",80.90169944,38.6271243,"styrenic polymers",1.05,"TODO(cite): polymer density handbook/default table","settling","settling",0.5,19.31356215,31601.7421728583,33181.8292815012,34761.9163901441
551,"MBMS_11_07DEC23_Pst3DS_1of2_lft",0.617110926,TRUE,"polystyrenes (polyphenylethylenes, -methylstyrene)",21875,607.7504556,275,79.54545455,3.457142857,1.343670122,2705,11270.71429,2625,11200,"confident","3b617d5f4bb8d639e42d0c63be971ce8",0.01328632,87,86,84,1,177.2727273,"<212 µm",11,1,"SRR20231207SD","river water","plastic","sample","Salinas","subsurface","20231207",2023-12-07,"fiber",275,79.54545455,"styrenic polymers",1.05,"TODO(cite): polymer density handbook/default table","settling","settling",0.286474508437567,22.7877449906541,1366637.42936339,1434969.30083156,1503301.17229973
199,"MBMS_11_07DEC23_Pst3DS_1of2_lft",0.622163234,TRUE,"polyhaloolefins (vinylhalides)",15000,414.4432045,183.113883,81.9162357,2.23537961,0.911231917,5378.125,11683.33333,5350,11600,"confident","3dc7e3b5248d49c0725a3d83dd5ef837",0.011758701,72,71,66,1,132.5150594,"<212 µm",11,1,"SRR20231207SD","river water","plastic","sample","Salinas","subsurface","20231207",2023-12-07,"fragment",183.113883,81.9162357,"halogenated vinyl polymers",1.35,"TODO(cite): polymer density handbook/default table","settling","settling",0.5,40.95811785,321684.305351135,434273.812224032,353852.735886248
178,"MBMS_11_07DEC23_Pst3DS_1of2_lft",0.622507819,TRUE,"poly(esters/ethers/diglycidylethers/terephthalates)s",10625,369.4989969,170.7737974,62.21680471,2.74481787,1.022557468,5620.588235,11747.05882,5575,11675,"confident","ff3b919e7b978aaa8441f495e844a9e0",0.007791986,123,122,120,1,116.495301,"<212 µm",11,1,"SRR20231207SD","river water","plastic","sample","Salinas","subsurface","20231207",2023-12-07,"fragment",170.7737974,62.21680471,"polyester/PET",1.38,"TODO(cite): polymer density handbook/default table","settling","settling",0.5,31.108402355,173063.414743341,238827.51234581,190369.756217675
219,"MBMS_11_07DEC23_Pst3DS_1of2_lft",0.604097636,TRUE,"poly(ethylene)",9375,313.4157764,150,62.5,2.4,0.833797459,5206.666667,11741.66667,5175,11700,"confident","caf34cca4abd72124cdc8cdd2b047fa8",0.008612441,83,85,82,1,106.25,"<212 µm",11,1,"SRR20231207SD","river water","plastic","sample","Salinas","subsurface","20231207",2023-12-07,"fragment",150,62.5,"polyethylene",0.94,"TODO(cite): polymer density handbook/default table","buoyant","buoyant",0.5,31.25,153398.078788564,144194.19406125,168737.886667421
335,"MBMS_11_07DEC23_Pst3DS_1of2_lft",0.623858466,TRUE,"poly(propylene)",31875,920.7339067,372.3110997,85.61388587,4.348723294,2.116450989,4162.745098,12006.37255,4150,11825,"confident","e58b30f5cf6c4238c187f7fd5f8c5f2f",0.009819486,79,78,74,1,228.9624928,"212-500 µm",11,1,"SRR20231207SD","river water","plastic","sample","Salinas","subsurface","20231207",2023-12-07,"fiber",372.3110997,85.61388587,"polypropylene",0.9,"TODO(cite): polymer density handbook/default table","buoyant","buoyant",0.286474508437567,24.5261958700382,2143306.51542072,1928975.86387864,2357637.16696279
429,"MBMS_11_07DEC23_Pst3DS_1of2_lft",0.63717677,TRUE,"polystyrenes (polyphenylethylenes, -methylstyrene)",1250,50,50,25,2,0.159154943,3600,11962.5,3600,11950,"confident","6dd5b60f94dff1a0dcace1ed25b4928a",0.007933503,139,135,132,1,37.5,"<212 µm",11,1,"SRR20231207SD","river water","plastic","sample","Salinas","subsurface","20231207",2023-12-07,"fragment",50,25,"styrenic polymers",1.05,"TODO(cite): polymer density handbook/default table","settling","settling",0.5,12.5,8181.23086872342,8590.29241215959,8999.35395559576
588,"MBMS_11_07DEC23_Pst3DS_1of2_lft",0.650277815,TRUE,"poly(esters/ethers/diglycidylethers/terephthalates)s",3750,150,80.90169944,46.35254916,1.745355992,0.477464829,2475,12037.5,2450,12025,"confident","ff3b919e7b978aaa8441f495e844a9e0",0.008444166,119,119,111,1,63.6271243,"<212 µm",11,1,"SRR20231207SD","river water","plastic","sample","Salinas","subsurface","20231207",2023-12-07,"fragment",80.90169944,46.35254916,"polyester/PET",1.38,"TODO(cite): polymer density handbook/default table","settling","settling",0.5,23.17627458,45506.5087289159,62798.9820459039,50057.1596018075
157,"MBMS_11_07DEC23_Pst3DS_1of2_lft",0.652631979,TRUE,"polystyrenes (polyphenylethylenes, -methylstyrene)",148750,2080.995947,788.2168761,188.7170962,4.176711555,2.316731108,5545.588235,12408.5084,5775,12100,"confident","9ee618a233135f879c03c782844b7a8e",0.012569825,148,150,149,1,488.4669861,"212-500 µm",11,1,"SRR20231207SD","river water","plastic","sample","Salinas","subsurface","20231207",2023-12-07,"fiber",788.2168761,188.7170962,"styrenic polymers",1.05,"TODO(cite): polymer density handbook/default table","settling","settling",0.286474508437567,54.0626373676601,22047436.542585,23149808.3697142,24252180.1968435
550,"MBMS_11_07DEC23_Pst3DS_1of2_lft",0.656648009,TRUE,"poly(ethylene)",25625,856.5009126,382.9455266,66.9155225,5.72282054,2.278147934,2607.317073,12208.53659,2725,12125,"confident","fb788f38ed6f2de291189efaec9e8176",0.009131505,96,97,99,1,224.9305245,"212-500 µm",11,1,"SRR20231207SD","river water","plastic","sample","Salinas","subsurface","20231207",2023-12-07,"fiber",382.9455266,66.9155225,"polyethylene",0.94,"TODO(cite): polymer density handbook/default table","buoyant","buoyant",0.286474508437567,19.1695914150305,1346730.29223105,1265926.47469718,1481403.32145415
39,"MBMS_11_07DEC23_Pst3DS_1of2_lft",0.632176912,TRUE,"poly(esters/ethers/diglycidylethers/terephthalates)s",141250,2051.251173,839.3248737,168.2900203,4.987371637,2.370496749,6609.734513,12557.30088,6525,12325,"confident","ff3b919e7b978aaa8441f495e844a9e0",0.013373126,124,123,121,1,503.807447,">500 µm",11,1,"SRR20231207SD","river water","plastic","sample","Salinas","subsurface","20231207",2023-12-07,"fiber",839.3248737,168.2900203,"polyester/PET",1.38,"TODO(cite): polymer density handbook/default table","settling","settling",0.286474508437567,48.2108008403907,18669672.5461179,25764148.1136426,20536639.8007296
498,"MBMS_11_07DEC23_Pst3DS_1of2_lft",0.633746984,TRUE,"polystyrenes (polyphenylethylenes, -methylstyrene)",5000,185.3553391,95.71067812,52.24077499,1.832106781,0.546802299,3178.125,12546.875,3150,12525,"confident","4cc9914d6498f5952a2dfaff98f521d0",0.008471497,102,99,92,1,73.97572656,"<212 µm",11,1,"SRR20231207SD","river water","plastic","sample","Salinas","subsurface","20231207",2023-12-07,"fragment",95.71067812,52.24077499,"styrenic polymers",1.05,"TODO(cite): polymer density handbook/default table","settling","settling",0.5,26.120387495,68383.0145500392,71802.1652775412,75221.3160050431
98,"MBMS_11_07DEC23_Pst3DS_1of2_lft",0.647187807,TRUE,"poly(acrylamide/amid)s",4375,197.1587379,104.0569415,42.04428784,2.474936474,0.70704025,6410.714286,12900,6400,12875,"confident","15d969694b6089ebe1b55445878b7e68",0.006755633,85,85,87,1,73.05061467,"<212 µm",11,1,"SRR20231207SD","river water","plastic","sample","Salinas","subsurface","20231207",2023-12-07,"fragment",104.0569415,42.04428784,"polyamide/acrylamide",1.14,"TODO(cite): polymer density handbook/default table","settling","settling",0.5,21.02214392,48156.3635761518,54898.2544768131,52971.999933767
377,"MBMS_11_07DEC23_Pst3DS_1of2_lft",0.601093169,TRUE,"polystyrenes (polyphenylethylenes, -methylstyrene)",3125,135.3553391,80.90169944,38.6271243,2.094427191,0.466542161,4015,13170,4000,13150,"confident","3b617d5f4bb8d639e42d0c63be971ce8",0.007219916,117,117,117,1,59.76441187,"<212 µm",11,1,"SRR20231207SD","river water","plastic","sample","Salinas","subsurface","20231207",2023-12-07,"fragment",80.90169944,38.6271243,"styrenic polymers",1.05,"TODO(cite): polymer density handbook/default table","settling","settling",0.5,19.31356215,31601.7421728583,33181.8292815012,34761.9163901441
48,"MBMS_11_07DEC23_Pst3DS_1of2_lft",0.6572178,TRUE,"poly(ethylene)",5625,222.3230557,104.0569415,54.0569415,1.924950591,0.699256666,6961.111111,13308.33333,6950,13275,"confident","c30c4e0ba4cedc0cebe6f8ce319f6f95",0.0091666,79,74,71,1,79.0569415,"<212 µm",11,1,"SRR20231207SD","river water","plastic","sample","Salinas","subsurface","20231207",2023-12-07,"fragment",104.0569415,54.0569415,"polyethylene",0.94,"TODO(cite): polymer density handbook/default table","buoyant","buoyant",0.5,27.02847075,79605.4173149244,74829.0922760289,87565.9590464168
337,"MBMS_11_07DEC23_Pst3DS_1of2_lft",0.602769155,TRUE,"polystyrenes (polyphenylethylenes, -methylstyrene)",39375,889.2924054,372.3110997,105.7583296,3.520395047,1.598301607,4162.301587,13498.4127,4125,13350,"confident","4cc9914d6498f5952a2dfaff98f521d0",0.013501223,97,95,83,1,239.0347147,"212-500 µm",11,1,"SRR20231207SD","river water","plastic","sample","Salinas","subsurface","20231207",2023-12-07,"fiber",372.3110997,105.7583296,"styrenic polymers",1.05,"TODO(cite): polymer density handbook/default table","settling","settling",0.286474508437567,30.2970654853382,3270581.91428005,3434111.00999405,3597640.10570805
83,"MBMS_11_07DEC23_Pst3DS_1of2_lft",0.617304398,TRUE,"polystyrenes (polyphenylethylenes, -methylstyrene)",17500,531.3958204,240.0581317,72.89900941,3.293023233,1.284068983,6541.964286,13641.07143,6600,13525,"confident","92206413a8fb04f91e42ba5fd0f982bb",0.008710413,104,104,104,1,156.4785705,"<212 µm",11,1,"SRR20231207SD","river water","plastic","sample","Salinas","subsurface","20231207",2023-12-07,"fiber",240.0581317,72.89900941,"styrenic polymers",1.05,"TODO(cite): polymer density handbook/default table","settling","settling",0.286474508437567,20.8837078863153,1001958.09192181,1052055.9965179,1102153.90111399
160,"MBMS_11_07DEC23_Pst3DS_1of2_lft",0.602202687,TRUE,"poly(ethylene)",1875,85.35533906,60.35533906,31.06601718,1.942809042,0.309207662,5783.333333,13841.66667,5775,13825,"confident","fb788f38ed6f2de291189efaec9e8176",0.006375728,83,86,79,1,45.71067812,"<212 µm",11,1,"SRR20231207SD","river water","plastic","sample","Salinas","subsurface","20231207",2023-12-07,"fragment",60.35533906,31.06601718,"polyethylene",0.94,"TODO(cite): polymer density handbook/default table","buoyant","buoyant",0.5,15.53300859,15249.4955244389,14334.5257929726,16774.4450768828
225,"MBMS_11_07DEC23_Pst3DS_1of2_lft",0.639544155,TRUE,"poly(ethylene)",8750,286.9677166,128.0776406,68.31793556,1.874729375,0.748941967,5169.642857,14230.35714,5175,14175,"confident","fb788f38ed6f2de291189efaec9e8176",0.013117505,112,113,117,1,98.1977881,"<212 µm",11,1,"SRR20231207SD","river water","plastic","sample","Salinas","subsurface","20231207",2023-12-07,"fragment",128.0776406,68.31793556,"polyethylene",0.94,"TODO(cite): polymer density handbook/default table","buoyant","buoyant",0.5,34.15896778,156498.944871159,147109.00817889,172148.839358275
17,"MBMS_11_07DEC23_Pst3DS_1of2_lft",0.638052111,TRUE,"polystyrenes (polyphenylethylenes, -methylstyrene)",223750,2662.006693,942.1968164,237.4769221,3.967530015,2.520260184,6687.639665,14806.35475,6750,14275,"confident","4cc9914d6498f5952a2dfaff98f521d0",0.01703501,103,107,106,1,589.8368693,">500 µm",11,1,"SRR20231207SD","river water","plastic","sample","Salinas","subsurface","20231207",2023-12-07,"fiber",942.1968164,237.4769221,"styrenic polymers",1.05,"TODO(cite): polymer density handbook/default table","settling","settling",0.286474508437567,68.031084523864,41732493.726514,43819118.4128397,45905743.0991654
118,"MBMS_11_07DEC23_Pst3DS_1of2_lft",0.65448988,TRUE,"poly(esters/ethers/diglycidylethers/terephthalates)s",5000,200,104.0569415,48.05061467,2.165569415,0.636619772,6187.5,14887.5,6150,14875,"confident","8e7e8c7427bc99e5640768192985aa7b",0.007431737,74,71,62,1,76.05377809,"<212 µm",11,1,"SRR20231207SD","river water","plastic","sample","Salinas","subsurface","20231207",2023-12-07,"fragment",104.0569415,48.05061467,"polyester/PET",1.38,"TODO(cite): polymer density handbook/default table","settling","settling",0.5,24.025307335,62898.107516815,86799.3883732048,69187.9182684966
639,"MBMS_11_07DEC23_Pst3DS_1of2_rt",0.638220249,TRUE,"poly(esters/ethers/diglycidylethers/terephthalates)s",9375,390.9084675,192.7050983,48.64946533,3.961093858,1.297086727,475,3361.666667,525,3325,"confident","1c282e3a65f68b33d9c597a3627ff239",0.007317514,97,99,88,1,120.6772818,"<212 µm",11,1,"CRR20231207SD","river water","plastic","sample","Carmel","subsurface","20231207",2023-12-07,"fiber",192.7050983,48.64946533,"polyester/PET",1.38,"TODO(cite): polymer density handbook/default table","settling","settling",0.286474508437567,13.9368316661622,358211.25670302,494331.534250168,394032.382373322
614,"MBMS_11_07DEC23_Pst3DS_1of2_rt",0.633311236,TRUE,"poly(acrylamide/amid)s",6875,235.3553391,115.1387819,59.71055006,1.92828205,0.641158705,797.7272727,3459.090909,775,3425,"confident","0cbf3fb26f73d85fd1d678a4aade4492",0.011159176,71,71,63,1,87.42466597,"<212 µm",11,1,"CRR20231207SD","river water","plastic","sample","Carmel","subsurface","20231207",2023-12-07,"fragment",115.1387819,59.71055006,"polyamide/acrylamide",1.14,"TODO(cite): polymer density handbook/default table","settling","settling",0.5,29.85527503,107471.274982271,122517.253479789,118218.402480498
574,"MBMS_11_07DEC23_Pst3DS_1of2_rt",0.642846875,TRUE,"poly(acrylamide/amid)s",7500,241.4213562,104.0569415,72.07592201,1.443712943,0.618415325,1187.5,3737.5,1175,3700,"confident","f5bf7f1fae4474135474eb72341fd5c6",0.009751488,74,75,69,1,88.06643175,"<212 µm",11,1,"CRR20231207SD","river water","plastic","sample","Carmel","subsurface","20231207",2023-12-07,"fragment",104.0569415,72.07592201,"polyamide/acrylamide",1.14,"TODO(cite): polymer density handbook/default table","settling","settling",0.5,36.037961005,141520.741932469,161333.645803014,155672.816125716
232,"MBMS_11_07DEC23_Pst3DS_1of2_rt",0.615654262,TRUE,"poly(propylene)",58125,1077.673709,455.1162634,127.7146186,3.563540872,1.590016919,3425.537634,4322.311828,3475,4150,"confident","bd8a53a01b0b4361588ce1ff79cce17d",0.012320603,66,67,61,1,291.415441,"212-500 µm",11,1,"CRR20231207SD","river water","plastic","sample","Carmel","subsurface","20231207",2023-12-07,"fiber",455.1162634,127.7146186,"polypropylene",0.9,"TODO(cite): polymer density handbook/default table","buoyant","buoyant",0.286474508437567,36.5869825837264,5830334.31271122,5247300.88144009,6413367.74398234
406,"MBMS_11_07DEC23_Pst3DS_1of2_rt",0.654301691,TRUE,"poly(propylene)",6250,220.7106781,115.1387819,54.28231824,2.121110255,0.62023577,2400,4262.5,2400,4225,"confident","a69f39ed8f44d6d4ce1145f1b62de5ab",0.011670439,73,74,66,1,84.71055006,"<212 µm",11,1,"CRR20231207SD","river water","plastic","sample","Carmel","subsurface","20231207",2023-12-07,"fragment",115.1387819,54.28231824,"polypropylene",0.9,"TODO(cite): polymer density handbook/default table","buoyant","buoyant",0.5,27.14115912,88819.2355344377,79937.3119809939,97701.1590878815
603,"MBMS_11_07DEC23_Pst3DS_1of2_rt",0.645156124,TRUE,"polystyrenes (polyphenylethylenes, -methylstyrene)",12500,379.6728149,177.0690633,70.59392403,2.508276253,0.91769661,882.5,4342.5,875,4300,"confident","ab761c7e7bbf925e1fb9f46cfe6db184",0.012865114,104,104,104,1,123.8314936,"<212 µm",11,1,"CRR20231207SD","river water","plastic","sample","Carmel","subsurface","20231207",2023-12-07,"fragment",177.0690633,70.59392403,"styrenic polymers",1.05,"TODO(cite): polymer density handbook/default table","settling","settling",0.5,35.296962015,231018.076216645,242568.980027478,254119.88383831
364,"MBMS_11_07DEC23_Pst3DS_1of2_rt",0.647893096,TRUE,"poly(acrylamide/amid)s",6250,220.7106781,104.0569415,60.06326834,1.732455532,0.62023577,2605,4350,2575,4325,"confident","f5bf7f1fae4474135474eb72341fd5c6",0.007950536,83,83,75,1,82.06010492,"<212 µm",11,1,"CRR20231207SD","river water","plastic","sample","Carmel","subsurface","20231207",2023-12-07,"fragment",104.0569415,60.06326834,"polyamide/acrylamide",1.14,"TODO(cite): polymer density handbook/default table","settling","settling",0.5,30.03163417,98278.2930032047,112037.254023653,108106.122303525
397,"MBMS_11_07DEC23_Pst3DS_1of2_rt",0.60944683,TRUE,"poly(ethylene)",1875,85.35533906,60.35533906,31.06601718,1.942809042,0.309207662,2441.666667,4391.666667,2450,4375,"confident","c30c4e0ba4cedc0cebe6f8ce319f6f95",0.007256737,101,104,95,1,45.71067812,"<212 µm",11,1,"CRR20231207SD","river water","plastic","sample","Carmel","subsurface","20231207",2023-12-07,"fragment",60.35533906,31.06601718,"polyethylene",0.94,"TODO(cite): polymer density handbook/default table","buoyant","buoyant",0.5,15.53300859,15249.4955244389,14334.5257929726,16774.4450768828
220,"MBMS_11_07DEC23_Pst3DS_1of2_rt",0.619679472,TRUE,"poly(propylene)",6875,251.6123776,128.0776406,53.67837794,2.386019205,0.73279321,3647.727273,4404.545455,3650,4375,"confident","06f90ad63a8605cd9a5ab188be78fefc",0.007906525,76,77,72,1,90.87800929,"<212 µm",11,1,"CRR20231207SD","river water","plastic","sample","Carmel","subsurface","20231207",2023-12-07,"fragment",128.0776406,53.67837794,"polypropylene",0.9,"TODO(cite): polymer density handbook/default table","buoyant","buoyant",0.5,26.83918897,96614.1445378076,86952.7300840269,106275.558991588
355,"MBMS_11_07DEC23_Pst3DS_1of2_rt",0.643487367,TRUE,"poly(propylene)",31875,815.006196,365.0367627,87.31997228,4.180449824,1.658294894,2583.333333,4747.54902,2600,4600,"confident","dfae3b1664eee9371630f71bcd6979fb",0.009139054,104,103,98,1,226.1783675,"212-500 µm",11,1,"CRR20231207SD","river water","plastic","sample","Carmel","subsurface","20231207",2023-12-07,"fiber",365.0367627,87.31997228,"polypropylene",0.9,"TODO(cite): polymer density handbook/default table","buoyant","buoyant",0.286474508437567,25.014946135695,2186017.64918996,1967415.88427096,2404619.41410896
208,"MBMS_11_07DEC23_Pst3DS_1of2_rt",0.626579457,TRUE,"poly(ethylene)",32500,732.4493595,282.3907535,115.0887541,2.453678082,1.313596499,3711.538462,5523.557692,3750,5400,"confident","5cc842fcb1594b03d3b1798859409672",0.010966588,74,74,66,1,198.7397538,"<212 µm",11,1,"CRR20231207SD","river water","plastic","sample","Carmel","subsurface","20231207",2023-12-07,"fragment",282.3907535,115.0887541,"polyethylene",0.94,"TODO(cite): polymer density handbook/default table","buoyant","buoyant",0.5,57.54437705,979230.374082185,920476.551637254,1077153.4114904
459,"MBMS_11_07DEC23_Pst3DS_1of2_rt",0.634216213,TRUE,"poly(acrylamide/amid)s",8125,314.4122806,159.6291202,50.89923437,3.136179201,0.968201537,2017.307692,5850,2000,5775,"confident","0cbf3fb26f73d85fd1d678a4aade4492",0.008134074,137,138,130,1,105.2641773,"<212 µm",11,1,"CRR20231207SD","river water","plastic","sample","Carmel","subsurface","20231207",2023-12-07,"fiber",159.6291202,50.89923437,"polyamide/acrylamide",1.14,"TODO(cite): polymer density handbook/default table","settling","settling",0.286474508437567,14.5813331459943,324806.342242777,370279.230156766,357286.976467055
496,"MBMS_11_07DEC23_Pst3DS_1of2_rt",0.643674234,TRUE,"polystyrenes (polyphenylethylenes, -methylstyrene)",6250,251.6123776,125,50,2.5,0.806072531,1752.5,5842.5,1700,5825,"confident","9ee618a233135f879c03c782844b7a8e",0.007106241,70,72,61,1,87.5,"<212 µm",11,1,"CRR20231207SD","river water","plastic","sample","Carmel","subsurface","20231207",2023-12-07,"fragment",125,50,"styrenic polymers",1.05,"TODO(cite): polymer density handbook/default table","settling","settling",0.5,25,81812.3086872342,85902.9241215959,89993.5395559576
436,"MBMS_11_07DEC23_Pst3DS_1of2_rt",0.638907911,TRUE,"poly(esters/ethers/diglycidylethers/terephthalates)s",37500,797.7151763,341.227766,109.8972702,3.104970355,1.350375585,2168.333333,6114.583333,2150,5975,"confident","3d8a1e8bdbea9d1f0619d306409706b2",0.014185339,107,110,103,1,225.5625181,"212-500 µm",11,1,"CRR20231207SD","river water","plastic","sample","Carmel","subsurface","20231207",2023-12-07,"fiber",341.227766,109.8972702,"polyester/PET",1.38,"TODO(cite): polymer density handbook/default table","settling","settling",0.286474508437567,31.4827664591755,3236741.78164181,4466703.6586657,3560415.95980599
471,"MBMS_11_07DEC23_Pst3DS_1of2_rt",0.652614539,TRUE,"poly(acrylamide/amid)s",1250,70.71067812,60.35533906,20.71067812,2.914213562,0.318309886,1987.5,6162.5,2000,6150,"confident","8552d37c7aa90366e146016e8c8543c1",0.006529986,102,103,97,1,40.53300859,"<212 µm",11,1,"CRR20231207SD","river water","plastic","sample","Carmel","subsurface","20231207",2023-12-07,"fragment",60.35533906,20.71067812,"polyamide/acrylamide",1.14,"TODO(cite): polymer density handbook/default table","settling","settling",0.5,10.35533906,6777.55356641731,7726.41106571573,7455.30892305904
278,"MBMS_11_07DEC23_Pst3DS_1of2_rt",0.614486323,TRUE,"poly(acrylamide/amid)s",1250,50,50,25,2,0.159154943,3200,6687.5,3200,6675,"confident","8681123e1731dc69e476ce0c2fe4f9ea",0.006936772,72,71,69,1,37.5,"<212 µm",11,1,"CRR20231207SD","river water","plastic","sample","Carmel","subsurface","20231207",2023-12-07,"fragment",50,25,"polyamide/acrylamide",1.14,"TODO(cite): polymer density handbook/default table","settling","settling",0.5,12.5,8181.23086872342,9326.6031903447,8999.35395559576
562,"MBMS_11_07DEC23_Pst3DS_1of2_rt",0.624809777,TRUE,"poly(acrylamide/amid)s",71250,1108.220425,456.5669125,156.0559866,2.925660991,1.371695037,1036.622807,7223.684211,1025,7100,"confident","f5bf7f1fae4474135474eb72341fd5c6",0.016412714,66,65,60,1,306.3114496,"212-500 µm",11,1,"CRR20231207SD","river water","plastic","sample","Carmel","subsurface","20231207",2023-12-07,"fragment",456.5669125,156.0559866,"polyamide/acrylamide",1.14,"TODO(cite): polymer density handbook/default table","settling","settling",0.5,78.0279933,2910944.52413816,3318476.7575175,3202038.97655198
182,"MBMS_11_07DEC23_Pst3DS_1of2_rt",0.631803255,TRUE,"poly(esters/ethers/diglycidylethers/terephthalates)s",1250,50,50,25,2,0.159154943,4012.5,7175,4000,7175,"confident","1b23e42c089c0ebee718d86c8b34ade5",0.006928115,100,105,101,1,37.5,"<212 µm",11,1,"CRR20231207SD","river water","plastic","sample","Carmel","subsurface","20231207",2023-12-07,"fragment",50,25,"polyester/PET",1.38,"TODO(cite): polymer density handbook/default table","settling","settling",0.5,12.5,8181.23086872342,11290.0985988383,8999.35395559576
660,"MBMS_11_07DEC23_Pst3DS_1of2_rt",0.646558557,TRUE,"poly(acrylamide/amid)s",131250,1968.585361,831.2257748,157.8993385,5.264276486,2.349629177,158.9285714,7584.880952,50,7200,"confident","42a55d344131d3bf09d57ac25d37585f",0.016202909,150,107,98,1,494.5625567,"212-500 µm",11,1,"CRR20231207SD","river water","plastic","sample","Carmel","subsurface","20231207",2023-12-07,"fiber",831.2257748,157.8993385,"polyamide/acrylamide",1.14,"TODO(cite): polymer density handbook/default table","settling","settling",0.286474508437567,45.2341353794046,16276817.8709673,18555572.3729027,17904499.658064
326,"MBMS_11_07DEC23_Pst3DS_1of2_rt",0.627146587,TRUE,"polyurethanes (isocyanates)",18750,494.5621161,205.2775638,91.3397434,2.247406837,1.038079359,2864.166667,7360,2800,7275,"confident","11acfb754b8de7fb53d98d48f6d8d1d4",0.009643086,66,67,59,1,148.3086536,"<212 µm",11,1,"CRR20231207SD","river water","plastic","sample","Carmel","subsurface","20231207",2023-12-07,"fragment",205.2775638,91.3397434,"polyurethane",1.2,"TODO(cite): polymer density handbook/default table","settling","settling",0.5,45.6698717,448362.917025387,538035.500430465,493199.208727926
96,"MBMS_11_07DEC23_Pst3DS_1of2_rt",0.625672579,TRUE,"poly(acrylamide/amid)s",4375,170.7106781,80.90169944,54.07797402,1.496019422,0.530070278,4792.857143,7375,4775,7350,"confident","8681123e1731dc69e476ce0c2fe4f9ea",0.007763129,102,103,97,1,67.48983673,"<212 µm",11,1,"CRR20231207SD","river water","plastic","sample","Carmel","subsurface","20231207",2023-12-07,"fragment",80.90169944,54.07797402,"polyamide/acrylamide",1.14,"TODO(cite): polymer density handbook/default table","settling","settling",0.5,27.03898701,61939.4146588022,70610.9327110345,68133.3561246824
328,"MBMS_11_07DEC23_Pst3DS_1of2_rt",0.604007947,TRUE,"poly(ethylene)",11875,347.1587379,159.6291202,74.39118869,2.145806822,0.807630514,2835.526316,8042.105263,2800,8000,"confident","9bcbed6f87ebb8384e82b1f1a80420b0",0.009814218,82,83,78,1,117.0101544,"<212 µm",11,1,"CRR20231207SD","river water","plastic","sample","Carmel","subsurface","20231207",2023-12-07,"fragment",159.6291202,74.39118869,"polyethylene",0.94,"TODO(cite): polymer density handbook/default table","buoyant","buoyant",0.5,37.195594345,231272.365946929,217396.023990113,254399.602541622
299,"MBMS_11_07DEC23_Pst3DS_1of2_rt",0.617734268,TRUE,"poly(ethylene)",10625,322.3230557,152.4754878,69.68333173,2.188119943,0.778115274,2995.588235,8163.235294,2975,8125,"confident","be4734977bee4432a78e0a4517fda259",0.011643537,90,92,89,1,111.0794098,"<212 µm",11,1,"CRR20231207SD","river water","plastic","sample","Carmel","subsurface","20231207",2023-12-07,"fragment",152.4754878,69.68333173,"polyethylene",0.94,"TODO(cite): polymer density handbook/default table","buoyant","buoyant",0.5,34.841665865,193832.444305273,182202.497646957,213215.6887358
104,"MBMS_11_07DEC23_Pst3DS_1of2_rt",0.654883425,TRUE,"poly(propylene)",6875,266.2570385,136.8033989,50.25459935,2.722206537,0.820577544,4611.363636,8206.818182,4625,8175,"confident","e58b30f5cf6c4238c187f7fd5f8c5f2f",0.007054679,79,82,73,1,93.52899911,"<212 µm",11,1,"CRR20231207SD","river water","plastic","sample","Carmel","subsurface","20231207",2023-12-07,"fragment",136.8033989,50.25459935,"polypropylene",0.9,"TODO(cite): polymer density handbook/default table","buoyant","buoyant",0.5,25.127299675,90451.7855083762,81406.6069575386,99496.9640592138
690,"MBMS_11_07DEC23_Pst3DS_1of2_rt",0.637148303,TRUE,"poly(acrylamide/amid)s",28125,746.8126856,301.1340254,93.39695161,3.224238267,1.578050793,61.11111111,8753.333333,0,8625,"confident","5ec431b73b0bc9f29f5702d5e4066224",0.012701654,157,42,39,1,197.2654885,"<212 µm",11,1,"CRR20231207SD","river water","plastic","sample","Carmel","subsurface","20231207",2023-12-07,"fiber",301.1340254,93.39695161,"polyamide/acrylamide",1.14,"TODO(cite): polymer density handbook/default table","settling","settling",0.286474508437567,26.755845802042,2063075.46348552,2351906.0283735,2269383.00983407
229,"MBMS_11_07DEC23_Pst3DS_1of2_rt",0.62369806,TRUE,"poly(acrylamide/amid)s",2500,100,60.35533906,41.42135624,1.457106781,0.318309886,3587.5,8687.5,3575,8675,"confident","8681123e1731dc69e476ce0c2fe4f9ea",0.006857828,255,1,0,1,50.88834765,"<212 µm",11,1,"CRR20231207SD","river water","plastic","sample","Carmel","subsurface","20231207",2023-12-07,"fragment",60.35533906,41.42135624,"polyamide/acrylamide",1.14,"TODO(cite): polymer density handbook/default table","settling","settling",0.5,20.71067812,27110.2142656692,30905.6442628629,29821.2356922362
594,"MBMS_11_07DEC23_Pst3DS_1of2_rt",0.600318241,TRUE,"poly(esters/ethers/diglycidylethers/terephthalates)s",1250,50,50,25,2,0.159154943,1012.5,8700,1000,8700,"confident","30911107ae7acb57ab219a713e9e6791",0.006287518,74,76,73,1,37.5,"<212 µm",11,1,"CRR20231207SD","river water","plastic","sample","Carmel","subsurface","20231207",2023-12-07,"fragment",50,25,"polyester/PET",1.38,"TODO(cite): polymer density handbook/default table","settling","settling",0.5,12.5,8181.23086872342,11290.0985988383,8999.35395559576
310,"MBMS_11_07DEC23_Pst3DS_1of2_rt",0.639027143,TRUE,"poly(acrylamide/amid)s",18750,551.6123776,255.4886114,73.3887898,3.481302964,1.291388365,2982.5,8865,2975,8750,"confident","f5bf7f1fae4474135474eb72341fd5c6",0.008695563,93,94,80,1,164.4387006,"<212 µm",11,1,"CRR20231207SD","river water","plastic","sample","Carmel","subsurface","20231207",2023-12-07,"fiber",255.4886114,73.3887898,"polyamide/acrylamide",1.14,"TODO(cite): polymer density handbook/default table","settling","settling",0.286474508437567,21.024017482783,1080739.13845768,1232042.61784176,1188813.05230345
372,"MBMS_11_07DEC23_Pst3DS_1of2_rt",0.614335134,TRUE,"poly(acrylamide/amid)s",3750,156.0660172,80.90169944,46.35254916,1.745355992,0.516863141,2579.166667,8895.833333,2575,8875,"confident","0cbf3fb26f73d85fd1d678a4aade4492",0.007792162,128,129,124,1,63.6271243,"<212 µm",11,1,"CRR20231207SD","river water","plastic","sample","Carmel","subsurface","20231207",2023-12-07,"fragment",80.90169944,46.35254916,"polyamide/acrylamide",1.14,"TODO(cite): polymer density handbook/default table","settling","settling",0.5,23.17627458,45506.5087289159,51877.4199509641,50057.1596018075
381,"MBMS_11_07DEC23_Pst3DS_1of2_rt",0.606398793,TRUE,"poly(acrylamide/amid)s",3125,135.3553391,80.90169944,38.6271243,2.094427191,0.466542161,2565,9030,2575,9000,"confident","42a55d344131d3bf09d57ac25d37585f",0.007395747,113,113,113,1,59.76441187,"<212 µm",11,1,"CRR20231207SD","river water","plastic","sample","Carmel","subsurface","20231207",2023-12-07,"fragment",80.90169944,38.6271243,"polyamide/acrylamide",1.14,"TODO(cite): polymer density handbook/default table","settling","settling",0.5,19.31356215,31601.7421728583,36025.9860770584,34761.9163901441
85,"MBMS_11_07DEC23_Pst3DS_1of2_rt",0.645107412,TRUE,"poly(ethylene)",6250,226.7766953,104.0569415,60.06326834,1.732455532,0.654797425,4967.5,9167.5,4975,9125,"confident","6f9b9e864ab4c4fb75cad07c98825607",0.007826685,98,99,93,1,82.06010492,"<212 µm",11,1,"CRR20231207SD","river water","plastic","sample","Carmel","subsurface","20231207",2023-12-07,"fragment",104.0569415,60.06326834,"polyethylene",0.94,"TODO(cite): polymer density handbook/default table","buoyant","buoyant",0.5,30.03163417,98278.2930032047,92381.5954230124,108106.122303525
578,"MBMS_11_07DEC23_Pst3DS_1of2_rt",0.604310414,TRUE,"polyhaloolefins (vinylhalides)",1875,85.35533906,60.35533906,31.06601718,1.942809042,0.309207662,1191.666667,9191.666667,1200,9175,"confident","8f9f253ed25bd3a2b8efe9f0cfeb685c",0.006709984,101,102,96,1,45.71067812,"<212 µm",11,1,"CRR20231207SD","river water","plastic","sample","Carmel","subsurface","20231207",2023-12-07,"fragment",60.35533906,31.06601718,"halogenated vinyl polymers",1.35,"TODO(cite): polymer density handbook/default table","settling","settling",0.5,15.53300859,15249.4955244389,20586.8189579926,16774.4450768828
95,"MBMS_11_07DEC23_Pst3DS_1of2_rt",0.627008748,TRUE,"poly(esters/ethers/diglycidylethers/terephthalates)s",1250,50,50,25,2,0.159154943,4800,9212.5,4800,9200,"confident","8e7e8c7427bc99e5640768192985aa7b",0.007002529,124,126,123,1,37.5,"<212 µm",11,1,"CRR20231207SD","river water","plastic","sample","Carmel","subsurface","20231207",2023-12-07,"fragment",50,25,"polyester/PET",1.38,"TODO(cite): polymer density handbook/default table","settling","settling",0.5,12.5,8181.23086872342,11290.0985988383,8999.35395559576
69,"MBMS_11_07DEC23_Pst3DS_1of2_rt",0.653893272,TRUE,"polystyrenes (polyphenylethylenes, -methylstyrene)",7500,291.4213562,159.6291202,46.98390865,3.397527468,0.901097164,5262.5,9250,5250,9225,"confident","9ee618a233135f879c03c782844b7a8e",0.007474511,100,101,96,1,103.3065144,"<212 µm",11,1,"CRR20231207SD","river water","plastic","sample","Carmel","subsurface","20231207",2023-12-07,"fiber",159.6291202,46.98390865,"styrenic polymers",1.05,"TODO(cite): polymer density handbook/default table","settling","settling",0.286474508437567,13.4596921349843,276758.066772139,290595.970110746,304433.873449353
144,"MBMS_11_07DEC23_Pst3DS_1of2_rt",0.620223774,TRUE,"poly(esters/ethers/diglycidylethers/terephthalates)s",3750,170.7106781,100,37.5,2.666666667,0.618415325,4287.5,9291.666667,4275,9275,"confident","96bfb5cff00985f69d7b000c6ed1011d",0.007977466,74,73,69,1,68.75,"<212 µm",11,1,"CRR20231207SD","river water","plastic","sample","Carmel","subsurface","20231207",2023-12-07,"fragment",100,37.5,"polyester/PET",1.38,"TODO(cite): polymer density handbook/default table","settling","settling",0.5,18.75,36815.5389092554,50805.4436947724,40497.0928001809
308,"MBMS_11_07DEC23_Pst3DS_1of2_rt",0.642895517,TRUE,"poly(propylene)",3125,135.3553391,80.90169944,38.6271243,2.094427191,0.466542161,2995,10235,2975,10225,"confident","d94e422b752bbede245a02620854f15e",0.007141766,79,84,78,1,59.76441187,"<212 µm",11,1,"CRR20231207SD","river water","plastic","sample","Carmel","subsurface","20231207",2023-12-07,"fragment",80.90169944,38.6271243,"polypropylene",0.9,"TODO(cite): polymer density handbook/default table","buoyant","buoyant",0.5,19.31356215,31601.7421728583,28441.5679555724,34761.9163901441
361,"MBMS_11_07DEC23_Pst3DS_1of2_rt",0.649934053,TRUE,"poly(ethylene)",83750,1310.171273,573.86246,145.9408932,3.932156693,1.631028185,2480.597015,10617.16418,2375,10350,"confident","41b4f48734d1a37df171c4b96f6cf4db",0.011998979,89,90,92,1,359.9016766,"212-500 µm",11,1,"CRR20231207SD","river water","plastic","sample","Carmel","subsurface","20231207",2023-12-07,"fiber",573.86246,145.9408932,"polyethylene",0.94,"TODO(cite): polymer density handbook/default table","buoyant","buoyant",0.286474508437567,41.8083456404095,9599568.16770887,9023594.07764634,10559524.9844798
707,"MBMS_11_07DEC23_Pst3DS_1of2_rt",0.607749337,TRUE,"poly(esters/ethers/diglycidylethers/terephthalates)s",2500,150,100,25,4,0.716197244,0,10612.5,0,10575,"confident","8e7e8c7427bc99e5640768192985aa7b",0.007834206,158,43,36,1,62.5,"<212 µm",11,1,"CRR20231207SD","river water","plastic","sample","Carmel","subsurface","20231207",2023-12-07,"fiber",100,25,"polyester/PET",1.38,"TODO(cite): polymer density handbook/default table","settling","settling",0.286474508437567,7.16186271093919,49087.3852123405,67740.5915930299,53996.1237335746
656,"MBMS_11_07DEC23_Pst3DS_1of2_rt",0.655414916,TRUE,"poly(acrylamide/amid)s",3125,135.3553391,80.90169944,38.6271243,2.094427191,0.466542161,385,10780,375,10750,"confident","5ec431b73b0bc9f29f5702d5e4066224",0.00785744,87,92,86,1,59.76441187,"<212 µm",11,1,"CRR20231207SD","river water","plastic","sample","Carmel","subsurface","20231207",2023-12-07,"fragment",80.90169944,38.6271243,"polyamide/acrylamide",1.14,"TODO(cite): polymer density handbook/default table","settling","settling",0.5,19.31356215,31601.7421728583,36025.9860770584,34761.9163901441
187,"MBMS_11_07DEC23_Pst3DS_1of2_rt",0.631189831,TRUE,"poly(esters/ethers/diglycidylethers/terephthalates)s",3750,150,80.90169944,46.35254916,1.745355992,0.477464829,3975,10812.5,3950,10800,"confident","f51d435d168125e9210c8734b3a8599a",0.007017623,88,90,89,1,63.6271243,"<212 µm",11,1,"CRR20231207SD","river water","plastic","sample","Carmel","subsurface","20231207",2023-12-07,"fragment",80.90169944,46.35254916,"polyester/PET",1.38,"TODO(cite): polymer density handbook/default table","settling","settling",0.5,23.17627458,45506.5087289159,62798.9820459039,50057.1596018075
307,"MBMS_11_07DEC23_Pst3DS_1of2_rt",0.632020919,TRUE,"poly(propylene)",15000,528.0604374,248.6067977,60.33624235,4.120355992,1.47933366,2957.291667,11018.75,2975,10925,"confident","e58b30f5cf6c4238c187f7fd5f8c5f2f",0.007087022,97,99,94,1,154.4715201,"<212 µm",11,1,"CRR20231207SD","river water","plastic","sample","Carmel","subsurface","20231207",2023-12-07,"fiber",248.6067977,60.33624235,"polypropylene",0.9,"TODO(cite): polymer density handbook/default table","buoyant","buoyant",0.286474508437567,17.2847953681862,710819.608724881,639737.647852393,781901.569597369
130,"MBMS_11_07DEC23_Pst3DS_1of2_rt",0.604173173,TRUE,"poly(acrylamide/amid)s",5625,216.2570385,104.0569415,54.0569415,1.924950591,0.661619218,4419.444444,10966.66667,4400,10925,"confident","8681123e1731dc69e476ce0c2fe4f9ea",0.008549334,133,134,128,1,79.0569415,"<212 µm",11,1,"CRR20231207SD","river water","plastic","sample","Carmel","subsurface","20231207",2023-12-07,"fragment",104.0569415,54.0569415,"polyamide/acrylamide",1.14,"TODO(cite): polymer density handbook/default table","settling","settling",0.5,27.02847075,79605.4173149244,90750.1757390138,87565.9590464168
505,"MBMS_11_07DEC23_Pst3DS_1of2_rt",0.657857608,TRUE,"poly(acrylamide/amid)s",16875,506.5601381,225,75,3,1.210064103,1622.222222,11256.48148,1600,11150,"confident","0cbf3fb26f73d85fd1d678a4aade4492",0.008950081,96,98,93,1,150,"<212 µm",11,1,"CRR20231207SD","river water","plastic","sample","Carmel","subsurface","20231207",2023-12-07,"fiber",225,75,"polyamide/acrylamide",1.14,"TODO(cite): polymer density handbook/default table","settling","settling",0.286474508437567,21.4855881328176,994019.550549896,1133182.28762688,1093421.50560489
250,"MBMS_11_07DEC23_Pst3DS_1of2_rt",0.654197682,TRUE,"poly(propylene)",8750,363.4329797,177.0690633,49.41574682,3.58325179,1.201242675,3401.785714,11207.14286,3375,11150,"confident","a2f0c46efef830ad5f73b13103adfc0b",0.008886843,85,87,82,1,113.242405,"<212 µm",11,1,"CRR20231207SD","river water","plastic","sample","Carmel","subsurface","20231207",2023-12-07,"fiber",177.0690633,49.41574682,"polypropylene",0.9,"TODO(cite): polymer density handbook/default table","buoyant","buoyant",0.286474508437567,14.1563517793348,339596.572024724,305636.914822252,373556.229227197
618,"MBMS_11_07DEC23_Pst3DS_1of2_rt",0.635475162,TRUE,"poly(esters/ethers/diglycidylethers/terephthalates)s",1250,50,50,25,2,0.159154943,762.5,11475,750,11475,"confident","f51d435d168125e9210c8734b3a8599a",0.00691259,96,99,90,1,37.5,"<212 µm",11,1,"CRR20231207SD","river water","plastic","sample","Carmel","subsurface","20231207",2023-12-07,"fragment",50,25,"polyester/PET",1.38,"TODO(cite): polymer density handbook/default table","settling","settling",0.5,12.5,8181.23086872342,11290.0985988383,8999.35395559576
640,"MBMS_11_07DEC23_Pst3DS_1of2_rt",0.635096131,TRUE,"poly(propylene)",88125,1553.300682,606.4851675,145.3044604,4.173892294,2.17872327,254.0780142,11915.24823,425,11650,"confident","e58b30f5cf6c4238c187f7fd5f8c5f2f",0.01125147,100,103,96,1,375.8948139,"212-500 µm",11,1,"CRR20231207SD","river water","plastic","sample","Carmel","subsurface","20231207",2023-12-07,"fiber",606.4851675,145.3044604,"polypropylene",0.9,"TODO(cite): polymer density handbook/default table","buoyant","buoyant",0.286474508437567,41.626023866876,10056988.5897021,9051289.73073186,11062687.4486723
324,"MBMS_11_07DEC23_Pst3DS_1of2_rt",0.62785619,TRUE,"poly(propylene)",7500,256.0660172,128.0776406,58.55823048,2.187184271,0.695717241,2904.166667,11672.91667,2875,11650,"confident","a2f0c46efef830ad5f73b13103adfc0b",0.009762776,69,70,64,1,93.31793556,"<212 µm",11,1,"CRR20231207SD","river water","plastic","sample","Carmel","subsurface","20231207",2023-12-07,"fragment",128.0776406,58.55823048,"polypropylene",0.9,"TODO(cite): polymer density handbook/default table","buoyant","buoyant",0.5,29.27911524,114978.816640036,103480.934976032,126476.698304039
340,"MBMS_11_07DEC23_Pst3DS_1of2_rt",0.610830773,TRUE,"poly(ethylene)",50000,1018.831589,450,111.1111111,4.05,1.652056649,2643.125,11844.375,2525,11725,"confident","fb788f38ed6f2de291189efaec9e8176",0.011472605,77,76,72,1,280.5555556,"212-500 µm",11,1,"CRR20231207SD","river water","plastic","sample","Carmel","subsurface","20231207",2023-12-07,"fiber",450,111.1111111,"polyethylene",0.94,"TODO(cite): polymer density handbook/default table","buoyant","buoyant",0.286474508437567,31.8305009343244,4363323.12911316,4101523.74136637,4799655.44202448
664,"MBMS_11_07DEC23_Pst3DS_1of2_rt",0.617371095,TRUE,"poly(propylene)",59375,1127.702609,475.6939094,124.8176586,3.811110661,1.70441632,157.6315789,12639.47368,150,12500,"confident","e58b30f5cf6c4238c187f7fd5f8c5f2f",0.013277912,111,88,74,1,300.255784,"212-500 µm",11,1,"CRR20231207SD","river water","plastic","sample","Carmel","subsurface","20231207",2023-12-07,"fiber",475.6939094,124.8176586,"polypropylene",0.9,"TODO(cite): polymer density handbook/default table","buoyant","buoyant",0.286474508437567,35.7570773917631,5820623.86274567,5238561.4764711,6402686.24902024
260,"MBMS_11_07DEC23_Pst3DS_1of2_rt",0.6078097,TRUE,"polymethacrylates",9375,330.9016994,159.6291202,58.72988581,2.718021974,0.92943036,3303.333333,12873.33333,3250,12850,"confident","f63fc004faf6d92768ebf1403822f169",0.010257637,64,64,62,1,109.179503,"<212 µm",11,1,"CRR20231207SD","river water","plastic","sample","Carmel","subsurface","20231207",2023-12-07,"fragment",159.6291202,58.72988581,"acrylic polymers",1.18,"TODO(cite): polymer density handbook/default table","settling","settling",0.5,29.364942905,144144.82643155,170090.895189229,158559.309074705
685,"MBMS_11_07DEC23_Pst3DS_1of2_rt",0.624470867,TRUE,"poly(esters/ethers/diglycidylethers/terephthalates)s",20625,494.3174759,205.2775638,100.4737177,2.043097124,0.942775109,141.6666667,13197.72727,150,13125,"confident","8203b7177197034e201504a9dcaa1ba5",0.013773772,77,53,41,1,152.8756408,"<212 µm",11,1,"CRR20231207SD","river water","plastic","sample","Carmel","subsurface","20231207",2023-12-07,"fragment",205.2775638,100.4737177,"polyester/PET",1.38,"TODO(cite): polymer density handbook/default table","settling","settling",0.5,50.23685885,542519.12916875,748676.398252874,596771.042085625
419,"MBMS_11_07DEC23_Pst3DS_1of2_rt",0.649006462,TRUE,"poly(propylene)",53125,946.1466212,389.0054945,136.5661945,2.848475759,1.340936087,2209.411765,13405,2200,13300,"confident","e58b30f5cf6c4238c187f7fd5f8c5f2f",0.014862967,96,97,92,1,262.7858445,"212-500 µm",11,1,"CRR20231207SD","river water","plastic","sample","Carmel","subsurface","20231207",2023-12-07,"fragment",389.0054945,136.5661945,"polypropylene",0.9,"TODO(cite): polymer density handbook/default table","buoyant","buoyant",0.5,68.28309725,1899375.26315334,1709437.736838,2089312.78946867
653,"MBMS_11_07DEC23_Pst3DS_1of2_rt",0.653778622,TRUE,"poly(acrylamide/amid)s",5625,216.2570385,104.0569415,54.0569415,1.924950591,0.661619218,383.3333333,14113.88889,375,14075,"confident","a75d013f705cfc18cc4e8e2cce355957",0.008855299,73,74,68,1,79.0569415,"<212 µm",11,1,"CRR20231207SD","river water","plastic","sample","Carmel","subsurface","20231207",2023-12-07,"fragment",104.0569415,54.0569415,"polyamide/acrylamide",1.14,"TODO(cite): polymer density handbook/default table","settling","settling",0.5,27.02847075,79605.4173149244,90750.1757390138,87565.9590464168
35,"MBMS_11_07DEC23_Pst3DS_2of2_lft",0.602634092,TRUE,"poly(esters/ethers/diglycidylethers/terephthalates)s",5625,200,95.71067812,58.77087187,1.628539361,0.565884242,3925,9550,3900,9525,"confident","30911107ae7acb57ab219a713e9e6791",0.007652114,80,82,79,1,77.24077499,"<212 µm",11,1,"CRR20231207SD","river water","plastic","sample","Carmel","subsurface","20231207",2023-12-07,"fragment",95.71067812,58.77087187,"polyester/PET",1.38,"TODO(cite): polymer density handbook/default table","settling","settling",0.5,29.385435935,86547.2528083012,119435.208875456,95201.9780891313
49,"MBMS_11_07DEC23_Pst3DS_2of2_lft",0.65503867,TRUE,"poly(propylene)",7500,272.3230557,136.8033989,54.82319929,2.495355992,0.786860412,2887.5,12770.83333,2900,12725,"confident","9ac8ee0a783a8fe9ac06b5a61ad80109",0.00804357,56,55,51,1,95.81329908,"<212 µm",11,1,"CRR20231207SD","river water","plastic","sample","Carmel","subsurface","20231207",2023-12-07,"fragment",136.8033989,54.82319929,"polypropylene",0.9,"TODO(cite): polymer density handbook/default table","buoyant","buoyant",0.5,27.411599645,107645.100105572,96880.5900950147,118409.610116129
25,"MBMS_11_07DEC23_Pst3DS_2of2_lft",0.600938304,TRUE,"polyurethanes (isocyanates)",2500,120.7106781,75,33.33333333,2.25,0.463811494,4756.25,13825,4750,13800,"confident","5b1ae31db4e4ea788958eaec7a7f772c",0.007256184,88,88,78,1,54.16666667,"<212 µm",11,1,"CRR20231207SD","river water","plastic","sample","Carmel","subsurface","20231207",2023-12-07,"fragment",75,33.33333333,"polyurethane",1.2,"TODO(cite): polymer density handbook/default table","settling","settling",0.5,16.666666665,21816.6156455658,26179.938774679,23998.2772101224
21,"MBMS_11_07DEC23_Pst3DS_2of2_rt",0.621206519,TRUE,"poly(esters/ethers/diglycidylethers/terephthalates)s",51875,916.5132334,353.8236609,146.6125806,2.413324011,1.288574422,2196.987952,9252.409639,2200,9075,"confident","f51d435d168125e9210c8734b3a8599a",0.018927377,139,141,140,1,250.2181208,"212-500 µm",11,1,"CRR20231207SD","river water","plastic","sample","Carmel","subsurface","20231207",2023-12-07,"fragment",353.8236609,146.6125806,"polyester/PET",1.38,"TODO(cite): polymer density handbook/default table","settling","settling",0.5,73.3062903,1991122.47451803,2747749.01483488,2190234.72196983
9,"MBMS_11_07DEC23_Pst3DS_2of2_rt",0.602110386,TRUE,"polyurethanes (isocyanates)",1250,50,50,25,2,0.159154943,5212.5,9150,5200,9150,"confident","88fe35cbb87de663d3c00287696dc84b",0.007007084,99,99,97,1,37.5,"<212 µm",11,1,"CRR20231207SD","river water","plastic","sample","Carmel","subsurface","20231207",2023-12-07,"fragment",50,25,"polyurethane",1.2,"TODO(cite): polymer density handbook/default table","settling","settling",0.5,12.5,8181.23086872342,9817.4770424681,8999.35395559576
52,"MBMS_11_07DEC23_Pst3DS_2of2_rt",0.641997339,TRUE,"polystyrenes (polyphenylethylenes, -methylstyrene)",35000,773.3112976,310.0438563,112.8872554,2.746491223,1.359661504,270.0892857,9912.5,250,9800,"confident","4cc9914d6498f5952a2dfaff98f521d0",0.011955865,75,75,77,1,211.4655559,"<212 µm",11,1,"CRR20231207SD","river water","plastic","sample","Carmel","subsurface","20231207",2023-12-07,"fragment",310.0438563,112.8872554,"styrenic polymers",1.05,"TODO(cite): polymer density handbook/default table","settling","settling",0.5,56.4436277,1034383.50213565,1086102.67724244,1137821.85234922
54,"MBMS_11_07DEC23_Pst3DS_2of2_rt",0.625328494,TRUE,"polymethacrylates",1250,50,50,25,2,0.159154943,387.5,9850,375,9850,"confident","f63fc004faf6d92768ebf1403822f169",0.006294462,80,81,76,1,37.5,"<212 µm",11,1,"CRR20231207SD","river water","plastic","sample","Carmel","subsurface","20231207",2023-12-07,"fragment",50,25,"acrylic polymers",1.18,"TODO(cite): polymer density handbook/default table","settling","settling",0.5,12.5,8181.23086872342,9653.85242509363,8999.35395559576
40,"MBMS_11_07DEC23_Pst3DS_2of2_rt",0.635879001,TRUE,"polyurethanes (isocyanates)",8125,282.514077,136.8033989,59.39179923,2.303405532,0.781712311,838.4615385,10313.46154,800,10275,"confident","0adbfce0b64ab410b0d0889fbb0a88cc",0.010067744,105,107,104,1,98.09759905,"<212 µm",11,1,"CRR20231207SD","river water","plastic","sample","Carmel","subsurface","20231207",2023-12-07,"fragment",136.8033989,59.39179923,"polyurethane",1.2,"TODO(cite): polymer density handbook/default table","settling","settling",0.5,29.695899615,126333.485537022,151600.182644426,138966.834090724
35,"MBMS_11_07DEC23_Pst3DS_2of2_rt",0.623939002,TRUE,"cellulose derivatives (ether cellulose)",2500,120.7106781,75,33.33333333,2.25,0.463811494,1200,10606.25,1175,10600,"confident","1c8a6c88bc1f17e9780cd09d007270a7",0.006865755,104,100,89,1,54.16666667,"<212 µm",11,1,"CRR20231207SD","river water","plastic","sample","Carmel","subsurface","20231207",2023-12-07,"fragment",75,33.33333333,"cellulose derivatives",1.5,"TODO(cite): polymer density handbook/default table","settling","settling",0.5,16.666666665,21816.6156455658,32724.9234683487,23998.2772101224
44,"MBMS_11_07DEC23_Pst3DS_2of2_rt",0.655162313,TRUE,"poly(esters/ethers/diglycidylethers/terephthalates)s",3125,135.3553391,80.90169944,38.6271243,2.094427191,0.466542161,580,11035,550,11025,"confident","fc8feff1f38ac28b753e75f2a0395dbd",0.007892737,74,70,67,1,59.76441187,"<212 µm",11,1,"CRR20231207SD","river water","plastic","sample","Carmel","subsurface","20231207",2023-12-07,"fragment",80.90169944,38.6271243,"polyester/PET",1.38,"TODO(cite): polymer density handbook/default table","settling","settling",0.5,19.31356215,31601.7421728583,43610.4041985444,34761.9163901441
30,"MBMS_11_07DEC23_Pst3DS_2of2_rt",0.620323761,TRUE,"poly(ethylene)",5625,206.0660172,104.0569415,54.0569415,1.924950591,0.600731442,1541.666667,12052.77778,1525,12025,"confident","80758e7ccd26f153eabd129922915c98",0.010241747,128,128,120,1,79.0569415,"<212 µm",11,1,"CRR20231207SD","river water","plastic","sample","Carmel","subsurface","20231207",2023-12-07,"fragment",104.0569415,54.0569415,"polyethylene",0.94,"TODO(cite): polymer density handbook/default table","buoyant","buoyant",0.5,27.02847075,79605.4173149244,74829.0922760289,87565.9590464168
41,"MBMS_11_07DEC23_Pst3DS_2of2_rt",0.613966825,TRUE,"polyurethanes (isocyanates)",8750,286.9677166,128.0776406,68.31793556,1.874729375,0.748941967,816.0714286,12378.57143,775,12350,"confident","967b8857b16c7c6329490b839c5edca5",0.012840182,74,76,73,1,98.1977881,"<212 µm",11,1,"CRR20231207SD","river water","plastic","sample","Carmel","subsurface","20231207",2023-12-07,"fragment",128.0776406,68.31793556,"polyurethane",1.2,"TODO(cite): polymer density handbook/default table","settling","settling",0.5,34.15896778,156498.944871159,187798.733845391,172148.839358275
16,"MBMS_11_07DEC23_Pst3DS_2of2_rt",0.601540794,TRUE,"poly(esters/ethers/diglycidylethers/terephthalates)s",4375,191.4213562,104.0569415,42.04428784,2.474936474,0.666488801,2785.714286,12632.14286,2775,12600,"confident","f51d435d168125e9210c8734b3a8599a",0.007676189,105,106,101,1,73.05061467,"<212 µm",11,1,"CRR20231207SD","river water","plastic","sample","Carmel","subsurface","20231207",2023-12-07,"fragment",104.0569415,42.04428784,"polyester/PET",1.38,"TODO(cite): polymer density handbook/default table","settling","settling",0.5,21.02214392,48156.3635761518,66455.7817350895,52971.999933767
73,"MBMS_14_07DEC23_Pst3DS_1of2_lft",0.602676951,TRUE,"polyurethanes (isocyanates)",7500,256.0660172,115.1387819,65.13878189,1.767591879,0.695717241,3391.666667,4297.916667,3400,4250,"confident","8b21ed522f72dfbd8c95c4f25a263f7e",0.012056347,118,118,118,1,90.13878189,"<212 µm",14,1,"PRR20231218SS","river water","plastic","sample","Pajaro","surface","20231218",2023-12-18,"fragment",115.1387819,65.13878189,"polyurethane",1.2,"TODO(cite): polymer density handbook/default table","settling","settling",0.5,32.569390945,127899.699177444,153479.639012933,140689.669095189
100,"MBMS_14_07DEC23_Pst3DS_1of2_lft",0.600858091,TRUE,"polyurethanes (isocyanates)",5000,185.3553391,95.71067812,52.24077499,1.832106781,0.546802299,2571.875,5746.875,2550,5725,"confident","55494be675e9f0d9c5fdc91b359e1f3d",0.010251509,86,86,84,1,73.97572656,"<212 µm",14,1,"PRR20231218SS","river water","plastic","sample","Pajaro","surface","20231218",2023-12-18,"fragment",95.71067812,52.24077499,"polyurethane",1.2,"TODO(cite): polymer density handbook/default table","settling","settling",0.5,26.120387495,68383.0145500392,82059.6174600471,75221.3160050431
96,"MBMS_14_07DEC23_Pst3DS_1of2_lft",0.659501132,TRUE,"polymethacrylates",1250,50,50,25,2,0.159154943,2900,8687.5,2900,8675,"confident","bde2fbcf3a37e1b7e7a8a21ad5b9d207",0.006399033,123,124,119,1,37.5,"<212 µm",14,1,"PRR20231218SS","river water","plastic","sample","Pajaro","surface","20231218",2023-12-18,"fragment",50,25,"acrylic polymers",1.18,"TODO(cite): polymer density handbook/default table","settling","settling",0.5,12.5,8181.23086872342,9653.85242509363,8999.35395559576
111,"MBMS_14_07DEC23_Pst3DS_1of2_lft",0.647672542,TRUE,"poly(acrylamide/amid)s",6875,235.3553391,115.1387819,59.71055006,1.92828205,0.641158705,1765.909091,9202.272727,1750,9175,"confident","798c6cdb451bebea4788e00a1bb14523",0.011051327,102,102,110,1,87.42466597,"<212 µm",14,1,"PRR20231218SS","river water","plastic","sample","Pajaro","surface","20231218",2023-12-18,"fragment",115.1387819,59.71055006,"polyamide/acrylamide",1.14,"TODO(cite): polymer density handbook/default table","settling","settling",0.5,29.85527503,107471.274982271,122517.253479789,118218.402480498
34,"MBMS_14_07DEC23_Pst3DS_1of2_rt",0.65625503,TRUE,"poly(acrylamide/amid)s",5000,185.3553391,95.71067812,52.24077499,1.832106781,0.546802299,2921.875,5028.125,2900,5000,"confident","798c6cdb451bebea4788e00a1bb14523",0.011646526,195,195,197,1,73.97572656,"<212 µm",14,1,"PRR20231218SS","river water","plastic","sample","Pajaro","surface","20231218",2023-12-18,"fragment",95.71067812,52.24077499,"polyamide/acrylamide",1.14,"TODO(cite): polymer density handbook/default table","settling","settling",0.5,26.120387495,68383.0145500392,77956.6365870447,75221.3160050431
61,"MBMS_14_07DEC23_Pst3DS_1of2_rt",0.648348392,TRUE,"poly(acrylamide/amid)s",2500,120.7106781,80.90169944,30.90169944,2.618033989,0.463811494,212.5,12950,225,12925,"confident","b7cd99f74a76e2e5bca3a2ea09ec97be",0.008154668,80,81,83,1,55.90169944,"<212 µm",14,1,"PRR20231218SS","river water","plastic","sample","Pajaro","surface","20231218",2023-12-18,"fragment",80.90169944,30.90169944,"polyamide/acrylamide",1.14,"TODO(cite): polymer density handbook/default table","settling","settling",0.5,15.45084972,20225.1149906293,23056.6310893174,22247.6264896922
41,"MBMS_14_07DEC23_Pst3DS_1of2_rt",0.650174087,TRUE,"poly(tetrafluoroethylene)",3750,150,80.90169944,46.35254916,1.745355992,0.477464829,2362.5,14075,2350,14050,"confident","2651cd8b92d3301d075dc7c8f4330522",0.009547422,72,73,75,1,63.6271243,"<212 µm",14,1,"PRR20231218SS","river water","plastic","sample","Pajaro","surface","20231218",2023-12-18,"fragment",80.90169944,46.35254916,"PTFE",2.2,"TODO(cite): polymer density handbook/default table","settling","settling",0.5,23.17627458,45506.5087289159,100114.319203615,50057.1596018075
606,"MBMS_14_07DEC23_Pst3DS_2of2_lft_2",0.659860357,TRUE,"polymethacrylates",1250,50,50,25,2,0.159154943,2525,12.5,2525,0,"confident","5be22b1ebe107d959f0d5110e85c64b1",0.006696418,142,48,48,1,37.5,"<212 µm",14,1,"PRR20231218SS","river water","plastic","sample","Pajaro","surface","20231218",2023-12-18,"fragment",50,25,"acrylic polymers",1.18,"TODO(cite): polymer density handbook/default table","settling","settling",0.5,12.5,8181.23086872342,9653.85242509363,8999.35395559576
913,"MBMS_14_07DEC23_Pst3DS_2of2_lft_2",0.656430007,TRUE,"poly(esters/ethers/diglycidylethers/terephthalates)s",3125,135.3553391,80.90169944,38.6271243,2.094427191,0.466542161,290,45,275,25,"confident","f866b9687b98474577d4c602c14d49bc",0.007870556,118,92,91,1,59.76441187,"<212 µm",14,1,"PRR20231218SS","river water","plastic","sample","Pajaro","surface","20231218",2023-12-18,"fragment",80.90169944,38.6271243,"polyester/PET",1.38,"TODO(cite): polymer density handbook/default table","settling","settling",0.5,19.31356215,31601.7421728583,43610.4041985444,34761.9163901441
25,"MBMS_14_07DEC23_Pst3DS_2of2_lft_2",0.626582084,TRUE,"poly(esters/ethers/diglycidylethers/terephthalates)s",1875,100,75,25,3,0.424413182,6700,225,6700,200,"confident","8aa1fbe463fada9289d8e37af9ad07aa",0.00803402,78,92,95,1,50,"<212 µm",14,1,"PRR20231218SS","river water","plastic","sample","Pajaro","surface","20231218",2023-12-18,"fiber",75,25,"polyester/PET",1.38,"TODO(cite): polymer density handbook/default table","settling","settling",0.286474508437567,7.16186271093919,36815.5389092554,50805.4436947724,40497.0928001809
532,"MBMS_14_07DEC23_Pst3DS_2of2_lft_2",0.649067418,TRUE,"poly(esters/ethers/diglycidylethers/terephthalates)s",1250,50,50,25,2,0.159154943,3100,362.5,3100,350,"confident","300b8ccc07533a6f6fe6960eb42c7373",0.006892136,166,163,158,1,37.5,"<212 µm",14,1,"PRR20231218SS","river water","plastic","sample","Pajaro","surface","20231218",2023-12-18,"fragment",50,25,"polyester/PET",1.38,"TODO(cite): polymer density handbook/default table","settling","settling",0.5,12.5,8181.23086872342,11290.0985988383,8999.35395559576
86,"MBMS_14_07DEC23_Pst3DS_2of2_lft_2",0.617678592,TRUE,"poly(esters/ethers/diglycidylethers/terephthalates)s",2500,130.9016994,80.90169944,30.90169944,2.618033989,0.545432104,6143.75,368.75,6125,350,"confident","6b9f03605ec058f2b3bc0dcccbb007f5",0.00822636,94,90,89,1,55.90169944,"<212 µm",14,1,"PRR20231218SS","river water","plastic","sample","Pajaro","surface","20231218",2023-12-18,"fragment",80.90169944,30.90169944,"polyester/PET",1.38,"TODO(cite): polymer density handbook/default table","settling","settling",0.5,15.45084972,20225.1149906293,27910.6586870684,22247.6264896922
470,"MBMS_14_07DEC23_Pst3DS_2of2_lft_2",0.618919323,TRUE,"poly(esters/ethers/diglycidylethers/terephthalates)s",1250,50,50,25,2,0.159154943,3500,512.5,3500,500,"confident","e1e428f88e453a01943930fb0f731b9a",0.006133499,68,63,57,1,37.5,"<212 µm",14,1,"PRR20231218SS","river water","plastic","sample","Pajaro","surface","20231218",2023-12-18,"fragment",50,25,"polyester/PET",1.38,"TODO(cite): polymer density handbook/default table","settling","settling",0.5,12.5,8181.23086872342,11290.0985988383,8999.35395559576
72,"MBMS_14_07DEC23_Pst3DS_2of2_lft_2",0.636538769,TRUE,"poly(esters/ethers/diglycidylethers/terephthalates)s",3750,180.9016994,104.0569415,36.037961,2.887425887,0.694455084,6291.666667,554.1666667,6275,525,"confident","8aa1fbe463fada9289d8e37af9ad07aa",0.007607681,75,74,69,1,70.04745125,"<212 µm",14,1,"PRR20231218SS","river water","plastic","sample","Pajaro","surface","20231218",2023-12-18,"fragment",104.0569415,36.037961,"polyester/PET",1.38,"TODO(cite): polymer density handbook/default table","settling","settling",0.5,18.0189805,35380.1854732997,48824.6559531536,38918.2040206297
550,"MBMS_14_07DEC23_Pst3DS_2of2_lft_2",0.618941641,TRUE,"poly(esters/ethers/diglycidylethers/terephthalates)s",2500,130.9016994,80.90169944,30.90169944,2.618033989,0.545432104,2943.75,618.75,2925,600,"confident","6b9f03605ec058f2b3bc0dcccbb007f5",0.008606512,160,157,150,1,55.90169944,"<212 µm",14,1,"PRR20231218SS","river water","plastic","sample","Pajaro","surface","20231218",2023-12-18,"fragment",80.90169944,30.90169944,"polyester/PET",1.38,"TODO(cite): polymer density handbook/default table","settling","settling",0.5,15.45084972,20225.1149906293,27910.6586870684,22247.6264896922
833,"MBMS_14_07DEC23_Pst3DS_2of2_lft_2",0.652977231,TRUE,"poly(esters/ethers/diglycidylethers/terephthalates)s",3750,180.9016994,104.0569415,36.037961,2.887425887,0.694455084,941.6666667,704.1666667,925,675,"confident","6b9f03605ec058f2b3bc0dcccbb007f5",0.008804986,88,85,78,1,70.04745125,"<212 µm",14,1,"PRR20231218SS","river water","plastic","sample","Pajaro","surface","20231218",2023-12-18,"fragment",104.0569415,36.037961,"polyester/PET",1.38,"TODO(cite): polymer density handbook/default table","settling","settling",0.5,18.0189805,35380.1854732997,48824.6559531536,38918.2040206297
926,"MBMS_14_07DEC23_Pst3DS_2of2_lft_2",0.635283709,TRUE,"poly(esters/ethers/diglycidylethers/terephthalates)s",1250,50,50,25,2,0.159154943,150,712.5,150,700,"confident","6b9f03605ec058f2b3bc0dcccbb007f5",0.007147,83,80,75,1,37.5,"<212 µm",14,1,"PRR20231218SS","river water","plastic","sample","Pajaro","surface","20231218",2023-12-18,"fragment",50,25,"polyester/PET",1.38,"TODO(cite): polymer density handbook/default table","settling","settling",0.5,12.5,8181.23086872342,11290.0985988383,8999.35395559576
149,"MBMS_14_07DEC23_Pst3DS_2of2_lft_2",0.65111456,TRUE,"poly(esters/ethers/diglycidylethers/terephthalates)s",1250,50,50,25,2,0.159154943,5750,712.5,5750,700,"confident","6b9f03605ec058f2b3bc0dcccbb007f5",0.008688078,100,99,95,1,37.5,"<212 µm",14,1,"PRR20231218SS","river water","plastic","sample","Pajaro","surface","20231218",2023-12-18,"fragment",50,25,"polyester/PET",1.38,"TODO(cite): polymer density handbook/default table","settling","settling",0.5,12.5,8181.23086872342,11290.0985988383,8999.35395559576
531,"MBMS_14_07DEC23_Pst3DS_2of2_lft_2",0.627922019,TRUE,"poly(esters/ethers/diglycidylethers/terephthalates)s",1875,100,75,25,3,0.424413182,3100,825,3100,800,"confident","8aa1fbe463fada9289d8e37af9ad07aa",0.006185039,71,70,66,1,50,"<212 µm",14,1,"PRR20231218SS","river water","plastic","sample","Pajaro","surface","20231218",2023-12-18,"fiber",75,25,"polyester/PET",1.38,"TODO(cite): polymer density handbook/default table","settling","settling",0.286474508437567,7.16186271093919,36815.5389092554,50805.4436947724,40497.0928001809
354,"MBMS_14_07DEC23_Pst3DS_2of2_lft_2",0.631999438,TRUE,"polyacrylonitriles (nitriles)",2500,130.9016994,80.90169944,30.90169944,2.618033989,0.545432104,4293.75,868.75,4275,850,"confident","646564b28dbe3176ab6b480b5f293c9c",0.007322311,103,102,97,1,55.90169944,"<212 µm",14,1,"PRR20231218SS","river water","plastic","sample","Pajaro","surface","20231218",2023-12-18,"fragment",80.90169944,30.90169944,"acrylic polymers",1.18,"TODO(cite): polymer density handbook/default table","settling","settling",0.5,15.45084972,20225.1149906293,23865.6356889426,22247.6264896922
129,"MBMS_14_07DEC23_Pst3DS_2of2_lft_2",0.650632001,TRUE,"poly(esters/ethers/diglycidylethers/terephthalates)s",2500,130.9016994,80.90169944,30.90169944,2.618033989,0.545432104,5893.75,868.75,5875,850,"confident","8aa1fbe463fada9289d8e37af9ad07aa",0.007943257,75,71,68,1,55.90169944,"<212 µm",14,1,"PRR20231218SS","river water","plastic","sample","Pajaro","surface","20231218",2023-12-18,"fragment",80.90169944,30.90169944,"polyester/PET",1.38,"TODO(cite): polymer density handbook/default table","settling","settling",0.5,15.45084972,20225.1149906293,27910.6586870684,22247.6264896922
148,"MBMS_14_07DEC23_Pst3DS_2of2_lft_2",0.653986654,TRUE,"poly(esters/ethers/diglycidylethers/terephthalates)s",5000,201.6123776,104.0569415,48.05061467,2.165569415,0.646925863,5750,906.25,5725,875,"confident","6b9f03605ec058f2b3bc0dcccbb007f5",0.008093894,107,103,100,1,76.05377809,"<212 µm",14,1,"PRR20231218SS","river water","plastic","sample","Pajaro","surface","20231218",2023-12-18,"fragment",104.0569415,48.05061467,"polyester/PET",1.38,"TODO(cite): polymer density handbook/default table","settling","settling",0.5,24.025307335,62898.107516815,86799.3883732048,69187.9182684966
530,"MBMS_14_07DEC23_Pst3DS_2of2_lft_2",0.65616377,TRUE,"poly(esters/ethers/diglycidylethers/terephthalates)s",1250,50,50,25,2,0.159154943,3100,962.5,3100,950,"confident","6b9f03605ec058f2b3bc0dcccbb007f5",0.006152854,88,87,85,1,37.5,"<212 µm",14,1,"PRR20231218SS","river water","plastic","sample","Pajaro","surface","20231218",2023-12-18,"fragment",50,25,"polyester/PET",1.38,"TODO(cite): polymer density handbook/default table","settling","settling",0.5,12.5,8181.23086872342,11290.0985988383,8999.35395559576
440,"MBMS_14_07DEC23_Pst3DS_2of2_lft_2",0.633427457,TRUE,"poly(esters/ethers/diglycidylethers/terephthalates)s",1250,50,50,25,2,0.159154943,3725,962.5,3725,950,"confident","5bd7569bf3f51e77b9b6c60a4b68bbda",0.007419522,130,129,125,1,37.5,"<212 µm",14,1,"PRR20231218SS","river water","plastic","sample","Pajaro","surface","20231218",2023-12-18,"fragment",50,25,"polyester/PET",1.38,"TODO(cite): polymer density handbook/default table","settling","settling",0.5,12.5,8181.23086872342,11290.0985988383,8999.35395559576
644,"MBMS_14_07DEC23_Pst3DS_2of2_lft_2",0.63475244,TRUE,"poly(esters/ethers/diglycidylethers/terephthalates)s",1250,50,50,25,2,0.159154943,2300,987.5,2300,975,"confident","6b9f03605ec058f2b3bc0dcccbb007f5",0.006953178,127,124,115,1,37.5,"<212 µm",14,1,"PRR20231218SS","river water","plastic","sample","Pajaro","surface","20231218",2023-12-18,"fragment",50,25,"polyester/PET",1.38,"TODO(cite): polymer density handbook/default table","settling","settling",0.5,12.5,8181.23086872342,11290.0985988383,8999.35395559576
192,"MBMS_14_07DEC23_Pst3DS_2of2_lft_2",0.65545428,TRUE,"poly(esters/ethers/diglycidylethers/terephthalates)s",3125,135.3553391,80.90169944,38.6271243,2.094427191,0.466542161,5490,1170,5475,1150,"confident","d19304430617d51aff718b797a3d3a2d",0.008140414,80,76,73,1,59.76441187,"<212 µm",14,1,"PRR20231218SS","river water","plastic","sample","Pajaro","surface","20231218",2023-12-18,"fragment",80.90169944,38.6271243,"polyester/PET",1.38,"TODO(cite): polymer density handbook/default table","settling","settling",0.5,19.31356215,31601.7421728583,43610.4041985444,34761.9163901441
925,"MBMS_14_07DEC23_Pst3DS_2of2_lft_2",0.640954842,TRUE,"poly(propylene)",2500,130.9016994,80.90169944,30.90169944,2.618033989,0.545432104,143.75,1293.75,125,1275,"confident","1a13705a81f33cb538bfb220f3bb5dfc",0.007217611,132,167,161,1,55.90169944,"<212 µm",14,1,"PRR20231218SS","river water","plastic","sample","Pajaro","surface","20231218",2023-12-18,"fragment",80.90169944,30.90169944,"polypropylene",0.9,"TODO(cite): polymer density handbook/default table","buoyant","buoyant",0.5,15.45084972,20225.1149906293,18202.6034915664,22247.6264896922
910,"MBMS_14_07DEC23_Pst3DS_2of2_lft_2",0.60935755,TRUE,"poly(esters/ethers/diglycidylethers/terephthalates)s",1875,100,75,25,3,0.424413182,300,1300,300,1275,"confident","61f35e50174efb9cf8f3975807754fb2",0.007234596,113,112,108,1,50,"<212 µm",14,1,"PRR20231218SS","river water","plastic","sample","Pajaro","surface","20231218",2023-12-18,"fiber",75,25,"polyester/PET",1.38,"TODO(cite): polymer density handbook/default table","settling","settling",0.286474508437567,7.16186271093919,36815.5389092554,50805.4436947724,40497.0928001809
876,"MBMS_14_07DEC23_Pst3DS_2of2_lft_2",0.651804728,TRUE,"polyhaloolefins (vinylhalides)",1250,50,50,25,2,0.159154943,550,1437.5,550,1425,"confident","108ac44899ce0f70c2d9c66fb4074a39",0.006894723,76,72,63,1,37.5,"<212 µm",14,1,"PRR20231218SS","river water","plastic","sample","Pajaro","surface","20231218",2023-12-18,"fragment",50,25,"halogenated vinyl polymers",1.35,"TODO(cite): polymer density handbook/default table","settling","settling",0.5,12.5,8181.23086872342,11044.6616727766,8999.35395559576
529,"MBMS_14_07DEC23_Pst3DS_2of2_lft_2",0.609500122,TRUE,"poly(propylene)",1875,85.35533906,60.35533906,31.06601718,1.942809042,0.309207662,3108.333333,1441.666667,3100,1425,"confident","a10d32cb1dd62cfd2207e223abe528cb",0.007668785,57,54,49,1,45.71067812,"<212 µm",14,1,"PRR20231218SS","river water","plastic","sample","Pajaro","surface","20231218",2023-12-18,"fragment",60.35533906,31.06601718,"polypropylene",0.9,"TODO(cite): polymer density handbook/default table","buoyant","buoyant",0.5,15.53300859,15249.4955244389,13724.5459719951,16774.4450768828
242,"MBMS_14_07DEC23_Pst3DS_2of2_lft_2",0.643615673,TRUE,"poly(esters/ethers/diglycidylethers/terephthalates)s",1250,50,50,25,2,0.159154943,5100,1487.5,5100,1475,"confident","8aa1fbe463fada9289d8e37af9ad07aa",0.007494399,126,125,121,1,37.5,"<212 µm",14,1,"PRR20231218SS","river water","plastic","sample","Pajaro","surface","20231218",2023-12-18,"fragment",50,25,"polyester/PET",1.38,"TODO(cite): polymer density handbook/default table","settling","settling",0.5,12.5,8181.23086872342,11290.0985988383,8999.35395559576
316,"MBMS_14_07DEC23_Pst3DS_2of2_lft_2",0.638244589,TRUE,"poly(esters/ethers/diglycidylethers/terephthalates)s",2500,130.9016994,80.90169944,30.90169944,2.618033989,0.545432104,4543.75,2043.75,4525,2025,"confident","6b9f03605ec058f2b3bc0dcccbb007f5",0.008297635,129,126,121,1,55.90169944,"<212 µm",14,1,"PRR20231218SS","river water","plastic","sample","Pajaro","surface","20231218",2023-12-18,"fragment",80.90169944,30.90169944,"polyester/PET",1.38,"TODO(cite): polymer density handbook/default table","settling","settling",0.5,15.45084972,20225.1149906293,27910.6586870684,22247.6264896922
580,"MBMS_14_07DEC23_Pst3DS_2of2_lft_2",0.600283818,TRUE,"polyurethanes (isocyanates)",1875,100,75,25,3,0.424413182,2700,2125,2700,2100,"confident","b16be2b1a41788b5fde0265f737def47",0.006934431,162,161,157,1,50,"<212 µm",14,1,"PRR20231218SS","river water","plastic","sample","Pajaro","surface","20231218",2023-12-18,"fiber",75,25,"polyurethane",1.2,"TODO(cite): polymer density handbook/default table","settling","settling",0.286474508437567,7.16186271093919,36815.5389092554,44178.6466911065,40497.0928001809
360,"MBMS_14_07DEC23_Pst3DS_2of2_lft_2",0.619557472,TRUE,"poly(esters/ethers/diglycidylethers/terephthalates)s",3125,135.3553391,80.90169944,38.6271243,2.094427191,0.466542161,4290,2120,4275,2100,"confident","6b9f03605ec058f2b3bc0dcccbb007f5",0.00850071,114,114,106,1,59.76441187,"<212 µm",14,1,"PRR20231218SS","river water","plastic","sample","Pajaro","surface","20231218",2023-12-18,"fragment",80.90169944,38.6271243,"polyester/PET",1.38,"TODO(cite): polymer density handbook/default table","settling","settling",0.5,19.31356215,31601.7421728583,43610.4041985444,34761.9163901441
375,"MBMS_14_07DEC23_Pst3DS_2of2_lft_2",0.625935589,TRUE,"poly(esters/ethers/diglycidylethers/terephthalates)s",5000,201.6123776,104.0569415,48.05061467,2.165569415,0.646925863,4143.75,2359.375,4125,2325,"confident","5bd7569bf3f51e77b9b6c60a4b68bbda",0.008452552,81,78,71,1,76.05377809,"<212 µm",14,1,"PRR20231218SS","river water","plastic","sample","Pajaro","surface","20231218",2023-12-18,"fragment",104.0569415,48.05061467,"polyester/PET",1.38,"TODO(cite): polymer density handbook/default table","settling","settling",0.5,24.025307335,62898.107516815,86799.3883732048,69187.9182684966
875,"MBMS_14_07DEC23_Pst3DS_2of2_lft_2",0.633086147,TRUE,"poly(acrylamide/amid)s",1875,100,75,25,3,0.424413182,550,2450,550,2425,"confident","798c6cdb451bebea4788e00a1bb14523",0.007298736,124,121,114,1,50,"<212 µm",14,1,"PRR20231218SS","river water","plastic","sample","Pajaro","surface","20231218",2023-12-18,"fiber",75,25,"polyamide/acrylamide",1.14,"TODO(cite): polymer density handbook/default table","settling","settling",0.286474508437567,7.16186271093919,36815.5389092554,41969.7143565511,40497.0928001809
352,"MBMS_14_07DEC23_Pst3DS_2of2_lft_2",0.652260259,TRUE,"poly(propylene)",6875,307.1345821,159.6291202,43.06858293,3.706393601,1.091879901,4302.272727,2563.636364,4275,2500,"confident","d94e422b752bbede245a02620854f15e",0.00752473,71,70,65,1,101.3488516,"<212 µm",14,1,"PRR20231218SS","river water","plastic","sample","Pajaro","surface","20231218",2023-12-18,"fiber",159.6291202,43.06858293,"polypropylene",0.9,"TODO(cite): polymer density handbook/default table","buoyant","buoyant",0.286474508437567,12.3380511239744,232553.653338366,209298.288004529,255809.018672202
159,"MBMS_14_07DEC23_Pst3DS_2of2_lft_2",0.60821724,TRUE,"polyurethanes (isocyanates)",2500,120.7106781,80.90169944,30.90169944,2.618033989,0.463811494,5650,2662.5,5625,2650,"confident","702d80347ba847ac2c9158c7f3aa9f37",0.007728378,144,143,139,1,55.90169944,"<212 µm",14,1,"PRR20231218SS","river water","plastic","sample","Pajaro","surface","20231218",2023-12-18,"fragment",80.90169944,30.90169944,"polyurethane",1.2,"TODO(cite): polymer density handbook/default table","settling","settling",0.5,15.45084972,20225.1149906293,24270.1379887551,22247.6264896922
474,"MBMS_14_07DEC23_Pst3DS_2of2_lft_2",0.653245492,TRUE,"poly(esters/ethers/diglycidylethers/terephthalates)s",2500,120.7106781,75,33.33333333,2.25,0.463811494,3493.75,2750,3500,2725,"confident","6b9f03605ec058f2b3bc0dcccbb007f5",0.007994594,57,56,51,1,54.16666667,"<212 µm",14,1,"PRR20231218SS","river water","plastic","sample","Pajaro","surface","20231218",2023-12-18,"fragment",75,33.33333333,"polyester/PET",1.38,"TODO(cite): polymer density handbook/default table","settling","settling",0.5,16.666666665,21816.6156455658,30106.9295908808,23998.2772101224
548,"MBMS_14_07DEC23_Pst3DS_2of2_lft_2",0.606192894,TRUE,"poly(esters/ethers/diglycidylethers/terephthalates)s",2500,120.7106781,75,33.33333333,2.25,0.463811494,2956.25,2900,2950,2875,"confident","6b9f03605ec058f2b3bc0dcccbb007f5",0.008736466,83,82,77,1,54.16666667,"<212 µm",14,1,"PRR20231218SS","river water","plastic","sample","Pajaro","surface","20231218",2023-12-18,"fragment",75,33.33333333,"polyester/PET",1.38,"TODO(cite): polymer density handbook/default table","settling","settling",0.5,16.666666665,21816.6156455658,30106.9295908808,23998.2772101224
493,"MBMS_14_07DEC23_Pst3DS_2of2_lft_2",0.601123736,TRUE,"poly(esters/ethers/diglycidylethers/terephthalates)s",2500,120.7106781,75,33.33333333,2.25,0.463811494,3343.75,2975,3350,2950,"confident","6b9f03605ec058f2b3bc0dcccbb007f5",0.00765049,125,122,115,1,54.16666667,"<212 µm",14,1,"PRR20231218SS","river water","plastic","sample","Pajaro","surface","20231218",2023-12-18,"fragment",75,33.33333333,"polyester/PET",1.38,"TODO(cite): polymer density handbook/default table","settling","settling",0.5,16.666666665,21816.6156455658,30106.9295908808,23998.2772101224
756,"MBMS_14_07DEC23_Pst3DS_2of2_lft_2",0.604370605,TRUE,"poly(esters/ethers/diglycidylethers/terephthalates)s",3750,180.9016994,104.0569415,36.037961,2.887425887,0.694455084,1491.666667,3029.166667,1475,3000,"confident","9ca6f88e3c87708f022b733f3a887c79",0.007581816,117,116,112,1,70.04745125,"<212 µm",14,1,"PRR20231218SS","river water","plastic","sample","Pajaro","surface","20231218",2023-12-18,"fragment",104.0569415,36.037961,"polyester/PET",1.38,"TODO(cite): polymer density handbook/default table","settling","settling",0.5,18.0189805,35380.1854732997,48824.6559531536,38918.2040206297
534,"MBMS_14_07DEC23_Pst3DS_2of2_lft_2",0.617040845,TRUE,"poly(esters/ethers/diglycidylethers/terephthalates)s",3125,135.3553391,80.90169944,38.6271243,2.094427191,0.466542161,3090,3045,3075,3025,"confident","e0586dfee2a071e18595751338c9361a",0.008722471,91,90,86,1,59.76441187,"<212 µm",14,1,"PRR20231218SS","river water","plastic","sample","Pajaro","surface","20231218",2023-12-18,"fragment",80.90169944,38.6271243,"polyester/PET",1.38,"TODO(cite): polymer density handbook/default table","settling","settling",0.5,19.31356215,31601.7421728583,43610.4041985444,34761.9163901441
46,"MBMS_14_07DEC23_Pst3DS_2of2_lft_2",0.65950522,TRUE,"polystyrenes (polyphenylethylenes, -methylstyrene)",3750,170.7106781,104.0569415,36.037961,2.887425887,0.618415325,6537.5,3137.5,6525,3100,"confident","975e5af53ac724c98b816c1935208696",0.007353969,112,98,98,1,70.04745125,"<212 µm",14,1,"PRR20231218SS","river water","plastic","sample","Pajaro","surface","20231218",2023-12-18,"fragment",104.0569415,36.037961,"styrenic polymers",1.05,"TODO(cite): polymer density handbook/default table","settling","settling",0.5,18.0189805,35380.1854732997,37149.1947469647,38918.2040206297
302,"MBMS_14_07DEC23_Pst3DS_2of2_lft_2",0.63414709,TRUE,"polystyrenes (polyphenylethylenes, -methylstyrene)",2500,100,60.35533906,41.42135624,1.457106781,0.318309886,4687.5,3237.5,4675,3225,"confident","3f8857e035652a184d3b47d89f151207",0.00728565,109,106,101,1,50.88834765,"<212 µm",14,1,"PRR20231218SS","river water","plastic","sample","Pajaro","surface","20231218",2023-12-18,"fragment",60.35533906,41.42135624,"styrenic polymers",1.05,"TODO(cite): polymer density handbook/default table","settling","settling",0.5,20.71067812,27110.2142656692,28465.7249789527,29821.2356922362
21,"MBMS_14_07DEC23_Pst3DS_2of2_lft_2",0.603596145,TRUE,"polystyrenes (polyphenylethylenes, -methylstyrene)",1875,100,75,25,3,0.424413182,6700,3575,6700,3550,"confident","633869233c8e178bf698f55721ea781b",0.006915413,81,92,88,1,50,"<212 µm",14,1,"PRR20231218SS","river water","plastic","sample","Pajaro","surface","20231218",2023-12-18,"fiber",75,25,"styrenic polymers",1.05,"TODO(cite): polymer density handbook/default table","settling","settling",0.286474508437567,7.16186271093919,36815.5389092554,38656.3158547182,40497.0928001809
647,"MBMS_14_07DEC23_Pst3DS_2of2_lft_2",0.654793617,TRUE,"poly(esters/ethers/diglycidylethers/terephthalates)s",3125,135.3553391,80.90169944,38.6271243,2.094427191,0.466542161,2290,3670,2275,3650,"confident","9ca6f88e3c87708f022b733f3a887c79",0.008684058,90,89,85,1,59.76441187,"<212 µm",14,1,"PRR20231218SS","river water","plastic","sample","Pajaro","surface","20231218",2023-12-18,"fragment",80.90169944,38.6271243,"polyester/PET",1.38,"TODO(cite): polymer density handbook/default table","settling","settling",0.5,19.31356215,31601.7421728583,43610.4041985444,34761.9163901441
535,"MBMS_14_07DEC23_Pst3DS_2of2_lft_2",0.652861921,TRUE,"poly(ethylene)",90625,1242.224396,505.2343178,179.3722176,2.816681003,1.35500914,2849.655172,3967.413793,2675,3750,"confident","fefe417c165287006d593938e8366042",0.023960898,139,136,131,1,342.3032677,"212-500 µm",14,1,"PRR20231218SS","river water","plastic","sample","Pajaro","surface","20231218",2023-12-18,"fragment",505.2343178,179.3722176,"polyethylene",0.94,"TODO(cite): polymer density handbook/default table","buoyant","buoyant",0.5,89.6861088,4255708.01809601,4000365.53701025,4681278.81990561
123,"MBMS_14_07DEC23_Pst3DS_2of2_lft_2",0.609154484,TRUE,"polystyrenes (polyphenylethylenes, -methylstyrene)",1250,50,50,25,2,0.159154943,5900,3787.5,5900,3775,"confident","1743d78d17dd8045207471164965e13e",0.006273863,66,65,60,1,37.5,"<212 µm",14,1,"PRR20231218SS","river water","plastic","sample","Pajaro","surface","20231218",2023-12-18,"fragment",50,25,"styrenic polymers",1.05,"TODO(cite): polymer density handbook/default table","settling","settling",0.5,12.5,8181.23086872342,8590.29241215959,8999.35395559576
693,"MBMS_14_07DEC23_Pst3DS_2of2_lft_2",0.609700222,TRUE,"polyacrylonitriles (nitriles)",1875,100,75,25,3,0.424413182,1900,3975,1900,3950,"confident","85cd16c12d9ecee3cbdb2927cacf190e",0.00934423,108,107,102,1,50,"<212 µm",14,1,"PRR20231218SS","river water","plastic","sample","Pajaro","surface","20231218",2023-12-18,"fiber",75,25,"acrylic polymers",1.18,"TODO(cite): polymer density handbook/default table","settling","settling",0.286474508437567,7.16186271093919,36815.5389092554,43442.3359129214,40497.0928001809
409,"MBMS_14_07DEC23_Pst3DS_2of2_lft_2",0.614948607,TRUE,"poly(propylene)",3125,166.2570385,100,31.25,3.2,0.703882544,3895,4285,3900,4250,"confident","d94e422b752bbede245a02620854f15e",0.0078208,108,107,103,1,65.625,"<212 µm",14,1,"PRR20231218SS","river water","plastic","sample","Pajaro","surface","20231218",2023-12-18,"fiber",100,31.25,"polypropylene",0.9,"TODO(cite): polymer density handbook/default table","buoyant","buoyant",0.286474508437567,8.95232838867398,76699.0393942821,69029.1354548539,84368.9433337103
182,"MBMS_14_07DEC23_Pst3DS_2of2_lft_2",0.656819914,TRUE,"polyacrylonitriles (nitriles)",1250,50,50,25,2,0.159154943,5500,4512.5,5500,4500,"confident","7762f2fe33d3295a5cd51b0a1b49a04e",0.006617464,95,92,87,1,37.5,"<212 µm",14,1,"PRR20231218SS","river water","plastic","sample","Pajaro","surface","20231218",2023-12-18,"fragment",50,25,"acrylic polymers",1.18,"TODO(cite): polymer density handbook/default table","settling","settling",0.5,12.5,8181.23086872342,9653.85242509363,8999.35395559576
202,"MBMS_14_07DEC23_Pst3DS_2of2_lft_2",0.640011395,TRUE,"poly(propylene)",5000,206.0660172,115.1387819,43.42585459,2.651387819,0.675822873,5346.875,4718.75,5325,4675,"confident","d90d8f2ecc800ec3ac907f5d6e4e1f8f",0.007794661,92,93,88,1,79.28231824,"<212 µm",14,1,"PRR20231218SS","river water","plastic","sample","Pajaro","surface","20231218",2023-12-18,"fragment",115.1387819,43.42585459,"polypropylene",0.9,"TODO(cite): polymer density handbook/default table","buoyant","buoyant",0.5,21.712927295,56844.3107368041,51159.8796631237,62528.7418104845
577,"MBMS_14_07DEC23_Pst3DS_2of2_lft_2",0.621646282,TRUE,"poly(ethylene)",1875,100,75,25,3,0.424413182,2700,4800,2700,4775,"confident","37fcd3d7949f51b3f526b55e8ae4383f",0.009674697,128,125,120,1,50,"<212 µm",14,1,"PRR20231218SS","river water","plastic","sample","Pajaro","surface","20231218",2023-12-18,"fiber",75,25,"polyethylene",0.94,"TODO(cite): polymer density handbook/default table","buoyant","buoyant",0.286474508437567,7.16186271093919,36815.5389092554,34606.6065747001,40497.0928001809
236,"MBMS_14_07DEC23_Pst3DS_2of2_lft_2",0.605456161,TRUE,"poly(ether)ketones (polyketones)",1875,100,75,25,3,0.424413182,5100,4800,5100,4775,"confident","3e6c3e6fa6fa7a9c3b0568b872171d2a",0.00697792,119,116,111,1,50,"<212 µm",14,1,"PRR20231218SS","river water","plastic","sample","Pajaro","surface","20231218",2023-12-18,"fiber",75,25,"default_fixed_1.10",1.1,"Fallback fixed density retained for unmatched polymer class","settling","settling",0.286474508437567,7.16186271093919,36815.5389092554,40497.0928001809,40497.0928001809
705,"MBMS_14_07DEC23_Pst3DS_2of2_lft_2",0.657370979,TRUE,"poly(propylene)",3125,135.3553391,80.90169944,38.6271243,2.094427191,0.466542161,1890,5420,1875,5400,"confident","d90d8f2ecc800ec3ac907f5d6e4e1f8f",0.007734601,105,101,98,1,59.76441187,"<212 µm",14,1,"PRR20231218SS","river water","plastic","sample","Pajaro","surface","20231218",2023-12-18,"fragment",80.90169944,38.6271243,"polypropylene",0.9,"TODO(cite): polymer density handbook/default table","buoyant","buoyant",0.5,19.31356215,31601.7421728583,28441.5679555724,34761.9163901441
79,"MBMS_14_07DEC23_Pst3DS_2of2_lft_2",0.656230037,TRUE,"polystyrenes (polyphenylethylenes, -methylstyrene)",2500,120.7106781,75,33.33333333,2.25,0.463811494,6156.25,5575,6150,5550,"confident","0a3153e3fff23ad2012b2f0c579a4636",0.007524412,71,66,60,1,54.16666667,"<212 µm",14,1,"PRR20231218SS","river water","plastic","sample","Pajaro","surface","20231218",2023-12-18,"fragment",75,33.33333333,"styrenic polymers",1.05,"TODO(cite): polymer density handbook/default table","settling","settling",0.5,16.666666665,21816.6156455658,22907.4464278441,23998.2772101224
463,"MBMS_14_07DEC23_Pst3DS_2of2_lft_2",0.63709799,TRUE,"polyacrylonitriles (nitriles)",1250,50,50,25,2,0.159154943,3500,5787.5,3500,5775,"confident","85cd16c12d9ecee3cbdb2927cacf190e",0.007400193,83,82,77,1,37.5,"<212 µm",14,1,"PRR20231218SS","river water","plastic","sample","Pajaro","surface","20231218",2023-12-18,"fragment",50,25,"acrylic polymers",1.18,"TODO(cite): polymer density handbook/default table","settling","settling",0.5,12.5,8181.23086872342,9653.85242509363,8999.35395559576
690,"MBMS_14_07DEC23_Pst3DS_2of2_lft_2",0.62964018,TRUE,"poly(esters/ethers/diglycidylethers/terephthalates)s",1250,50,50,25,2,0.159154943,1900,6037.5,1900,6025,"confident","9ca6f88e3c87708f022b733f3a887c79",0.008434803,85,82,77,1,37.5,"<212 µm",14,1,"PRR20231218SS","river water","plastic","sample","Pajaro","surface","20231218",2023-12-18,"fragment",50,25,"polyester/PET",1.38,"TODO(cite): polymer density handbook/default table","settling","settling",0.5,12.5,8181.23086872342,11290.0985988383,8999.35395559576
63,"MBMS_14_07DEC23_Pst3DS_2of2_lft_2",0.644217107,TRUE,"polystyrenes (polyphenylethylenes, -methylstyrene)",5000,230.9016994,128.0776406,39.03882032,3.280776406,0.848544046,6290.625,6140.625,6275,6100,"confident","dd437a6bdbf100c280f20fa79d6ff949",0.010121109,88,88,78,1,83.55823048,"<212 µm",14,1,"PRR20231218SS","river water","plastic","sample","Pajaro","surface","20231218",2023-12-18,"fiber",128.0776406,39.03882032,"styrenic polymers",1.05,"TODO(cite): polymer density handbook/default table","settling","settling",0.286474508437567,11.1836268611545,153305.088853381,160970.34329605,168635.597738719
245,"MBMS_14_07DEC23_Pst3DS_2of2_lft_2",0.649160307,TRUE,"poly(propylene)",1875,85.35533906,60.35533906,31.06601718,1.942809042,0.309207662,5091.666667,6208.333333,5075,6200,"confident","57cc1b9a59223f324c89073ea16e57c7",0.006408227,60,59,54,1,45.71067812,"<212 µm",14,1,"PRR20231218SS","river water","plastic","sample","Pajaro","surface","20231218",2023-12-18,"fragment",60.35533906,31.06601718,"polypropylene",0.9,"TODO(cite): polymer density handbook/default table","buoyant","buoyant",0.5,15.53300859,15249.4955244389,13724.5459719951,16774.4450768828
78,"MBMS_14_07DEC23_Pst3DS_2of2_lft_2",0.645502237,TRUE,"poly(acrylamide/amid)s",13750,435.7560354,177.0690633,77.65331644,2.280251139,1.098940704,6122.727273,6279.545455,6125,6225,"confident","f5bf7f1fae4474135474eb72341fd5c6",0.012082559,88,87,82,1,127.3611898,"<212 µm",14,1,"PRR20231218SS","river water","plastic","sample","Pajaro","surface","20231218",2023-12-18,"fragment",177.0690633,77.65331644,"polyamide/acrylamide",1.14,"TODO(cite): polymer density handbook/default table","settling","settling",0.5,38.82665822,279531.872272537,318666.334390693,307485.059499791
854,"MBMS_14_07DEC23_Pst3DS_2of2_lft_2",0.615464867,TRUE,"cellulose derivatives (ether cellulose)",3125,166.2570385,100,31.25,3.2,0.703882544,695,6360,700,6325,"confident","0116cb73a94b82e47cace2fddd2db95d",0.009961321,123,122,117,1,65.625,"<212 µm",14,1,"PRR20231218SS","river water","plastic","sample","Pajaro","surface","20231218",2023-12-18,"fiber",100,31.25,"cellulose derivatives",1.5,"TODO(cite): polymer density handbook/default table","settling","settling",0.286474508437567,8.95232838867398,76699.0393942821,115048.559091423,84368.9433337103
901,"MBMS_14_07DEC23_Pst3DS_2of2_lft_2",0.606092324,TRUE,"polyacrylonitriles (nitriles)",2500,150,100,25,4,0.716197244,300,6662.5,300,6625,"confident","e30a3aa5175ffd0664363a463398e00e",0.008839238,130,127,122,1,62.5,"<212 µm",14,1,"PRR20231218SS","river water","plastic","sample","Pajaro","surface","20231218",2023-12-18,"fiber",100,25,"acrylic polymers",1.18,"TODO(cite): polymer density handbook/default table","settling","settling",0.286474508437567,7.16186271093919,49087.3852123405,57923.1145505618,53996.1237335746
631,"MBMS_14_07DEC23_Pst3DS_2of2_lft_2",0.631360204,TRUE,"poly(esters/ethers/diglycidylethers/terephthalates)s",1875,100,75,25,3,0.424413182,2300,6950,2300,6925,"confident","c689b274a66cb2e33fd140ee2a03c7b9",0.00676787,87,86,81,1,50,"<212 µm",14,1,"PRR20231218SS","river water","plastic","sample","Pajaro","surface","20231218",2023-12-18,"fiber",75,25,"polyester/PET",1.38,"TODO(cite): polymer density handbook/default table","settling","settling",0.286474508437567,7.16186271093919,36815.5389092554,50805.4436947724,40497.0928001809
899,"MBMS_14_07DEC23_Pst3DS_2of2_lft_2",0.600421633,TRUE,"poly(ethylene)",3125,135.3553391,80.90169944,38.6271243,2.094427191,0.466542161,310,7080,300,7050,"confident","80fc00f171f8f480404ed5b75bde4d63",0.00949339,64,64,56,1,59.76441187,"<212 µm",14,1,"PRR20231218SS","river water","plastic","sample","Pajaro","surface","20231218",2023-12-18,"fragment",80.90169944,38.6271243,"polyethylene",0.94,"TODO(cite): polymer density handbook/default table","buoyant","buoyant",0.5,19.31356215,31601.7421728583,29705.6376424868,34761.9163901441
459,"MBMS_14_07DEC23_Pst3DS_2of2_lft_2",0.616051717,TRUE,"polyhaloolefins (vinylhalides)",1250,50,50,25,2,0.159154943,3500,7062.5,3500,7050,"confident","976795c371d6c9be9a43c5e3b2905009",0.006751819,127,124,117,1,37.5,"<212 µm",14,1,"PRR20231218SS","river water","plastic","sample","Pajaro","surface","20231218",2023-12-18,"fragment",50,25,"halogenated vinyl polymers",1.35,"TODO(cite): polymer density handbook/default table","settling","settling",0.5,12.5,8181.23086872342,11044.6616727766,8999.35395559576
572,"MBMS_14_07DEC23_Pst3DS_2of2_lft_2",0.627729737,TRUE,"poly(ethylene)",1250,50,50,25,2,0.159154943,2700,7512.5,2700,7500,"confident","0765de91accc838c705cb5c6d2234bf6",0.006057187,113,110,103,1,37.5,"<212 µm",14,1,"PRR20231218SS","river water","plastic","sample","Pajaro","surface","20231218",2023-12-18,"fragment",50,25,"polyethylene",0.94,"TODO(cite): polymer density handbook/default table","buoyant","buoyant",0.5,12.5,8181.23086872342,7690.35701660001,8999.35395559576
341,"MBMS_14_07DEC23_Pst3DS_2of2_lft_2",0.610143966,TRUE,"polystyrenes (polyphenylethylenes, -methylstyrene)",2500,150,100,25,4,0.716197244,4300,7687.5,4300,7650,"confident","7d5b973caded949b5a3c2c7cd762a211",0.008737341,93,89,86,1,62.5,"<212 µm",14,1,"PRR20231218SS","river water","plastic","sample","Pajaro","surface","20231218",2023-12-18,"fiber",100,25,"styrenic polymers",1.05,"TODO(cite): polymer density handbook/default table","settling","settling",0.286474508437567,7.16186271093919,49087.3852123405,51541.7544729575,53996.1237335746
628,"MBMS_14_07DEC23_Pst3DS_2of2_lft_2",0.603065707,TRUE,"poly(ethylene)",1875,85.35533906,60.35533906,31.06601718,1.942809042,0.309207662,2308.333333,7841.666667,2300,7825,"confident","510e9bffec216edc3a95873b71be4aa1",0.006925165,123,118,112,1,45.71067812,"<212 µm",14,1,"PRR20231218SS","river water","plastic","sample","Pajaro","surface","20231218",2023-12-18,"fragment",60.35533906,31.06601718,"polyethylene",0.94,"TODO(cite): polymer density handbook/default table","buoyant","buoyant",0.5,15.53300859,15249.4955244389,14334.5257929726,16774.4450768828
837,"MBMS_14_07DEC23_Pst3DS_2of2_lft_2",0.659739773,TRUE,"poly(propylene)",1250,50,50,25,2,0.159154943,937.5,7875,925,7875,"confident","8670bb9668f58c4be8cef8dd11afa389",0.006651151,106,102,99,1,37.5,"<212 µm",14,1,"PRR20231218SS","river water","plastic","sample","Pajaro","surface","20231218",2023-12-18,"fragment",50,25,"polypropylene",0.9,"TODO(cite): polymer density handbook/default table","buoyant","buoyant",0.5,12.5,8181.23086872342,7363.10778185108,8999.35395559576
745,"MBMS_14_07DEC23_Pst3DS_2of2_lft_2",0.611534852,TRUE,"poly(esters/ethers/diglycidylethers/terephthalates)s",1250,50,50,25,2,0.159154943,1500,8437.5,1500,8425,"confident","82289246620580e02f99c15fb54277de",0.006225051,96,93,88,1,37.5,"<212 µm",14,1,"PRR20231218SS","river water","plastic","sample","Pajaro","surface","20231218",2023-12-18,"fragment",50,25,"polyester/PET",1.38,"TODO(cite): polymer density handbook/default table","settling","settling",0.5,12.5,8181.23086872342,11290.0985988383,8999.35395559576
897,"MBMS_14_07DEC23_Pst3DS_2of2_lft_2",0.638307559,TRUE,"poly(esters/ethers/diglycidylethers/terephthalates)s",1250,50,50,25,2,0.159154943,300,8512.5,300,8500,"confident","9ca6f88e3c87708f022b733f3a887c79",0.006729215,100,100,92,1,37.5,"<212 µm",14,1,"PRR20231218SS","river water","plastic","sample","Pajaro","surface","20231218",2023-12-18,"fragment",50,25,"polyester/PET",1.38,"TODO(cite): polymer density handbook/default table","settling","settling",0.5,12.5,8181.23086872342,11290.0985988383,8999.35395559576
917,"MBMS_14_07DEC23_Pst3DS_2of2_lft_2",0.642538916,TRUE,"polyhaloolefins (vinylhalides)",1250,50,50,25,2,0.159154943,150,8762.5,150,8750,"confident","108ac44899ce0f70c2d9c66fb4074a39",0.008243797,99,98,96,1,37.5,"<212 µm",14,1,"PRR20231218SS","river water","plastic","sample","Pajaro","surface","20231218",2023-12-18,"fragment",50,25,"halogenated vinyl polymers",1.35,"TODO(cite): polymer density handbook/default table","settling","settling",0.5,12.5,8181.23086872342,11044.6616727766,8999.35395559576
226,"MBMS_14_07DEC23_Pst3DS_2of2_lft_2",0.613731745,TRUE,"polyacrylonitriles (nitriles)",1250,50,50,25,2,0.159154943,5100,8912.5,5100,8900,"confident","85cd16c12d9ecee3cbdb2927cacf190e",0.006794877,87,86,82,1,37.5,"<212 µm",14,1,"PRR20231218SS","river water","plastic","sample","Pajaro","surface","20231218",2023-12-18,"fragment",50,25,"acrylic polymers",1.18,"TODO(cite): polymer density handbook/default table","settling","settling",0.5,12.5,8181.23086872342,9653.85242509363,8999.35395559576
366,"MBMS_14_07DEC23_Pst3DS_2of2_lft_2",0.641094923,TRUE,"poly(esters/ethers/diglycidylethers/terephthalates)s",1250,50,50,25,2,0.159154943,4150,9137.5,4150,9125,"confident","6b9f03605ec058f2b3bc0dcccbb007f5",0.006117847,93,90,85,1,37.5,"<212 µm",14,1,"PRR20231218SS","river water","plastic","sample","Pajaro","surface","20231218",2023-12-18,"fragment",50,25,"polyester/PET",1.38,"TODO(cite): polymer density handbook/default table","settling","settling",0.5,12.5,8181.23086872342,11290.0985988383,8999.35395559576
625,"MBMS_14_07DEC23_Pst3DS_2of2_lft_2",0.627277842,TRUE,"poly(propylene)",3125,166.2570385,100,31.25,3.2,0.703882544,2305,9240,2300,9200,"confident","a10d32cb1dd62cfd2207e223abe528cb",0.00858391,77,76,72,1,65.625,"<212 µm",14,1,"PRR20231218SS","river water","plastic","sample","Pajaro","surface","20231218",2023-12-18,"fiber",100,31.25,"polypropylene",0.9,"TODO(cite): polymer density handbook/default table","buoyant","buoyant",0.286474508437567,8.95232838867398,76699.0393942821,69029.1354548539,84368.9433337103
401,"MBMS_14_07DEC23_Pst3DS_2of2_lft_2",0.622659377,TRUE,"polyacrylonitriles (nitriles)",1250,50,50,25,2,0.159154943,3900,9412.5,3900,9400,"confident","85cd16c12d9ecee3cbdb2927cacf190e",0.007396569,76,75,70,1,37.5,"<212 µm",14,1,"PRR20231218SS","river water","plastic","sample","Pajaro","surface","20231218",2023-12-18,"fragment",50,25,"acrylic polymers",1.18,"TODO(cite): polymer density handbook/default table","settling","settling",0.5,12.5,8181.23086872342,9653.85242509363,8999.35395559576
425,"MBMS_14_07DEC23_Pst3DS_2of2_lft_2",0.659005792,TRUE,"poly(esters/ethers/diglycidylethers/terephthalates)s",1250,50,50,25,2,0.159154943,3750,9437.5,3750,9425,"confident","6b9f03605ec058f2b3bc0dcccbb007f5",0.006317551,78,75,70,1,37.5,"<212 µm",14,1,"PRR20231218SS","river water","plastic","sample","Pajaro","surface","20231218",2023-12-18,"fragment",50,25,"polyester/PET",1.38,"TODO(cite): polymer density handbook/default table","settling","settling",0.5,12.5,8181.23086872342,11290.0985988383,8999.35395559576
682,"MBMS_14_07DEC23_Pst3DS_2of2_lft_2",0.601992906,TRUE,"polystyrenes (polyphenylethylenes, -methylstyrene)",1875,100,75,25,3,0.424413182,1900,9550,1900,9525,"confident","db08510cfb7ce8d419ef5db41c331271",0.008226786,103,100,95,1,50,"<212 µm",14,1,"PRR20231218SS","river water","plastic","sample","Pajaro","surface","20231218",2023-12-18,"fiber",75,25,"styrenic polymers",1.05,"TODO(cite): polymer density handbook/default table","settling","settling",0.286474508437567,7.16186271093919,36815.5389092554,38656.3158547182,40497.0928001809
455,"MBMS_14_07DEC23_Pst3DS_2of2_lft_2",0.61458594,TRUE,"polyacrylonitriles (nitriles)",1250,50,50,25,2,0.159154943,3500,9737.5,3500,9725,"confident","646564b28dbe3176ab6b480b5f293c9c",0.006364383,88,85,78,1,37.5,"<212 µm",14,1,"PRR20231218SS","river water","plastic","sample","Pajaro","surface","20231218",2023-12-18,"fragment",50,25,"acrylic polymers",1.18,"TODO(cite): polymer density handbook/default table","settling","settling",0.5,12.5,8181.23086872342,9653.85242509363,8999.35395559576
480,"MBMS_14_07DEC23_Pst3DS_2of2_lft_2",0.62502495,TRUE,"poly(esters/ethers/diglycidylethers/terephthalates)s",1250,50,50,25,2,0.159154943,3350,9762.5,3350,9750,"confident","6b9f03605ec058f2b3bc0dcccbb007f5",0.006360513,80,79,75,1,37.5,"<212 µm",14,1,"PRR20231218SS","river water","plastic","sample","Pajaro","surface","20231218",2023-12-18,"fragment",50,25,"polyester/PET",1.38,"TODO(cite): polymer density handbook/default table","settling","settling",0.5,12.5,8181.23086872342,11290.0985988383,8999.35395559576
224,"MBMS_14_07DEC23_Pst3DS_2of2_lft_2",0.64286576,TRUE,"poly(esters/ethers/diglycidylethers/terephthalates)s",1250,50,50,25,2,0.159154943,5100,9762.5,5100,9750,"confident","c689b274a66cb2e33fd140ee2a03c7b9",0.007557357,106,102,99,1,37.5,"<212 µm",14,1,"PRR20231218SS","river water","plastic","sample","Pajaro","surface","20231218",2023-12-18,"fragment",50,25,"polyester/PET",1.38,"TODO(cite): polymer density handbook/default table","settling","settling",0.5,12.5,8181.23086872342,11290.0985988383,8999.35395559576
513,"MBMS_14_07DEC23_Pst3DS_2of2_lft_2",0.651922006,TRUE,"polystyrenes (polyphenylethylenes, -methylstyrene)",1875,100,75,25,3,0.424413182,3100,10225,3100,10200,"confident","24d61d04b6485206946b914b30c60040",0.006927236,104,101,94,1,50,"<212 µm",14,1,"PRR20231218SS","river water","plastic","sample","Pajaro","surface","20231218",2023-12-18,"fiber",75,25,"styrenic polymers",1.05,"TODO(cite): polymer density handbook/default table","settling","settling",0.286474508437567,7.16186271093919,36815.5389092554,38656.3158547182,40497.0928001809
679,"MBMS_14_07DEC23_Pst3DS_2of2_lft_2",0.606115884,TRUE,"polystyrenes (polyphenylethylenes, -methylstyrene)",1875,100,75,25,3,0.424413182,1900,11200,1900,11175,"confident","7f4efbb2e0788abddf2d17e04680f3f8",0.007098928,81,78,71,1,50,"<212 µm",14,1,"PRR20231218SS","river water","plastic","sample","Pajaro","surface","20231218",2023-12-18,"fiber",75,25,"styrenic polymers",1.05,"TODO(cite): polymer density handbook/default table","settling","settling",0.286474508437567,7.16186271093919,36815.5389092554,38656.3158547182,40497.0928001809
399,"MBMS_14_07DEC23_Pst3DS_2of2_lft_2",0.649725834,TRUE,"poly(esters/ethers/diglycidylethers/terephthalates)s",2500,150,100,25,4,0.716197244,3900,11287.5,3900,11250,"confident","61f35e50174efb9cf8f3975807754fb2",0.008854732,144,141,136,1,62.5,"<212 µm",14,1,"PRR20231218SS","river water","plastic","sample","Pajaro","surface","20231218",2023-12-18,"fiber",100,25,"polyester/PET",1.38,"TODO(cite): polymer density handbook/default table","settling","settling",0.286474508437567,7.16186271093919,49087.3852123405,67740.5915930299,53996.1237335746
618,"MBMS_14_07DEC23_Pst3DS_2of2_lft_2",0.610622647,TRUE,"poly(esters/ethers/diglycidylethers/terephthalates)s",1250,50,50,25,2,0.159154943,2300,12937.5,2300,12925,"confident","6b9f03605ec058f2b3bc0dcccbb007f5",0.00632391,110,105,99,1,37.5,"<212 µm",14,1,"PRR20231218SS","river water","plastic","sample","Pajaro","surface","20231218",2023-12-18,"fragment",50,25,"polyester/PET",1.38,"TODO(cite): polymer density handbook/default table","settling","settling",0.5,12.5,8181.23086872342,11290.0985988383,8999.35395559576
677,"MBMS_14_07DEC23_Pst3DS_2of2_lft_2",0.610898314,TRUE,"poly(esters/ethers/diglycidylethers/terephthalates)s",1250,50,50,25,2,0.159154943,1900,13237.5,1900,13225,"confident","9ca6f88e3c87708f022b733f3a887c79",0.007379937,131,127,116,1,37.5,"<212 µm",14,1,"PRR20231218SS","river water","plastic","sample","Pajaro","surface","20231218",2023-12-18,"fragment",50,25,"polyester/PET",1.38,"TODO(cite): polymer density handbook/default table","settling","settling",0.5,12.5,8181.23086872342,11290.0985988383,8999.35395559576
386,"MBMS_14_07DEC23_Pst3DS_2of2_lft_2",0.604915105,TRUE,"polystyrenes (polyphenylethylenes, -methylstyrene)",1250,50,50,25,2,0.159154943,4062.5,13375,4050,13375,"confident","e3de2730bcc517610371be342481570e",0.006540039,100,99,94,1,37.5,"<212 µm",14,1,"PRR20231218SS","river water","plastic","sample","Pajaro","surface","20231218",2023-12-18,"fragment",50,25,"styrenic polymers",1.05,"TODO(cite): polymer density handbook/default table","settling","settling",0.5,12.5,8181.23086872342,8590.29241215959,8999.35395559576
793,"MBMS_14_07DEC23_Pst3DS_2of2_lft_2",0.611851036,TRUE,"poly(esters/ethers/diglycidylethers/terephthalates)s",1250,50,50,25,2,0.159154943,1100,13662.5,1100,13650,"confident","6b9f03605ec058f2b3bc0dcccbb007f5",0.00642453,68,67,62,1,37.5,"<212 µm",14,1,"PRR20231218SS","river water","plastic","sample","Pajaro","surface","20231218",2023-12-18,"fragment",50,25,"polyester/PET",1.38,"TODO(cite): polymer density handbook/default table","settling","settling",0.5,12.5,8181.23086872342,11290.0985988383,8999.35395559576
835,"MBMS_14_07DEC23_Pst3DS_2of2_lft_2",0.623537335,TRUE,"poly(esters/ethers/diglycidylethers/terephthalates)s",3125,135.3553391,80.90169944,38.6271243,2.094427191,0.466542161,940,14095,925,14075,"confident","6b9f03605ec058f2b3bc0dcccbb007f5",0.006962608,118,117,113,1,59.76441187,"<212 µm",14,1,"PRR20231218SS","river water","plastic","sample","Pajaro","surface","20231218",2023-12-18,"fragment",80.90169944,38.6271243,"polyester/PET",1.38,"TODO(cite): polymer density handbook/default table","settling","settling",0.5,19.31356215,31601.7421728583,43610.4041985444,34761.9163901441
889,"MBMS_14_07DEC23_Pst3DS_2of2_lft_2",0.623715699,TRUE,"poly(esters/ethers/diglycidylethers/terephthalates)s",1875,100,75,25,3,0.424413182,300,14300,300,14275,"confident","6b9f03605ec058f2b3bc0dcccbb007f5",0.007189726,65,64,62,1,50,"<212 µm",14,1,"PRR20231218SS","river water","plastic","sample","Pajaro","surface","20231218",2023-12-18,"fiber",75,25,"polyester/PET",1.38,"TODO(cite): polymer density handbook/default table","settling","settling",0.286474508437567,7.16186271093919,36815.5389092554,50805.4436947724,40497.0928001809
791,"MBMS_14_07DEC23_Pst3DS_2of2_lft_2",0.645654458,TRUE,"poly(esters/ethers/diglycidylethers/terephthalates)s",1875,100,75,25,3,0.424413182,1100,14525,1100,14500,"confident","e0586dfee2a071e18595751338c9361a",0.00765663,92,91,87,1,50,"<212 µm",14,1,"PRR20231218SS","river water","plastic","sample","Pajaro","surface","20231218",2023-12-18,"fiber",75,25,"polyester/PET",1.38,"TODO(cite): polymer density handbook/default table","settling","settling",0.286474508437567,7.16186271093919,36815.5389092554,50805.4436947724,40497.0928001809
447,"MBMS_14_07DEC23_Pst3DS_2of2_lft_2",0.64094904,TRUE,"poly(esters/ethers/diglycidylethers/terephthalates)s",1875,100,75,25,3,0.424413182,3500,14525,3500,14500,"confident","e0586dfee2a071e18595751338c9361a",0.007258166,128,125,120,1,50,"<212 µm",14,1,"PRR20231218SS","river water","plastic","sample","Pajaro","surface","20231218",2023-12-18,"fiber",75,25,"polyester/PET",1.38,"TODO(cite): polymer density handbook/default table","settling","settling",0.286474508437567,7.16186271093919,36815.5389092554,50805.4436947724,40497.0928001809
615,"MBMS_14_07DEC23_Pst3DS_2of2_lft_2",0.648295308,TRUE,"poly(esters/ethers/diglycidylethers/terephthalates)s",1875,100,75,25,3,0.424413182,2300,14800,2300,14775,"confident","f866b9687b98474577d4c602c14d49bc",0.006670968,66,63,56,1,50,"<212 µm",14,1,"PRR20231218SS","river water","plastic","sample","Pajaro","surface","20231218",2023-12-18,"fiber",75,25,"polyester/PET",1.38,"TODO(cite): polymer density handbook/default table","settling","settling",0.286474508437567,7.16186271093919,36815.5389092554,50805.4436947724,40497.0928001809
55,"MBMS_14_07DEC23_Pst3DS_2of2_lft_2",0.633560467,TRUE,"poly(esters/ethers/diglycidylethers/terephthalates)s",1875,100,75,25,3,0.424413182,6300,14800,6300,14775,"confident","e0586dfee2a071e18595751338c9361a",0.007260653,85,82,77,1,50,"<212 µm",14,1,"PRR20231218SS","river water","plastic","sample","Pajaro","surface","20231218",2023-12-18,"fiber",75,25,"polyester/PET",1.38,"TODO(cite): polymer density handbook/default table","settling","settling",0.286474508437567,7.16186271093919,36815.5389092554,50805.4436947724,40497.0928001809
278,"MBMS_14_07DEC23_Pst3DS_2of2_lft_2",0.603211358,TRUE,"polyacrylonitriles (nitriles)",1875,100,75,25,3,0.424413182,4700,14825,4700,14800,"confident","e30a3aa5175ffd0664363a463398e00e",0.009934923,79,78,74,1,50,"<212 µm",14,1,"PRR20231218SS","river water","plastic","sample","Pajaro","surface","20231218",2023-12-18,"fiber",75,25,"acrylic polymers",1.18,"TODO(cite): polymer density handbook/default table","settling","settling",0.286474508437567,7.16186271093919,36815.5389092554,43442.3359129214,40497.0928001809
54,"MBMS_14_07DEC23_Pst3DS_2of2_lft_2",0.631438796,TRUE,"poly(esters/ethers/diglycidylethers/terephthalates)s",2500,130.9016994,80.90169944,30.90169944,2.618033989,0.545432104,6306.25,15006.25,6300,14975,"confident","e1e428f88e453a01943930fb0f731b9a",0.008757816,118,115,110,1,55.90169944,"<212 µm",14,1,"PRR20231218SS","river water","plastic","sample","Pajaro","surface","20231218",2023-12-18,"fragment",80.90169944,30.90169944,"polyester/PET",1.38,"TODO(cite): polymer density handbook/default table","settling","settling",0.5,15.45084972,20225.1149906293,27910.6586870684,22247.6264896922
378,"MBMS_14_07DEC23_Pst3DS_2of2_lft_2",0.604602438,TRUE,"poly(acrylamide/amid)s",4375,185.3553391,104.0569415,42.04428784,2.474936474,0.624916913,4139.285714,15132.14286,4125,15100,"confident","0cbf3fb26f73d85fd1d678a4aade4492",0.008229994,107,104,99,1,73.05061467,"<212 µm",14,1,"PRR20231218SS","river water","plastic","sample","Pajaro","surface","20231218",2023-12-18,"fragment",104.0569415,42.04428784,"polyamide/acrylamide",1.14,"TODO(cite): polymer density handbook/default table","settling","settling",0.5,21.02214392,48156.3635761518,54898.2544768131,52971.999933767
560,"MBMS_14_07DEC23_Pst3DS_2of2_lft_2",0.600234422,TRUE,"poly(esters/ethers/diglycidylethers/terephthalates)s",3750,170.7106781,100,37.5,2.666666667,0.618415325,2708.333333,15337.5,2700,15300,"confident","6b9f03605ec058f2b3bc0dcccbb007f5",0.009257919,107,106,104,1,68.75,"<212 µm",14,1,"PRR20231218SS","river water","plastic","sample","Pajaro","surface","20231218",2023-12-18,"fragment",100,37.5,"polyester/PET",1.38,"TODO(cite): polymer density handbook/default table","settling","settling",0.5,18.75,36815.5389092554,50805.4436947724,40497.0928001809
446,"MBMS_14_07DEC23_Pst3DS_2of2_lft_2",0.642276766,TRUE,"poly(esters/ethers/diglycidylethers/terephthalates)s",1875,100,75,25,3,0.424413182,3500,15525,3500,15500,"confident","d19304430617d51aff718b797a3d3a2d",0.008099431,73,72,67,1,50,"<212 µm",14,1,"PRR20231218SS","river water","plastic","sample","Pajaro","surface","20231218",2023-12-18,"fiber",75,25,"polyester/PET",1.38,"TODO(cite): polymer density handbook/default table","settling","settling",0.286474508437567,7.16186271093919,36815.5389092554,50805.4436947724,40497.0928001809
166,"MBMS_14_07DEC23_Pst3DS_2of2_lft_2",0.621989075,TRUE,"polyhaloolefins (vinylhalides)",3125,166.2570385,100,31.25,3.2,0.703882544,5495,15635,5500,15600,"confident","16b06151dd199c570390f3afdd5477bd",0.008902806,95,94,89,1,65.625,"<212 µm",14,1,"PRR20231218SS","river water","plastic","sample","Pajaro","surface","20231218",2023-12-18,"fiber",100,31.25,"halogenated vinyl polymers",1.35,"TODO(cite): polymer density handbook/default table","settling","settling",0.286474508437567,8.95232838867398,76699.0393942821,103543.703182281,84368.9433337103
127,"MBMS_14_07DEC23_Pst3DS_2of2_lft",0.602729936,TRUE,"polyhaloolefins (vinylhalides)",1250,50,50,25,2,0.159154943,5750,12.5,5750,0,"confident","d4c1ecbd8a66d0052968a58a6a7f8b96",0.007479012,162,39,34,1,37.5,"<212 µm",14,1,"PRR20231218SS","river water","plastic","sample","Pajaro","surface","20231218",2023-12-18,"fragment",50,25,"halogenated vinyl polymers",1.35,"TODO(cite): polymer density handbook/default table","settling","settling",0.5,12.5,8181.23086872342,11044.6616727766,8999.35395559576
126,"MBMS_14_07DEC23_Pst3DS_2of2_lft",0.647666729,TRUE,"poly(esters/ethers/diglycidylethers/terephthalates)s",1250,50,50,25,2,0.159154943,5750,187.5,5750,175,"confident","27dad1d094f4a127ea27edb15d8e07e5",0.006678301,124,125,117,1,37.5,"<212 µm",14,1,"PRR20231218SS","river water","plastic","sample","Pajaro","surface","20231218",2023-12-18,"fragment",50,25,"polyester/PET",1.38,"TODO(cite): polymer density handbook/default table","settling","settling",0.5,12.5,8181.23086872342,11290.0985988383,8999.35395559576
633,"MBMS_14_07DEC23_Pst3DS_2of2_lft",0.606057796,TRUE,"cellulose derivatives (ether cellulose)",2500,150,100,25,4,0.716197244,700,312.5,700,275,"confident","67ccb30a1c8f99b0070dbfe4ef4ff8b2",0.00774972,86,88,83,1,62.5,"<212 µm",14,1,"PRR20231218SS","river water","plastic","sample","Pajaro","surface","20231218",2023-12-18,"fiber",100,25,"cellulose derivatives",1.5,"TODO(cite): polymer density handbook/default table","settling","settling",0.286474508437567,7.16186271093919,49087.3852123405,73631.0778185108,53996.1237335746
407,"MBMS_14_07DEC23_Pst3DS_2of2_lft",0.639332914,TRUE,"poly(esters/ethers/diglycidylethers/terephthalates)s",1250,50,50,25,2,0.159154943,3100,537.5,3100,525,"confident","2584f49c0715cd7a2f21f7cf314fa265",0.007591226,111,112,107,1,37.5,"<212 µm",14,1,"PRR20231218SS","river water","plastic","sample","Pajaro","surface","20231218",2023-12-18,"fragment",50,25,"polyester/PET",1.38,"TODO(cite): polymer density handbook/default table","settling","settling",0.5,12.5,8181.23086872342,11290.0985988383,8999.35395559576
536,"MBMS_14_07DEC23_Pst3DS_2of2_lft",0.649284098,TRUE,"poly(esters/ethers/diglycidylethers/terephthalates)s",1250,50,50,25,2,0.159154943,1750,662.5,1750,650,"confident","27dad1d094f4a127ea27edb15d8e07e5",0.007338266,107,109,104,1,37.5,"<212 µm",14,1,"PRR20231218SS","river water","plastic","sample","Pajaro","surface","20231218",2023-12-18,"fragment",50,25,"polyester/PET",1.38,"TODO(cite): polymer density handbook/default table","settling","settling",0.5,12.5,8181.23086872342,11290.0985988383,8999.35395559576
381,"MBMS_14_07DEC23_Pst3DS_2of2_lft",0.602246515,TRUE,"polyvinylesters",3125,135.3553391,80.90169944,38.6271243,2.094427191,0.466542161,3340,845,3325,825,"confident","7a7fac7da66e95670c292383ba3ecf3e",0.008427703,61,62,54,1,59.76441187,"<212 µm",14,1,"PRR20231218SS","river water","plastic","sample","Pajaro","surface","20231218",2023-12-18,"fragment",80.90169944,38.6271243,"vinyl polymers",1.25,"TODO(cite): polymer density handbook/default table","settling","settling",0.5,19.31356215,31601.7421728583,39502.1777160728,34761.9163901441
256,"MBMS_14_07DEC23_Pst3DS_2of2_lft",0.627820281,TRUE,"poly(esters/ethers/diglycidylethers/terephthalates)s",1250,50,50,25,2,0.159154943,4550,962.5,4550,950,"confident","5bd7569bf3f51e77b9b6c60a4b68bbda",0.00715718,133,135,124,1,37.5,"<212 µm",14,1,"PRR20231218SS","river water","plastic","sample","Pajaro","surface","20231218",2023-12-18,"fragment",50,25,"polyester/PET",1.38,"TODO(cite): polymer density handbook/default table","settling","settling",0.5,12.5,8181.23086872342,11290.0985988383,8999.35395559576
27,"MBMS_14_07DEC23_Pst3DS_2of2_lft",0.626793762,TRUE,"polymethacrylates",1250,50,50,25,2,0.159154943,6700,1012.5,6700,1000,"confident","71d31ba5e10d0a7897a1c8d298848b5f",0.006275237,109,120,116,1,37.5,"<212 µm",14,1,"PRR20231218SS","river water","plastic","sample","Pajaro","surface","20231218",2023-12-18,"fragment",50,25,"acrylic polymers",1.18,"TODO(cite): polymer density handbook/default table","settling","settling",0.5,12.5,8181.23086872342,9653.85242509363,8999.35395559576
255,"MBMS_14_07DEC23_Pst3DS_2of2_lft",0.659354343,TRUE,"poly(esters/ethers/diglycidylethers/terephthalates)s",3125,166.2570385,104.0569415,30.03163417,3.464911064,0.703882544,4540,1135,4525,1100,"confident","6b9f03605ec058f2b3bc0dcccbb007f5",0.007860351,77,78,70,1,67.04428784,"<212 µm",14,1,"PRR20231218SS","river water","plastic","sample","Pajaro","surface","20231218",2023-12-18,"fiber",104.0569415,30.03163417,"polyester/PET",1.38,"TODO(cite): polymer density handbook/default table","settling","settling",0.286474508437567,8.6032976364276,73708.7197524036,101718.033258317,81079.5917276439
500,"MBMS_14_07DEC23_Pst3DS_2of2_lft",0.65966097,TRUE,"poly(esters/ethers/diglycidylethers/terephthalates)s",5000,206.0660172,115.1387819,43.42585459,2.651387819,0.675822873,2128.125,1331.25,2100,1300,"confident","6b9f03605ec058f2b3bc0dcccbb007f5",0.008441117,82,83,75,1,79.28231824,"<212 µm",14,1,"PRR20231218SS","river water","plastic","sample","Pajaro","surface","20231218",2023-12-18,"fragment",115.1387819,43.42585459,"polyester/PET",1.38,"TODO(cite): polymer density handbook/default table","settling","settling",0.5,21.712927295,56844.3107368041,78445.1488167897,62528.7418104845
325,"MBMS_14_07DEC23_Pst3DS_2of2_lft",0.645489946,TRUE,"poly(esters/ethers/diglycidylethers/terephthalates)s",1250,50,50,25,2,0.159154943,3900,1337.5,3900,1325,"confident","9ca6f88e3c87708f022b733f3a887c79",0.006413475,68,69,61,1,37.5,"<212 µm",14,1,"PRR20231218SS","river water","plastic","sample","Pajaro","surface","20231218",2023-12-18,"fragment",50,25,"polyester/PET",1.38,"TODO(cite): polymer density handbook/default table","settling","settling",0.5,12.5,8181.23086872342,11290.0985988383,8999.35395559576
240,"MBMS_14_07DEC23_Pst3DS_2of2_lft",0.639004284,TRUE,"poly(esters/ethers/diglycidylethers/terephthalates)s",1250,50,50,25,2,0.159154943,4700,1337.5,4700,1325,"confident","9ca6f88e3c87708f022b733f3a887c79",0.006951132,114,113,108,1,37.5,"<212 µm",14,1,"PRR20231218SS","river water","plastic","sample","Pajaro","surface","20231218",2023-12-18,"fragment",50,25,"polyester/PET",1.38,"TODO(cite): polymer density handbook/default table","settling","settling",0.5,12.5,8181.23086872342,11290.0985988383,8999.35395559576
296,"MBMS_14_07DEC23_Pst3DS_2of2_lft",0.655510318,TRUE,"poly(esters/ethers/diglycidylethers/terephthalates)s",1250,50,50,25,2,0.159154943,4150,1437.5,4150,1425,"confident","6b9f03605ec058f2b3bc0dcccbb007f5",0.006777659,84,85,79,1,37.5,"<212 µm",14,1,"PRR20231218SS","river water","plastic","sample","Pajaro","surface","20231218",2023-12-18,"fragment",50,25,"polyester/PET",1.38,"TODO(cite): polymer density handbook/default table","settling","settling",0.5,12.5,8181.23086872342,11290.0985988383,8999.35395559576
295,"MBMS_14_07DEC23_Pst3DS_2of2_lft",0.601610524,TRUE,"poly(esters/ethers/diglycidylethers/terephthalates)s",1250,50,50,25,2,0.159154943,4150,1887.5,4150,1875,"confident","574fdd5aa2fc827a9c1750629625c37d",0.008386596,129,128,123,1,37.5,"<212 µm",14,1,"PRR20231218SS","river water","plastic","sample","Pajaro","surface","20231218",2023-12-18,"fragment",50,25,"polyester/PET",1.38,"TODO(cite): polymer density handbook/default table","settling","settling",0.5,12.5,8181.23086872342,11290.0985988383,8999.35395559576
575,"MBMS_14_07DEC23_Pst3DS_2of2_lft",0.606306971,TRUE,"poly(esters/ethers/diglycidylethers/terephthalates)s",3125,135.3553391,80.90169944,38.6271243,2.094427191,0.466542161,1340,1970,1325,1950,"confident","6b9f03605ec058f2b3bc0dcccbb007f5",0.006790721,119,121,116,1,59.76441187,"<212 µm",14,1,"PRR20231218SS","river water","plastic","sample","Pajaro","surface","20231218",2023-12-18,"fragment",80.90169944,38.6271243,"polyester/PET",1.38,"TODO(cite): polymer density handbook/default table","settling","settling",0.5,19.31356215,31601.7421728583,43610.4041985444,34761.9163901441
485,"MBMS_14_07DEC23_Pst3DS_2of2_lft",0.630039325,TRUE,"poly(esters/ethers/diglycidylethers/terephthalates)s",3125,135.3553391,80.90169944,38.6271243,2.094427191,0.466542161,2310,1980,2300,1950,"confident","18ce4ded30d40ef430957d24f3557eae",0.007919039,72,72,64,1,59.76441187,"<212 µm",14,1,"PRR20231218SS","river water","plastic","sample","Pajaro","surface","20231218",2023-12-18,"fragment",80.90169944,38.6271243,"polyester/PET",1.38,"TODO(cite): polymer density handbook/default table","settling","settling",0.5,19.31356215,31601.7421728583,43610.4041985444,34761.9163901441
484,"MBMS_14_07DEC23_Pst3DS_2of2_lft",0.650073947,TRUE,"poly(esters/ethers/diglycidylethers/terephthalates)s",1250,50,50,25,2,0.159154943,2300,2187.5,2300,2175,"confident","6b9f03605ec058f2b3bc0dcccbb007f5",0.006824761,67,67,59,1,37.5,"<212 µm",14,1,"PRR20231218SS","river water","plastic","sample","Pajaro","surface","20231218",2023-12-18,"fragment",50,25,"polyester/PET",1.38,"TODO(cite): polymer density handbook/default table","settling","settling",0.5,12.5,8181.23086872342,11290.0985988383,8999.35395559576
589,"MBMS_14_07DEC23_Pst3DS_2of2_lft",0.631250953,TRUE,"polymethacrylates",2500,164.4122806,104.0569415,24.02530734,4.33113883,0.860436122,1106.25,2512.5,1100,2475,"confident","5be22b1ebe107d959f0d5110e85c64b1",0.007361982,141,140,135,1,64.04112442,"<212 µm",14,1,"PRR20231218SS","river water","plastic","sample","Pajaro","surface","20231218",2023-12-18,"fiber",104.0569415,24.02530734,"acrylic polymers",1.18,"TODO(cite): polymer density handbook/default table","settling","settling",0.286474508437567,6.88263811028798,47173.5806572462,55664.8251755506,51890.9387229709
364,"MBMS_14_07DEC23_Pst3DS_2of2_lft",0.604196884,TRUE,"polymethacrylates",1250,50,50,25,2,0.159154943,3500,2487.5,3500,2475,"confident","5be22b1ebe107d959f0d5110e85c64b1",0.006883074,115,114,109,1,37.5,"<212 µm",14,1,"PRR20231218SS","river water","plastic","sample","Pajaro","surface","20231218",2023-12-18,"fragment",50,25,"acrylic polymers",1.18,"TODO(cite): polymer density handbook/default table","settling","settling",0.5,12.5,8181.23086872342,9653.85242509363,8999.35395559576
539,"MBMS_14_07DEC23_Pst3DS_2of2_lft",0.600129423,TRUE,"poly(esters/ethers/diglycidylethers/terephthalates)s",1875,85.35533906,60.35533906,31.06601718,1.942809042,0.309207662,1741.666667,2508.333333,1725,2500,"confident","5bd7569bf3f51e77b9b6c60a4b68bbda",0.008266913,69,70,64,1,45.71067812,"<212 µm",14,1,"PRR20231218SS","river water","plastic","sample","Pajaro","surface","20231218",2023-12-18,"fragment",60.35533906,31.06601718,"polyester/PET",1.38,"TODO(cite): polymer density handbook/default table","settling","settling",0.5,15.53300859,15249.4955244389,21044.3038237257,16774.4450768828
553,"MBMS_14_07DEC23_Pst3DS_2of2_lft",0.643848525,TRUE,"poly(esters/ethers/diglycidylethers/terephthalates)s",1875,100,75,25,3,0.424413182,1500,2600,1500,2575,"confident","18ce4ded30d40ef430957d24f3557eae",0.007868209,127,129,124,1,50,"<212 µm",14,1,"PRR20231218SS","river water","plastic","sample","Pajaro","surface","20231218",2023-12-18,"fiber",75,25,"polyester/PET",1.38,"TODO(cite): polymer density handbook/default table","settling","settling",0.286474508437567,7.16186271093919,36815.5389092554,50805.4436947724,40497.0928001809
236,"MBMS_14_07DEC23_Pst3DS_2of2_lft",0.606577871,TRUE,"polyacrylonitriles (nitriles)",1250,50,50,25,2,0.159154943,4700,2587.5,4700,2575,"confident","e30a3aa5175ffd0664363a463398e00e",0.00672856,99,100,95,1,37.5,"<212 µm",14,1,"PRR20231218SS","river water","plastic","sample","Pajaro","surface","20231218",2023-12-18,"fragment",50,25,"acrylic polymers",1.18,"TODO(cite): polymer density handbook/default table","settling","settling",0.5,12.5,8181.23086872342,9653.85242509363,8999.35395559576
457,"MBMS_14_07DEC23_Pst3DS_2of2_lft",0.646868455,TRUE,"poly(esters/ethers/diglycidylethers/terephthalates)s",1250,50,50,25,2,0.159154943,2550,2712.5,2550,2700,"confident","6b9f03605ec058f2b3bc0dcccbb007f5",0.006553477,108,109,101,1,37.5,"<212 µm",14,1,"PRR20231218SS","river water","plastic","sample","Pajaro","surface","20231218",2023-12-18,"fragment",50,25,"polyester/PET",1.38,"TODO(cite): polymer density handbook/default table","settling","settling",0.5,12.5,8181.23086872342,11290.0985988383,8999.35395559576
518,"MBMS_14_07DEC23_Pst3DS_2of2_lft",0.659069914,TRUE,"poly(esters/ethers/diglycidylethers/terephthalates)s",1250,50,50,25,2,0.159154943,1900,2912.5,1900,2900,"confident","9ca6f88e3c87708f022b733f3a887c79",0.006277057,78,79,74,1,37.5,"<212 µm",14,1,"PRR20231218SS","river water","plastic","sample","Pajaro","surface","20231218",2023-12-18,"fragment",50,25,"polyester/PET",1.38,"TODO(cite): polymer density handbook/default table","settling","settling",0.5,12.5,8181.23086872342,11290.0985988383,8999.35395559576
659,"MBMS_14_07DEC23_Pst3DS_2of2_lft",0.635851961,TRUE,"polyhaloolefins (vinylhalides)",2500,150,100,25,4,0.716197244,300,3112.5,300,3075,"confident","edd68ee40ec061b7863165d48af04ec3",0.007548504,85,75,66,1,62.5,"<212 µm",14,1,"PRR20231218SS","river water","plastic","sample","Pajaro","surface","20231218",2023-12-18,"fiber",100,25,"halogenated vinyl polymers",1.35,"TODO(cite): polymer density handbook/default table","settling","settling",0.286474508437567,7.16186271093919,49087.3852123405,66267.9700366597,53996.1237335746
106,"MBMS_14_07DEC23_Pst3DS_2of2_lft",0.602521919,TRUE,"poly(esters/ethers/diglycidylethers/terephthalates)s",3125,135.3553391,80.90169944,38.6271243,2.094427191,0.466542161,5910,3105,5900,3075,"confident","61f35e50174efb9cf8f3975807754fb2",0.00805445,77,78,70,1,59.76441187,"<212 µm",14,1,"PRR20231218SS","river water","plastic","sample","Pajaro","surface","20231218",2023-12-18,"fragment",80.90169944,38.6271243,"polyester/PET",1.38,"TODO(cite): polymer density handbook/default table","settling","settling",0.5,19.31356215,31601.7421728583,43610.4041985444,34761.9163901441
483,"MBMS_14_07DEC23_Pst3DS_2of2_lft",0.603637466,TRUE,"polyhaloolefins (vinylhalides)",1875,100,75,25,3,0.424413182,2300,3425,2300,3400,"confident","edd68ee40ec061b7863165d48af04ec3",0.006382166,72,71,69,1,50,"<212 µm",14,1,"PRR20231218SS","river water","plastic","sample","Pajaro","surface","20231218",2023-12-18,"fiber",75,25,"halogenated vinyl polymers",1.35,"TODO(cite): polymer density handbook/default table","settling","settling",0.286474508437567,7.16186271093919,36815.5389092554,49700.9775274948,40497.0928001809
587,"MBMS_14_07DEC23_Pst3DS_2of2_lft",0.614734086,TRUE,"poly(esters/ethers/diglycidylethers/terephthalates)s",1250,50,50,25,2,0.159154943,1100,3512.5,1100,3500,"confident","9ca6f88e3c87708f022b733f3a887c79",0.006603049,95,96,90,1,37.5,"<212 µm",14,1,"PRR20231218SS","river water","plastic","sample","Pajaro","surface","20231218",2023-12-18,"fragment",50,25,"polyester/PET",1.38,"TODO(cite): polymer density handbook/default table","settling","settling",0.5,12.5,8181.23086872342,11290.0985988383,8999.35395559576
131,"MBMS_14_07DEC23_Pst3DS_2of2_lft",0.609009918,TRUE,"poly(esters/ethers/diglycidylethers/terephthalates)s",3125,135.3553391,80.90169944,38.6271243,2.094427191,0.466542161,5740,3720,5725,3700,"confident","72c4c6030c625af87a2790704fdda9f2",0.009075503,80,82,77,1,59.76441187,"<212 µm",14,1,"PRR20231218SS","river water","plastic","sample","Pajaro","surface","20231218",2023-12-18,"fragment",80.90169944,38.6271243,"polyester/PET",1.38,"TODO(cite): polymer density handbook/default table","settling","settling",0.5,19.31356215,31601.7421728583,43610.4041985444,34761.9163901441
462,"MBMS_14_07DEC23_Pst3DS_2of2_lft",0.61475578,TRUE,"poly(esters/ethers/diglycidylethers/terephthalates)s",1875,85.35533906,60.35533906,31.06601718,1.942809042,0.309207662,2541.666667,3933.333333,2525,3925,"confident","5bd7569bf3f51e77b9b6c60a4b68bbda",0.006801483,101,102,94,1,45.71067812,"<212 µm",14,1,"PRR20231218SS","river water","plastic","sample","Pajaro","surface","20231218",2023-12-18,"fragment",60.35533906,31.06601718,"polyester/PET",1.38,"TODO(cite): polymer density handbook/default table","settling","settling",0.5,15.53300859,15249.4955244389,21044.3038237257,16774.4450768828
552,"MBMS_14_07DEC23_Pst3DS_2of2_lft",0.618816254,TRUE,"polyacrylonitriles (nitriles)",1250,50,50,25,2,0.159154943,1500,4037.5,1500,4025,"confident","e30a3aa5175ffd0664363a463398e00e",0.006778529,145,146,138,1,37.5,"<212 µm",14,1,"PRR20231218SS","river water","plastic","sample","Pajaro","surface","20231218",2023-12-18,"fragment",50,25,"acrylic polymers",1.18,"TODO(cite): polymer density handbook/default table","settling","settling",0.5,12.5,8181.23086872342,9653.85242509363,8999.35395559576
292,"MBMS_14_07DEC23_Pst3DS_2of2_lft",0.604194752,TRUE,"poly(esters/ethers/diglycidylethers/terephthalates)s",1250,50,50,25,2,0.159154943,4150,4137.5,4150,4125,"confident","6b9f03605ec058f2b3bc0dcccbb007f5",0.006326125,96,97,91,1,37.5,"<212 µm",14,1,"PRR20231218SS","river water","plastic","sample","Pajaro","surface","20231218",2023-12-18,"fragment",50,25,"polyester/PET",1.38,"TODO(cite): polymer density handbook/default table","settling","settling",0.5,12.5,8181.23086872342,11290.0985988383,8999.35395559576
216,"MBMS_14_07DEC23_Pst3DS_2of2_lft",0.626375726,TRUE,"poly(esters/ethers/diglycidylethers/terephthalates)s",3125,135.3553391,80.90169944,38.6271243,2.094427191,0.466542161,4940,4345,4925,4325,"confident","72c4c6030c625af87a2790704fdda9f2",0.008656578,93,94,88,1,59.76441187,"<212 µm",14,1,"PRR20231218SS","river water","plastic","sample","Pajaro","surface","20231218",2023-12-18,"fragment",80.90169944,38.6271243,"polyester/PET",1.38,"TODO(cite): polymer density handbook/default table","settling","settling",0.5,19.31356215,31601.7421728583,43610.4041985444,34761.9163901441
585,"MBMS_14_07DEC23_Pst3DS_2of2_lft",0.620924627,TRUE,"poly(ethylene)",2500,120.7106781,75,33.33333333,2.25,0.463811494,1106.25,4975,1100,4950,"confident","75f05a71d340027aa9971094e98c9bb5",0.007247773,72,74,69,1,54.16666667,"<212 µm",14,1,"PRR20231218SS","river water","plastic","sample","Pajaro","surface","20231218",2023-12-18,"fragment",75,33.33333333,"polyethylene",0.94,"TODO(cite): polymer density handbook/default table","buoyant","buoyant",0.5,16.666666665,21816.6156455658,20507.6187068318,23998.2772101224
2,"MBMS_14_07DEC23_Pst3DS_2of2_lft",0.627354686,TRUE,"poly(ethylene)",4375,180.9016994,95.71067812,45.71067812,2.093836321,0.595247215,6717.857143,4978.571429,6700,4950,"confident","8e95a3c58908cba1bc59f5e0d8e6fad3",0.00822948,77,87,86,1,70.71067812,"<212 µm",14,1,"PRR20231218SS","river water","plastic","sample","Pajaro","surface","20231218",2023-12-18,"fragment",95.71067812,45.71067812,"polyethylene",0.94,"TODO(cite): polymer density handbook/default table","buoyant","buoyant",0.5,22.85533906,52355.7455234641,49214.4007920562,57591.3200758105
648,"MBMS_14_07DEC23_Pst3DS_2of2_lft",0.600284038,TRUE,"polyurethanes (isocyanates)",1250,50,50,25,2,0.159154943,525,5012.5,525,5000,"confident","c0747d55d329401557f04fea6131dbc2",0.006442489,78,79,74,1,37.5,"<212 µm",14,1,"PRR20231218SS","river water","plastic","sample","Pajaro","surface","20231218",2023-12-18,"fragment",50,25,"polyurethane",1.2,"TODO(cite): polymer density handbook/default table","settling","settling",0.5,12.5,8181.23086872342,9817.4770424681,8999.35395559576
19,"MBMS_14_07DEC23_Pst3DS_2of2_lft",0.634765702,TRUE,"poly(esters/ethers/diglycidylethers/terephthalates)s",1250,50,50,25,2,0.159154943,6700,6587.5,6700,6575,"confident","f866b9687b98474577d4c602c14d49bc",0.007968639,70,76,72,1,37.5,"<212 µm",14,1,"PRR20231218SS","river water","plastic","sample","Pajaro","surface","20231218",2023-12-18,"fragment",50,25,"polyester/PET",1.38,"TODO(cite): polymer density handbook/default table","settling","settling",0.5,12.5,8181.23086872342,11290.0985988383,8999.35395559576
264,"MBMS_14_07DEC23_Pst3DS_2of2_lft",0.60909168,TRUE,"poly(propylene)",3125,135.3553391,80.90169944,38.6271243,2.094427191,0.466542161,4440,7220,4425,7200,"confident","e58b30f5cf6c4238c187f7fd5f8c5f2f",0.010014169,97,98,90,1,59.76441187,"<212 µm",14,1,"PRR20231218SS","river water","plastic","sample","Pajaro","surface","20231218",2023-12-18,"fragment",80.90169944,38.6271243,"polypropylene",0.9,"TODO(cite): polymer density handbook/default table","buoyant","buoyant",0.5,19.31356215,31601.7421728583,28441.5679555724,34761.9163901441
315,"MBMS_14_07DEC23_Pst3DS_2of2_lft",0.608980912,TRUE,"poly(acrylamide/amid)s",25625,573.3744174,240.0581317,106.7449781,2.248893915,1.020946267,3842.682927,7346.341463,3900,7250,"confident","01ff0447b07401b960f0c4835359e290",0.022507891,114,115,109,1,173.4015549,"<212 µm",14,1,"PRR20231218SS","river water","plastic","sample","Pajaro","surface","20231218",2023-12-18,"fragment",240.0581317,106.7449781,"polyamide/acrylamide",1.14,"TODO(cite): polymer density handbook/default table","settling","settling",0.5,53.37248905,716110.354437215,816365.804058426,787721.389880937
603,"MBMS_14_07DEC23_Pst3DS_2of2_lft",0.622627908,TRUE,"polyhaloolefins (vinylhalides)",1250,50,50,25,2,0.159154943,950,7437.5,950,7425,"confident","108ac44899ce0f70c2d9c66fb4074a39",0.006635624,88,88,80,1,37.5,"<212 µm",14,1,"PRR20231218SS","river water","plastic","sample","Pajaro","surface","20231218",2023-12-18,"fragment",50,25,"halogenated vinyl polymers",1.35,"TODO(cite): polymer density handbook/default table","settling","settling",0.5,12.5,8181.23086872342,11044.6616727766,8999.35395559576
429,"MBMS_14_07DEC23_Pst3DS_2of2_lft",0.654634092,TRUE,"poly(acrylamide/amid)s",3125,161.8033989,95.71067812,32.65048437,2.93137085,0.666676881,2725,7675,2700,7650,"confident","798c6cdb451bebea4788e00a1bb14523",0.006640049,86,87,79,1,64.18058124,"<212 µm",14,1,"PRR20231218SS","river water","plastic","sample","Pajaro","surface","20231218",2023-12-18,"fragment",95.71067812,32.65048437,"polyamide/acrylamide",1.14,"TODO(cite): polymer density handbook/default table","settling","settling",0.5,16.325242185,26712.1150606544,30451.811169146,29383.3265667198
640,"MBMS_14_07DEC23_Pst3DS_2of2_lft",0.627527436,TRUE,"polyhaloolefins (vinylhalides)",1250,50,50,25,2,0.159154943,550,7762.5,550,7750,"confident","108ac44899ce0f70c2d9c66fb4074a39",0.007812987,87,88,82,1,37.5,"<212 µm",14,1,"PRR20231218SS","river water","plastic","sample","Pajaro","surface","20231218",2023-12-18,"fragment",50,25,"halogenated vinyl polymers",1.35,"TODO(cite): polymer density handbook/default table","settling","settling",0.5,12.5,8181.23086872342,11044.6616727766,8999.35395559576
669,"MBMS_14_07DEC23_Pst3DS_2of2_lft",0.609850565,TRUE,"polyhaloolefins (vinylhalides)",1875,100,75,25,3,0.424413182,150,8075,150,8050,"confident","7061cacc139a0e8888f41995d7f0bac5",0.008176125,82,97,92,1,50,"<212 µm",14,1,"PRR20231218SS","river water","plastic","sample","Pajaro","surface","20231218",2023-12-18,"fiber",75,25,"halogenated vinyl polymers",1.35,"TODO(cite): polymer density handbook/default table","settling","settling",0.286474508437567,7.16186271093919,36815.5389092554,49700.9775274948,40497.0928001809
15,"MBMS_14_07DEC23_Pst3DS_2of2_lft",0.651338695,TRUE,"poly(ethylene)",1250,50,50,25,2,0.159154943,6700,8462.5,6700,8450,"confident","37fcd3d7949f51b3f526b55e8ae4383f",0.006251807,153,165,161,1,37.5,"<212 µm",14,1,"PRR20231218SS","river water","plastic","sample","Pajaro","surface","20231218",2023-12-18,"fragment",50,25,"polyethylene",0.94,"TODO(cite): polymer density handbook/default table","buoyant","buoyant",0.5,12.5,8181.23086872342,7690.35701660001,8999.35395559576
354,"MBMS_14_07DEC23_Pst3DS_2of2_lft",0.620263376,TRUE,"poly(esters/ethers/diglycidylethers/terephthalates)s",1250,50,50,25,2,0.159154943,3500,9687.5,3500,9675,"confident","f866b9687b98474577d4c602c14d49bc",0.006387627,87,88,82,1,37.5,"<212 µm",14,1,"PRR20231218SS","river water","plastic","sample","Pajaro","surface","20231218",2023-12-18,"fragment",50,25,"polyester/PET",1.38,"TODO(cite): polymer density handbook/default table","settling","settling",0.5,12.5,8181.23086872342,11290.0985988383,8999.35395559576
183,"MBMS_14_07DEC23_Pst3DS_2of2_lft",0.621206931,TRUE,"poly(esters/ethers/diglycidylethers/terephthalates)s",1250,50,50,25,2,0.159154943,5100,9687.5,5100,9675,"confident","67d92cafbb8ef2631fc2326043e9a34f",0.006214312,90,91,85,1,37.5,"<212 µm",14,1,"PRR20231218SS","river water","plastic","sample","Pajaro","surface","20231218",2023-12-18,"fragment",50,25,"polyester/PET",1.38,"TODO(cite): polymer density handbook/default table","settling","settling",0.5,12.5,8181.23086872342,11290.0985988383,8999.35395559576
508,"MBMS_14_07DEC23_Pst3DS_2of2_lft",0.627159409,TRUE,"poly(acrylamide/amid)s",1250,50,50,25,2,0.159154943,1900,10312.5,1900,10300,"confident","01ff0447b07401b960f0c4835359e290",0.007016681,92,92,90,1,37.5,"<212 µm",14,1,"PRR20231218SS","river water","plastic","sample","Pajaro","surface","20231218",2023-12-18,"fragment",50,25,"polyamide/acrylamide",1.14,"TODO(cite): polymer density handbook/default table","settling","settling",0.5,12.5,8181.23086872342,9326.6031903447,8999.35395559576
620,"MBMS_14_07DEC23_Pst3DS_2of2_lft",0.652769516,TRUE,"poly(propylene)",1875,100,75,25,3,0.424413182,700,11250,700,11225,"confident","c091477e14dd788314c72dc413cd3722",0.006801015,97,98,90,1,50,"<212 µm",14,1,"PRR20231218SS","river water","plastic","sample","Pajaro","surface","20231218",2023-12-18,"fiber",75,25,"polypropylene",0.9,"TODO(cite): polymer density handbook/default table","buoyant","buoyant",0.286474508437567,7.16186271093919,36815.5389092554,33133.9850183298,40497.0928001809
308,"MBMS_14_07DEC23_Pst3DS_2of2_lft",0.63086011,TRUE,"poly(propylene)",1250,50,50,25,2,0.159154943,3900,12262.5,3900,12250,"confident","bb462d6165bc63ec8b2519e92ceb85cc",0.007701272,96,97,89,1,37.5,"<212 µm",14,1,"PRR20231218SS","river water","plastic","sample","Pajaro","surface","20231218",2023-12-18,"fragment",50,25,"polypropylene",0.9,"TODO(cite): polymer density handbook/default table","buoyant","buoyant",0.5,12.5,8181.23086872342,7363.10778185108,8999.35395559576
46,"MBMS_14_07DEC23_Pst3DS_2of2_lft",0.621367152,TRUE,"poly(propylene)",1250,50,50,25,2,0.159154943,6300,14737.5,6300,14725,"confident","a10d32cb1dd62cfd2207e223abe528cb",0.006756171,67,68,63,1,37.5,"<212 µm",14,1,"PRR20231218SS","river water","plastic","sample","Pajaro","surface","20231218",2023-12-18,"fragment",50,25,"polypropylene",0.9,"TODO(cite): polymer density handbook/default table","buoyant","buoyant",0.5,12.5,8181.23086872342,7363.10778185108,8999.35395559576
348,"MBMS_14_07DEC23_Pst3DS_2of2_lft",0.60579598,TRUE,"poly(ethylene)",2500,130.9016994,80.90169944,30.90169944,2.618033989,0.545432104,3493.75,15043.75,3475,15025,"confident","d5e7fee6708487618dac3bb7419f1e9a",0.007464557,104,107,100,1,55.90169944,"<212 µm",14,1,"PRR20231218SS","river water","plastic","sample","Pajaro","surface","20231218",2023-12-18,"fragment",80.90169944,30.90169944,"polyethylene",0.94,"TODO(cite): polymer density handbook/default table","buoyant","buoyant",0.5,15.45084972,20225.1149906293,19011.6080911915,22247.6264896922
5,"MBMS_14_07DEC23_Pst3DS_2of2_lft",0.610713486,TRUE,"poly(propylene)",1250,50,50,25,2,0.159154943,6700,15237.5,6700,15225,"confident","09b0ad8fc448c026747fdb6fdf759c0c",0.007286608,57,74,58,1,37.5,"<212 µm",14,1,"PRR20231218SS","river water","plastic","sample","Pajaro","surface","20231218",2023-12-18,"fragment",50,25,"polypropylene",0.9,"TODO(cite): polymer density handbook/default table","buoyant","buoyant",0.5,12.5,8181.23086872342,7363.10778185108,8999.35395559576
31,"MBMS_14_07DEC23_Pst3DS_2of2_rt_2",0.601086681,TRUE,"poly(esters/ethers/diglycidylethers/terephthalates)s",2500,130.9016994,80.90169944,30.90169944,2.618033989,0.545432104,6693.75,118.75,6675,100,"confident","6b9f03605ec058f2b3bc0dcccbb007f5",0.008329797,67,58,53,1,55.90169944,"<212 µm",14,1,"PRR20231218SS","river water","plastic","sample","Pajaro","surface","20231218",2023-12-18,"fragment",80.90169944,30.90169944,"polyester/PET",1.38,"TODO(cite): polymer density handbook/default table","settling","settling",0.5,15.45084972,20225.1149906293,27910.6586870684,22247.6264896922
89,"MBMS_14_07DEC23_Pst3DS_2of2_rt_2",0.641939674,TRUE,"poly(esters/ethers/diglycidylethers/terephthalates)s",1875,100,75,25,3,0.424413182,6300,250,6300,225,"confident","c689b274a66cb2e33fd140ee2a03c7b9",0.00920327,103,102,97,1,50,"<212 µm",14,1,"PRR20231218SS","river water","plastic","sample","Pajaro","surface","20231218",2023-12-18,"fiber",75,25,"polyester/PET",1.38,"TODO(cite): polymer density handbook/default table","settling","settling",0.286474508437567,7.16186271093919,36815.5389092554,50805.4436947724,40497.0928001809
4,"MBMS_14_07DEC23_Pst3DS_2of2_rt_2",0.659194292,TRUE,"poly(esters/ethers/diglycidylethers/terephthalates)s",5625,220.7106781,115.1387819,48.85408641,2.356789172,0.689150855,6719.444444,372.2222222,6700,325,"confident","9ca6f88e3c87708f022b733f3a887c79",0.01080064,93,104,98,1,81.99643415,"<212 µm",14,1,"PRR20231218SS","river water","plastic","sample","Pajaro","surface","20231218",2023-12-18,"fragment",115.1387819,48.85408641,"polyester/PET",1.38,"TODO(cite): polymer density handbook/default table","settling","settling",0.5,24.427043205,71943.5807652231,99282.1414560078,79137.9388417454
899,"MBMS_14_07DEC23_Pst3DS_2of2_rt_2",0.609663725,TRUE,"polyurethanes (isocyanates)",1875,100,75,25,3,0.424413182,700,500,700,475,"confident","b16be2b1a41788b5fde0265f737def47",0.007903301,47,46,42,1,50,"<212 µm",14,1,"PRR20231218SS","river water","plastic","sample","Pajaro","surface","20231218",2023-12-18,"fiber",75,25,"polyurethane",1.2,"TODO(cite): polymer density handbook/default table","settling","settling",0.286474508437567,7.16186271093919,36815.5389092554,44178.6466911065,40497.0928001809
429,"MBMS_14_07DEC23_Pst3DS_2of2_rt_2",0.643765053,TRUE,"poly(esters/ethers/diglycidylethers/terephthalates)s",1250,50,50,25,2,0.159154943,4150,612.5,4150,600,"confident","6b9f03605ec058f2b3bc0dcccbb007f5",0.006345835,111,110,106,1,37.5,"<212 µm",14,1,"PRR20231218SS","river water","plastic","sample","Pajaro","surface","20231218",2023-12-18,"fragment",50,25,"polyester/PET",1.38,"TODO(cite): polymer density handbook/default table","settling","settling",0.5,12.5,8181.23086872342,11290.0985988383,8999.35395559576
501,"MBMS_14_07DEC23_Pst3DS_2of2_rt_2",0.652227345,TRUE,"poly(esters/ethers/diglycidylethers/terephthalates)s",3750,170.7106781,104.0569415,36.037961,2.887425887,0.618415325,3737.5,887.5,3725,850,"confident","72c4c6030c625af87a2790704fdda9f2",0.006743915,82,81,77,1,70.04745125,"<212 µm",14,1,"PRR20231218SS","river water","plastic","sample","Pajaro","surface","20231218",2023-12-18,"fragment",104.0569415,36.037961,"polyester/PET",1.38,"TODO(cite): polymer density handbook/default table","settling","settling",0.5,18.0189805,35380.1854732997,48824.6559531536,38918.2040206297
277,"MBMS_14_07DEC23_Pst3DS_2of2_rt_2",0.631481263,TRUE,"poly(esters/ethers/diglycidylethers/terephthalates)s",1250,50,50,25,2,0.159154943,5100,962.5,5100,950,"confident","6b9f03605ec058f2b3bc0dcccbb007f5",0.006818961,111,110,105,1,37.5,"<212 µm",14,1,"PRR20231218SS","river water","plastic","sample","Pajaro","surface","20231218",2023-12-18,"fragment",50,25,"polyester/PET",1.38,"TODO(cite): polymer density handbook/default table","settling","settling",0.5,12.5,8181.23086872342,11290.0985988383,8999.35395559576
154,"MBMS_14_07DEC23_Pst3DS_2of2_rt_2",0.655245118,TRUE,"poly(esters/ethers/diglycidylethers/terephthalates)s",3750,180.9016994,104.0569415,36.037961,2.887425887,0.694455084,5908.333333,995.8333333,5900,950,"confident","8aa1fbe463fada9289d8e37af9ad07aa",0.007903662,87,86,81,1,70.04745125,"<212 µm",14,1,"PRR20231218SS","river water","plastic","sample","Pajaro","surface","20231218",2023-12-18,"fragment",104.0569415,36.037961,"polyester/PET",1.38,"TODO(cite): polymer density handbook/default table","settling","settling",0.5,18.0189805,35380.1854732997,48824.6559531536,38918.2040206297
30,"MBMS_14_07DEC23_Pst3DS_2of2_rt_2",0.6484709,TRUE,"poly(esters/ethers/diglycidylethers/terephthalates)s",1250,50,50,25,2,0.159154943,6700,962.5,6700,950,"confident","6b9f03605ec058f2b3bc0dcccbb007f5",0.006755979,61,73,69,1,37.5,"<212 µm",14,1,"PRR20231218SS","river water","plastic","sample","Pajaro","surface","20231218",2023-12-18,"fragment",50,25,"polyester/PET",1.38,"TODO(cite): polymer density handbook/default table","settling","settling",0.5,12.5,8181.23086872342,11290.0985988383,8999.35395559576
221,"MBMS_14_07DEC23_Pst3DS_2of2_rt_2",0.621129691,TRUE,"poly(esters/ethers/diglycidylethers/terephthalates)s",1250,50,50,25,2,0.159154943,5500,1062.5,5500,1050,"confident","6b9f03605ec058f2b3bc0dcccbb007f5",0.008220527,99,98,96,1,37.5,"<212 µm",14,1,"PRR20231218SS","river water","plastic","sample","Pajaro","surface","20231218",2023-12-18,"fragment",50,25,"polyester/PET",1.38,"TODO(cite): polymer density handbook/default table","settling","settling",0.5,12.5,8181.23086872342,11290.0985988383,8999.35395559576
342,"MBMS_14_07DEC23_Pst3DS_2of2_rt_2",0.641606308,TRUE,"poly(esters/ethers/diglycidylethers/terephthalates)s",2500,150,100,25,4,0.716197244,4700,1512.5,4700,1475,"confident","9ca6f88e3c87708f022b733f3a887c79",0.008240613,127,126,124,1,62.5,"<212 µm",14,1,"PRR20231218SS","river water","plastic","sample","Pajaro","surface","20231218",2023-12-18,"fiber",100,25,"polyester/PET",1.38,"TODO(cite): polymer density handbook/default table","settling","settling",0.286474508437567,7.16186271093919,49087.3852123405,67740.5915930299,53996.1237335746
530,"MBMS_14_07DEC23_Pst3DS_2of2_rt_2",0.62786541,TRUE,"poly(propylene)",1250,50,50,25,2,0.159154943,3500,1637.5,3500,1625,"confident","81ccd2431d6c9fd2523a63994499cbef",0.006850093,129,128,126,1,37.5,"<212 µm",14,1,"PRR20231218SS","river water","plastic","sample","Pajaro","surface","20231218",2023-12-18,"fragment",50,25,"polypropylene",0.9,"TODO(cite): polymer density handbook/default table","buoyant","buoyant",0.5,12.5,8181.23086872342,7363.10778185108,8999.35395559576
606,"MBMS_14_07DEC23_Pst3DS_2of2_rt_2",0.604243768,TRUE,"polymethacrylates",1250,50,50,25,2,0.159154943,2950,2162.5,2950,2150,"confident","cec1e37205c3a4a00dba75135f1fe91e",0.007284463,141,140,138,1,37.5,"<212 µm",14,1,"PRR20231218SS","river water","plastic","sample","Pajaro","surface","20231218",2023-12-18,"fragment",50,25,"acrylic polymers",1.18,"TODO(cite): polymer density handbook/default table","settling","settling",0.5,12.5,8181.23086872342,9653.85242509363,8999.35395559576
85,"MBMS_14_07DEC23_Pst3DS_2of2_rt_2",0.629569624,TRUE,"poly(esters/ethers/diglycidylethers/terephthalates)s",1875,100,75,25,3,0.424413182,6300,2300,6300,2275,"confident","f866b9687b98474577d4c602c14d49bc",0.007586618,107,106,101,1,50,"<212 µm",14,1,"PRR20231218SS","river water","plastic","sample","Pajaro","surface","20231218",2023-12-18,"fiber",75,25,"polyester/PET",1.38,"TODO(cite): polymer density handbook/default table","settling","settling",0.286474508437567,7.16186271093919,36815.5389092554,50805.4436947724,40497.0928001809
870,"MBMS_14_07DEC23_Pst3DS_2of2_rt_2",0.645150506,TRUE,"poly(propylene)",4375,201.6123776,115.1387819,37.99762277,3.030157507,0.739343844,850,2432.142857,850,2400,"confident","bcb40504cf8b407c30501788e871f73a",0.008066059,84,81,74,1,76.56820233,"<212 µm",14,1,"PRR20231218SS","river water","plastic","sample","Pajaro","surface","20231218",2023-12-18,"fiber",115.1387819,37.99762277,"polypropylene",0.9,"TODO(cite): polymer density handbook/default table","buoyant","buoyant",0.286474508437567,10.8853503048319,130564.276249368,117507.848624431,143620.703874305
787,"MBMS_14_07DEC23_Pst3DS_2of2_rt_2",0.631661441,TRUE,"poly(ethylene)",1875,100,75,25,3,0.424413182,1500,2975,1500,2950,"confident","80fc00f171f8f480404ed5b75bde4d63",0.007037155,77,76,71,1,50,"<212 µm",14,1,"PRR20231218SS","river water","plastic","sample","Pajaro","surface","20231218",2023-12-18,"fiber",75,25,"polyethylene",0.94,"TODO(cite): polymer density handbook/default table","buoyant","buoyant",0.286474508437567,7.16186271093919,36815.5389092554,34606.6065747001,40497.0928001809
536,"MBMS_14_07DEC23_Pst3DS_2of2_rt_2",0.659665679,TRUE,"polystyrenes (polyphenylethylenes, -methylstyrene)",3750,170.7106781,100,37.5,2.666666667,0.618415325,3491.666667,3437.5,3500,3400,"confident","74c4fe421a958e770fef5f50c7a92085",0.009031892,114,114,114,1,68.75,"<212 µm",14,1,"PRR20231218SS","river water","plastic","sample","Pajaro","surface","20231218",2023-12-18,"fragment",100,37.5,"styrenic polymers",1.05,"TODO(cite): polymer density handbook/default table","settling","settling",0.5,18.75,36815.5389092554,38656.3158547182,40497.0928001809
173,"MBMS_14_07DEC23_Pst3DS_2of2_rt_2",0.629849463,TRUE,"poly(esters/ethers/diglycidylethers/terephthalates)s",2500,120.7106781,75,33.33333333,2.25,0.463811494,5756.25,3500,5750,3475,"confident","6b9f03605ec058f2b3bc0dcccbb007f5",0.007359861,60,59,54,1,54.16666667,"<212 µm",14,1,"PRR20231218SS","river water","plastic","sample","Pajaro","surface","20231218",2023-12-18,"fragment",75,33.33333333,"polyester/PET",1.38,"TODO(cite): polymer density handbook/default table","settling","settling",0.5,16.666666665,21816.6156455658,30106.9295908808,23998.2772101224
372,"MBMS_14_07DEC23_Pst3DS_2of2_rt_2",0.6051527,TRUE,"poly(acrylamide/amid)s",3750,150,80.90169944,46.35254916,1.745355992,0.477464829,4537.5,3575,4525,3550,"confident","5ec431b73b0bc9f29f5702d5e4066224",0.008818323,145,146,140,1,63.6271243,"<212 µm",14,1,"PRR20231218SS","river water","plastic","sample","Pajaro","surface","20231218",2023-12-18,"fragment",80.90169944,46.35254916,"polyamide/acrylamide",1.14,"TODO(cite): polymer density handbook/default table","settling","settling",0.5,23.17627458,45506.5087289159,51877.4199509641,50057.1596018075
670,"MBMS_14_07DEC23_Pst3DS_2of2_rt_2",0.625599093,TRUE,"poly(esters/ethers/diglycidylethers/terephthalates)s",2500,100,60.35533906,41.42135624,1.457106781,0.318309886,2537.5,3687.5,2525,3675,"confident","6b9f03605ec058f2b3bc0dcccbb007f5",0.008640817,76,75,73,1,50.88834765,"<212 µm",14,1,"PRR20231218SS","river water","plastic","sample","Pajaro","surface","20231218",2023-12-18,"fragment",60.35533906,41.42135624,"polyester/PET",1.38,"TODO(cite): polymer density handbook/default table","settling","settling",0.5,20.71067812,27110.2142656692,37412.0956866236,29821.2356922362
151,"MBMS_14_07DEC23_Pst3DS_2of2_rt_2",0.645305889,TRUE,"poly(esters/ethers/diglycidylethers/terephthalates)s",1250,50,50,25,2,0.159154943,5900,3687.5,5900,3675,"confident","2584f49c0715cd7a2f21f7cf314fa265",0.006775351,106,105,103,1,37.5,"<212 µm",14,1,"PRR20231218SS","river water","plastic","sample","Pajaro","surface","20231218",2023-12-18,"fragment",50,25,"polyester/PET",1.38,"TODO(cite): polymer density handbook/default table","settling","settling",0.5,12.5,8181.23086872342,11290.0985988383,8999.35395559576
410,"MBMS_14_07DEC23_Pst3DS_2of2_rt_2",0.607961237,TRUE,"polyacrylonitriles (nitriles)",1875,85.35533906,60.35533906,31.06601718,1.942809042,0.309207662,4291.666667,3858.333333,4275,3850,"confident","ed3678db6175d9eb5b60149c415ac896",0.008009692,79,80,75,1,45.71067812,"<212 µm",14,1,"PRR20231218SS","river water","plastic","sample","Pajaro","surface","20231218",2023-12-18,"fragment",60.35533906,31.06601718,"acrylic polymers",1.18,"TODO(cite): polymer density handbook/default table","settling","settling",0.5,15.53300859,15249.4955244389,17994.404718838,16774.4450768828
399,"MBMS_14_07DEC23_Pst3DS_2of2_rt_2",0.600188117,TRUE,"poly(acrylamide/amid)s",1875,100,75,25,3,0.424413182,4300,4100,4300,4075,"confident","59710c1a59724352d86a43914a4e03c0",0.00768535,104,103,101,1,50,"<212 µm",14,1,"PRR20231218SS","river water","plastic","sample","Pajaro","surface","20231218",2023-12-18,"fiber",75,25,"polyamide/acrylamide",1.14,"TODO(cite): polymer density handbook/default table","settling","settling",0.286474508437567,7.16186271093919,36815.5389092554,41969.7143565511,40497.0928001809
81,"MBMS_14_07DEC23_Pst3DS_2of2_rt_2",0.645422109,TRUE,"poly(esters/ethers/diglycidylethers/terephthalates)s",1875,100,75,25,3,0.424413182,6300,4200,6300,4175,"confident","6b9f03605ec058f2b3bc0dcccbb007f5",0.006931202,78,77,72,1,50,"<212 µm",14,1,"PRR20231218SS","river water","plastic","sample","Pajaro","surface","20231218",2023-12-18,"fiber",75,25,"polyester/PET",1.38,"TODO(cite): polymer density handbook/default table","settling","settling",0.286474508437567,7.16186271093919,36815.5389092554,50805.4436947724,40497.0928001809
928,"MBMS_14_07DEC23_Pst3DS_2of2_rt_2",0.617366076,TRUE,"poly(propylene)",2500,120.7106781,80.90169944,30.90169944,2.618033989,0.463811494,537.5,5025,525,5000,"confident","1bc71d48167000b1c7badd72d8c7354c",0.006644949,122,121,117,1,55.90169944,"<212 µm",14,1,"PRR20231218SS","river water","plastic","sample","Pajaro","surface","20231218",2023-12-18,"fragment",80.90169944,30.90169944,"polypropylene",0.9,"TODO(cite): polymer density handbook/default table","buoyant","buoyant",0.5,15.45084972,20225.1149906293,18202.6034915664,22247.6264896922
890,"MBMS_14_07DEC23_Pst3DS_2of2_rt_2",0.64081559,TRUE,"polystyrenes (polyphenylethylenes, -methylstyrene)",1875,85.35533906,60.35533906,31.06601718,1.942809042,0.309207662,708.3333333,5066.666667,700,5050,"confident","3f8857e035652a184d3b47d89f151207",0.008100435,108,107,102,1,45.71067812,"<212 µm",14,1,"PRR20231218SS","river water","plastic","sample","Pajaro","surface","20231218",2023-12-18,"fragment",60.35533906,31.06601718,"styrenic polymers",1.05,"TODO(cite): polymer density handbook/default table","settling","settling",0.5,15.53300859,15249.4955244389,16011.9703006609,16774.4450768828
23,"MBMS_14_07DEC23_Pst3DS_2of2_rt_2",0.604118541,TRUE,"poly(esters/ethers/diglycidylethers/terephthalates)s",3750,180.9016994,104.0569415,36.037961,2.887425887,0.694455084,6708.333333,5120.833333,6700,5075,"confident","6b9f03605ec058f2b3bc0dcccbb007f5",0.008529915,56,67,63,1,70.04745125,"<212 µm",14,1,"PRR20231218SS","river water","plastic","sample","Pajaro","surface","20231218",2023-12-18,"fragment",104.0569415,36.037961,"polyester/PET",1.38,"TODO(cite): polymer density handbook/default table","settling","settling",0.5,18.0189805,35380.1854732997,48824.6559531536,38918.2040206297
957,"MBMS_14_07DEC23_Pst3DS_2of2_rt_2",0.624039844,TRUE,"poly(esters/ethers/diglycidylethers/terephthalates)s",1250,50,50,25,2,0.159154943,300,5112.5,300,5100,"confident","6b9f03605ec058f2b3bc0dcccbb007f5",0.006729328,87,84,77,1,37.5,"<212 µm",14,1,"PRR20231218SS","river water","plastic","sample","Pajaro","surface","20231218",2023-12-18,"fragment",50,25,"polyester/PET",1.38,"TODO(cite): polymer density handbook/default table","settling","settling",0.5,12.5,8181.23086872342,11290.0985988383,8999.35395559576
889,"MBMS_14_07DEC23_Pst3DS_2of2_rt_2",0.628408642,TRUE,"poly(acrylamide/amid)s",2500,120.7106781,75,33.33333333,2.25,0.463811494,706.25,5475,700,5450,"confident","333e0d9e23e3ef214e988756f9861860",0.007794715,134,134,126,1,54.16666667,"<212 µm",14,1,"PRR20231218SS","river water","plastic","sample","Pajaro","surface","20231218",2023-12-18,"fragment",75,33.33333333,"polyamide/acrylamide",1.14,"TODO(cite): polymer density handbook/default table","settling","settling",0.5,16.666666665,21816.6156455658,24870.941835945,23998.2772101224
462,"MBMS_14_07DEC23_Pst3DS_2of2_rt_2",0.601151015,TRUE,"polystyrenes (polyphenylethylenes, -methylstyrene)",1250,50,50,25,2,0.159154943,3900,5662.5,3900,5650,"confident","7d5b973caded949b5a3c2c7cd762a211",0.007332617,108,107,103,1,37.5,"<212 µm",14,1,"PRR20231218SS","river water","plastic","sample","Pajaro","surface","20231218",2023-12-18,"fragment",50,25,"styrenic polymers",1.05,"TODO(cite): polymer density handbook/default table","settling","settling",0.5,12.5,8181.23086872342,8590.29241215959,8999.35395559576
975,"MBMS_14_07DEC23_Pst3DS_2of2_rt_2",0.615184626,TRUE,"polyacrylonitriles (nitriles)",3750,156.0660172,80.90169944,46.35254916,1.745355992,0.516863141,154.1666667,6004.166667,150,5975,"confident","88b282437ba82bc6233376262578c27a",0.008705656,76,61,54,1,63.6271243,"<212 µm",14,1,"PRR20231218SS","river water","plastic","sample","Pajaro","surface","20231218",2023-12-18,"fragment",80.90169944,46.35254916,"acrylic polymers",1.18,"TODO(cite): polymer density handbook/default table","settling","settling",0.5,23.17627458,45506.5087289159,53697.6803001208,50057.1596018075
688,"MBMS_14_07DEC23_Pst3DS_2of2_rt_2",0.640756586,TRUE,"poly(esters/ethers/diglycidylethers/terephthalates)s",1250,50,50,25,2,0.159154943,2300,6062.5,2300,6050,"confident","8aa1fbe463fada9289d8e37af9ad07aa",0.006886622,102,102,100,1,37.5,"<212 µm",14,1,"PRR20231218SS","river water","plastic","sample","Pajaro","surface","20231218",2023-12-18,"fragment",50,25,"polyester/PET",1.38,"TODO(cite): polymer density handbook/default table","settling","settling",0.5,12.5,8181.23086872342,11290.0985988383,8999.35395559576
395,"MBMS_14_07DEC23_Pst3DS_2of2_rt_2",0.649657867,TRUE,"poly(propylene)",3125,135.3553391,80.90169944,38.6271243,2.094427191,0.466542161,4310,6805,4300,6775,"confident","a10d32cb1dd62cfd2207e223abe528cb",0.008555534,60,57,52,1,59.76441187,"<212 µm",14,1,"PRR20231218SS","river water","plastic","sample","Pajaro","surface","20231218",2023-12-18,"fragment",80.90169944,38.6271243,"polypropylene",0.9,"TODO(cite): polymer density handbook/default table","buoyant","buoyant",0.5,19.31356215,31601.7421728583,28441.5679555724,34761.9163901441
242,"MBMS_14_07DEC23_Pst3DS_2of2_rt_2",0.629528336,TRUE,"polyvinylesters",4375,185.3553391,104.0569415,42.04428784,2.474936474,0.624916913,5339.285714,7057.142857,5325,7025,"confident","7a7fac7da66e95670c292383ba3ecf3e",0.009250107,121,122,116,1,73.05061467,"<212 µm",14,1,"PRR20231218SS","river water","plastic","sample","Pajaro","surface","20231218",2023-12-18,"fragment",104.0569415,42.04428784,"vinyl polymers",1.25,"TODO(cite): polymer density handbook/default table","settling","settling",0.5,21.02214392,48156.3635761518,60195.4544701898,52971.999933767
950,"MBMS_14_07DEC23_Pst3DS_2of2_rt_2",0.634430523,TRUE,"poly(propylene)",1875,100,75,25,3,0.424413182,300,7250,300,7225,"confident","d90d8f2ecc800ec3ac907f5d6e4e1f8f",0.006256411,101,100,96,1,50,"<212 µm",14,1,"PRR20231218SS","river water","plastic","sample","Pajaro","surface","20231218",2023-12-18,"fiber",75,25,"polypropylene",0.9,"TODO(cite): polymer density handbook/default table","buoyant","buoyant",0.286474508437567,7.16186271093919,36815.5389092554,33133.9850183298,40497.0928001809
369,"MBMS_14_07DEC23_Pst3DS_2of2_rt_2",0.6272308,TRUE,"poly(acrylamide/amid)s",1250,50,50,25,2,0.159154943,4537.5,7500,4525,7500,"confident","01ff0447b07401b960f0c4835359e290",0.006155248,109,108,103,1,37.5,"<212 µm",14,1,"PRR20231218SS","river water","plastic","sample","Pajaro","surface","20231218",2023-12-18,"fragment",50,25,"polyamide/acrylamide",1.14,"TODO(cite): polymer density handbook/default table","settling","settling",0.5,12.5,8181.23086872342,9326.6031903447,8999.35395559576
730,"MBMS_14_07DEC23_Pst3DS_2of2_rt_2",0.629081762,TRUE,"poly(esters/ethers/diglycidylethers/terephthalates)s",1250,50,50,25,2,0.159154943,1900,7612.5,1900,7600,"confident","9ca6f88e3c87708f022b733f3a887c79",0.007678862,102,101,97,1,37.5,"<212 µm",14,1,"PRR20231218SS","river water","plastic","sample","Pajaro","surface","20231218",2023-12-18,"fragment",50,25,"polyester/PET",1.38,"TODO(cite): polymer density handbook/default table","settling","settling",0.5,12.5,8181.23086872342,11290.0985988383,8999.35395559576
834,"MBMS_14_07DEC23_Pst3DS_2of2_rt_2",0.64422304,TRUE,"poly(propylene)",3125,166.2570385,100,31.25,3.2,0.703882544,1095,7810,1100,7775,"confident","d94e422b752bbede245a02620854f15e",0.00955926,117,116,112,1,65.625,"<212 µm",14,1,"PRR20231218SS","river water","plastic","sample","Pajaro","surface","20231218",2023-12-18,"fiber",100,31.25,"polypropylene",0.9,"TODO(cite): polymer density handbook/default table","buoyant","buoyant",0.286474508437567,8.95232838867398,76699.0393942821,69029.1354548539,84368.9433337103
393,"MBMS_14_07DEC23_Pst3DS_2of2_rt_2",0.632933771,TRUE,"poly(propylene)",3125,135.3553391,80.90169944,38.6271243,2.094427191,0.466542161,4310,7830,4300,7800,"confident","a10d32cb1dd62cfd2207e223abe528cb",0.007440219,89,85,82,1,59.76441187,"<212 µm",14,1,"PRR20231218SS","river water","plastic","sample","Pajaro","surface","20231218",2023-12-18,"fragment",80.90169944,38.6271243,"polypropylene",0.9,"TODO(cite): polymer density handbook/default table","buoyant","buoyant",0.5,19.31356215,31601.7421728583,28441.5679555724,34761.9163901441
327,"MBMS_14_07DEC23_Pst3DS_2of2_rt_2",0.622898603,TRUE,"poly(propylene)",1875,100,75,25,3,0.424413182,4700,7925,4700,7900,"confident","a10d32cb1dd62cfd2207e223abe528cb",0.006597689,101,100,98,1,50,"<212 µm",14,1,"PRR20231218SS","river water","plastic","sample","Pajaro","surface","20231218",2023-12-18,"fiber",75,25,"polypropylene",0.9,"TODO(cite): polymer density handbook/default table","buoyant","buoyant",0.286474508437567,7.16186271093919,36815.5389092554,33133.9850183298,40497.0928001809
421,"MBMS_14_07DEC23_Pst3DS_2of2_rt_2",0.605050192,TRUE,"poly(esters/ethers/diglycidylethers/terephthalates)s",2500,161.8033989,104.0569415,24.02530734,4.33113883,0.833346101,4137.5,8012.5,4125,7975,"confident","6b9f03605ec058f2b3bc0dcccbb007f5",0.006624586,115,115,113,1,64.04112442,"<212 µm",14,1,"PRR20231218SS","river water","plastic","sample","Pajaro","surface","20231218",2023-12-18,"fiber",104.0569415,24.02530734,"polyester/PET",1.38,"TODO(cite): polymer density handbook/default table","settling","settling",0.286474508437567,6.88263811028798,47173.5806572462,65099.5413069998,51890.9387229709
210,"MBMS_14_07DEC23_Pst3DS_2of2_rt_2",0.606655965,TRUE,"poly(propylene)",3750,180.9016994,104.0569415,36.037961,2.887425887,0.694455084,5491.666667,8104.166667,5475,8075,"confident","57cc1b9a59223f324c89073ea16e57c7",0.008215842,61,60,58,1,70.04745125,"<212 µm",14,1,"PRR20231218SS","river water","plastic","sample","Pajaro","surface","20231218",2023-12-18,"fragment",104.0569415,36.037961,"polypropylene",0.9,"TODO(cite): polymer density handbook/default table","buoyant","buoyant",0.5,18.0189805,35380.1854732997,31842.1669259698,38918.2040206297
16,"MBMS_14_07DEC23_Pst3DS_2of2_rt_2",0.635462838,TRUE,"poly(esters/ethers/diglycidylethers/terephthalates)s",1250,50,50,25,2,0.159154943,6700,8237.5,6700,8225,"confident","9ca6f88e3c87708f022b733f3a887c79",0.006633381,50,62,60,1,37.5,"<212 µm",14,1,"PRR20231218SS","river water","plastic","sample","Pajaro","surface","20231218",2023-12-18,"fragment",50,25,"polyester/PET",1.38,"TODO(cite): polymer density handbook/default table","settling","settling",0.5,12.5,8181.23086872342,11290.0985988383,8999.35395559576
856,"MBMS_14_07DEC23_Pst3DS_2of2_rt_2",0.64392942,TRUE,"poly(acrylamide/amid)s",6250,232.514077,104.0569415,60.06326834,1.732455532,0.688348898,937.5,8437.5,925,8400,"confident","3b1ce0fc7d1107739dea47d14dbc0368",0.009998313,92,90,78,1,82.06010492,"<212 µm",14,1,"PRR20231218SS","river water","plastic","sample","Pajaro","surface","20231218",2023-12-18,"fragment",104.0569415,60.06326834,"polyamide/acrylamide",1.14,"TODO(cite): polymer density handbook/default table","settling","settling",0.5,30.03163417,98278.2930032047,112037.254023653,108106.122303525
263,"MBMS_14_07DEC23_Pst3DS_2of2_rt_2",0.616126407,TRUE,"poly(esters/ethers/diglycidylethers/terephthalates)s",1250,50,50,25,2,0.159154943,5100,8612.5,5100,8600,"confident","82289246620580e02f99c15fb54277de",0.007028826,86,83,76,1,37.5,"<212 µm",14,1,"PRR20231218SS","river water","plastic","sample","Pajaro","surface","20231218",2023-12-18,"fragment",50,25,"polyester/PET",1.38,"TODO(cite): polymer density handbook/default table","settling","settling",0.5,12.5,8181.23086872342,11290.0985988383,8999.35395559576
208,"MBMS_14_07DEC23_Pst3DS_2of2_rt_2",0.626131546,TRUE,"polystyrenes (polyphenylethylenes, -methylstyrene)",2500,130.9016994,80.90169944,30.90169944,2.618033989,0.545432104,5506.25,8756.25,5500,8725,"confident","24d61d04b6485206946b914b30c60040",0.00720895,78,78,78,1,55.90169944,"<212 µm",14,1,"PRR20231218SS","river water","plastic","sample","Pajaro","surface","20231218",2023-12-18,"fragment",80.90169944,30.90169944,"styrenic polymers",1.05,"TODO(cite): polymer density handbook/default table","settling","settling",0.5,15.45084972,20225.1149906293,21236.3707401608,22247.6264896922
261,"MBMS_14_07DEC23_Pst3DS_2of2_rt_2",0.607603881,TRUE,"poly(esters/ethers/diglycidylethers/terephthalates)s",2500,120.7106781,75,33.33333333,2.25,0.463811494,5106.25,9675,5100,9650,"confident","d19304430617d51aff718b797a3d3a2d",0.009247438,65,65,57,1,54.16666667,"<212 µm",14,1,"PRR20231218SS","river water","plastic","sample","Pajaro","surface","20231218",2023-12-18,"fragment",75,33.33333333,"polyester/PET",1.38,"TODO(cite): polymer density handbook/default table","settling","settling",0.5,16.666666665,21816.6156455658,30106.9295908808,23998.2772101224
883,"MBMS_14_07DEC23_Pst3DS_2of2_rt_2",0.643127777,TRUE,"polyacrylonitriles (nitriles)",3125,135.3553391,80.90169944,38.6271243,2.094427191,0.466542161,710,9805,700,9775,"confident","88b282437ba82bc6233376262578c27a",0.007685613,59,58,53,1,59.76441187,"<212 µm",14,1,"PRR20231218SS","river water","plastic","sample","Pajaro","surface","20231218",2023-12-18,"fragment",80.90169944,38.6271243,"acrylic polymers",1.18,"TODO(cite): polymer density handbook/default table","settling","settling",0.5,19.31356215,31601.7421728583,37290.0557639727,34761.9163901441
138,"MBMS_14_07DEC23_Pst3DS_2of2_rt_2",0.655788716,TRUE,"poly(propylene)",1250,50,50,25,2,0.159154943,5900,9887.5,5900,9875,"confident","a2f0c46efef830ad5f73b13103adfc0b",0.006287151,111,111,109,1,37.5,"<212 µm",14,1,"PRR20231218SS","river water","plastic","sample","Pajaro","surface","20231218",2023-12-18,"fragment",50,25,"polypropylene",0.9,"TODO(cite): polymer density handbook/default table","buoyant","buoyant",0.5,12.5,8181.23086872342,7363.10778185108,8999.35395559576
324,"MBMS_14_07DEC23_Pst3DS_2of2_rt_2",0.653807171,TRUE,"polyacrylonitriles (nitriles)",2500,120.7106781,75,33.33333333,2.25,0.463811494,4706.25,10000,4700,9975,"confident","85cd16c12d9ecee3cbdb2927cacf190e",0.008960976,91,90,86,1,54.16666667,"<212 µm",14,1,"PRR20231218SS","river water","plastic","sample","Pajaro","surface","20231218",2023-12-18,"fragment",75,33.33333333,"acrylic polymers",1.18,"TODO(cite): polymer density handbook/default table","settling","settling",0.5,16.666666665,21816.6156455658,25743.6064617676,23998.2772101224
259,"MBMS_14_07DEC23_Pst3DS_2of2_rt_2",0.62241001,TRUE,"poly(propylene)",2500,120.7106781,75,33.33333333,2.25,0.463811494,5106.25,10525,5100,10500,"confident","09b0ad8fc448c026747fdb6fdf759c0c",0.008183828,102,99,92,1,54.16666667,"<212 µm",14,1,"PRR20231218SS","river water","plastic","sample","Pajaro","surface","20231218",2023-12-18,"fragment",75,33.33333333,"polypropylene",0.9,"TODO(cite): polymer density handbook/default table","buoyant","buoyant",0.5,16.666666665,21816.6156455658,19634.9540810092,23998.2772101224
195,"MBMS_14_07DEC23_Pst3DS_2of2_rt_2",0.657717638,TRUE,"polyurethanes (isocyanates)",42500,993.2657565,461.6062299,92.06981459,5.013654388,1.847277464,5446.691176,10849.63235,5350,10600,"confident","11acfb754b8de7fb53d98d48f6d8d1d4",0.01008129,61,60,56,1,276.8380223,"212-500 µm",14,1,"PRR20231218SS","river water","plastic","sample","Pajaro","surface","20231218",2023-12-18,"fiber",461.6062299,92.06981459,"polyurethane",1.2,"TODO(cite): polymer density handbook/default table","settling","settling",0.286474508437567,26.3756548766082,3073237.18957636,3687884.62749163,3380560.90853399
855,"MBMS_14_07DEC23_Pst3DS_2of2_rt_2",0.654305785,TRUE,"poly(acrylamide/amid)s",3750,150,80.90169944,46.35254916,1.745355992,0.477464829,962.5,10725,950,10700,"confident","f5bf7f1fae4474135474eb72341fd5c6",0.008245801,84,84,76,1,63.6271243,"<212 µm",14,1,"PRR20231218SS","river water","plastic","sample","Pajaro","surface","20231218",2023-12-18,"fragment",80.90169944,46.35254916,"polyamide/acrylamide",1.14,"TODO(cite): polymer density handbook/default table","settling","settling",0.5,23.17627458,45506.5087289159,51877.4199509641,50057.1596018075
510,"MBMS_14_07DEC23_Pst3DS_2of2_rt_2",0.65345288,TRUE,"polystyrenes (polyphenylethylenes, -methylstyrene)",1250,50,50,25,2,0.159154943,3500,10712.5,3500,10700,"confident","dd437a6bdbf100c280f20fa79d6ff949",0.006172676,83,82,80,1,37.5,"<212 µm",14,1,"PRR20231218SS","river water","plastic","sample","Pajaro","surface","20231218",2023-12-18,"fragment",50,25,"styrenic polymers",1.05,"TODO(cite): polymer density handbook/default table","settling","settling",0.5,12.5,8181.23086872342,8590.29241215959,8999.35395559576
11,"MBMS_14_07DEC23_Pst3DS_2of2_rt_2",0.622791463,TRUE,"poly(esters/ethers/diglycidylethers/terephthalates)s",3750,180.9016994,104.0569415,36.037961,2.887425887,0.694455084,6708.333333,10920.83333,6700,10875,"confident","e1e428f88e453a01943930fb0f731b9a",0.007436923,66,76,75,1,70.04745125,"<212 µm",14,1,"PRR20231218SS","river water","plastic","sample","Pajaro","surface","20231218",2023-12-18,"fragment",104.0569415,36.037961,"polyester/PET",1.38,"TODO(cite): polymer density handbook/default table","settling","settling",0.5,18.0189805,35380.1854732997,48824.6559531536,38918.2040206297
355,"MBMS_14_07DEC23_Pst3DS_2of2_rt_2",0.615761733,TRUE,"poly(ethylene)",6875,256.0660172,136.8033989,50.25459935,2.722206537,0.758964262,4552.272727,11043.18182,4525,11000,"confident","17470d9e53eb8e20af24fb217d14e119",0.009589038,56,57,52,1,93.52899911,"<212 µm",14,1,"PRR20231218SS","river water","plastic","sample","Pajaro","surface","20231218",2023-12-18,"fragment",136.8033989,50.25459935,"polyethylene",0.94,"TODO(cite): polymer density handbook/default table","buoyant","buoyant",0.5,25.127299675,90451.7855083762,85024.6783778736,99496.9640592138
775,"MBMS_14_07DEC23_Pst3DS_2of2_rt_2",0.636610956,TRUE,"poly(esters/ethers/diglycidylethers/terephthalates)s",1875,100,75,25,3,0.424413182,1500,11200,1500,11175,"confident","8aa1fbe463fada9289d8e37af9ad07aa",0.007706314,91,91,89,1,50,"<212 µm",14,1,"PRR20231218SS","river water","plastic","sample","Pajaro","surface","20231218",2023-12-18,"fiber",75,25,"polyester/PET",1.38,"TODO(cite): polymer density handbook/default table","settling","settling",0.286474508437567,7.16186271093919,36815.5389092554,50805.4436947724,40497.0928001809
448,"MBMS_14_07DEC23_Pst3DS_2of2_rt_2",0.636767127,TRUE,"polystyrenes (polyphenylethylenes, -methylstyrene)",1250,50,50,25,2,0.159154943,3900,11437.5,3900,11425,"confident","db08510cfb7ce8d419ef5db41c331271",0.006583455,87,86,81,1,37.5,"<212 µm",14,1,"PRR20231218SS","river water","plastic","sample","Pajaro","surface","20231218",2023-12-18,"fragment",50,25,"styrenic polymers",1.05,"TODO(cite): polymer density handbook/default table","settling","settling",0.5,12.5,8181.23086872342,8590.29241215959,8999.35395559576
353,"MBMS_14_07DEC23_Pst3DS_2of2_rt_2",0.641702933,TRUE,"poly(acrylamide/amid)s",1250,50,50,25,2,0.159154943,4550,11437.5,4550,11425,"confident","f5bf7f1fae4474135474eb72341fd5c6",0.006895743,111,111,103,1,37.5,"<212 µm",14,1,"PRR20231218SS","river water","plastic","sample","Pajaro","surface","20231218",2023-12-18,"fragment",50,25,"polyamide/acrylamide",1.14,"TODO(cite): polymer density handbook/default table","settling","settling",0.5,12.5,8181.23086872342,9326.6031903447,8999.35395559576
625,"MBMS_14_07DEC23_Pst3DS_2of2_rt_2",0.627923995,TRUE,"polystyrenes (polyphenylethylenes, -methylstyrene)",1250,50,50,25,2,0.159154943,2700,11537.5,2700,11525,"confident","0a5380323c090c15fd32add6e535c730",0.007840164,112,109,104,1,37.5,"<212 µm",14,1,"PRR20231218SS","river water","plastic","sample","Pajaro","surface","20231218",2023-12-18,"fragment",50,25,"styrenic polymers",1.05,"TODO(cite): polymer density handbook/default table","settling","settling",0.5,12.5,8181.23086872342,8590.29241215959,8999.35395559576
135,"MBMS_14_07DEC23_Pst3DS_2of2_rt_2",0.645913152,TRUE,"poly(esters/ethers/diglycidylethers/terephthalates)s",2500,150,100,25,4,0.716197244,5900,11937.5,5900,11900,"confident","6b9f03605ec058f2b3bc0dcccbb007f5",0.008348819,60,58,59,1,62.5,"<212 µm",14,1,"PRR20231218SS","river water","plastic","sample","Pajaro","surface","20231218",2023-12-18,"fiber",100,25,"polyester/PET",1.38,"TODO(cite): polymer density handbook/default table","settling","settling",0.286474508437567,7.16186271093919,49087.3852123405,67740.5915930299,53996.1237335746
96,"MBMS_14_07DEC23_Pst3DS_2of2_rt_2",0.622356083,TRUE,"poly(esters/ethers/diglycidylethers/terephthalates)s",1250,50,50,25,2,0.159154943,6150,12462.5,6150,12450,"confident","f6abe84147c0464e4516dd98f1c89bf8",0.007499021,101,98,91,1,37.5,"<212 µm",14,1,"PRR20231218SS","river water","plastic","sample","Pajaro","surface","20231218",2023-12-18,"fragment",50,25,"polyester/PET",1.38,"TODO(cite): polymer density handbook/default table","settling","settling",0.5,12.5,8181.23086872342,11290.0985988383,8999.35395559576
66,"MBMS_14_07DEC23_Pst3DS_2of2_rt_2",0.623661148,TRUE,"polyhaloolefins (vinylhalides)",2500,150,100,25,4,0.716197244,6300,12662.5,6300,12625,"confident","edd68ee40ec061b7863165d48af04ec3",0.008046408,105,105,103,1,62.5,"<212 µm",14,1,"PRR20231218SS","river water","plastic","sample","Pajaro","surface","20231218",2023-12-18,"fiber",100,25,"halogenated vinyl polymers",1.35,"TODO(cite): polymer density handbook/default table","settling","settling",0.286474508437567,7.16186271093919,49087.3852123405,66267.9700366597,53996.1237335746
132,"MBMS_14_07DEC23_Pst3DS_2of2_rt_2",0.61226829,TRUE,"poly(esters/ethers/diglycidylethers/terephthalates)s",1875,100,75,25,3,0.424413182,5900,12950,5900,12925,"confident","9ca6f88e3c87708f022b733f3a887c79",0.006868266,85,84,82,1,50,"<212 µm",14,1,"PRR20231218SS","river water","plastic","sample","Pajaro","surface","20231218",2023-12-18,"fiber",75,25,"polyester/PET",1.38,"TODO(cite): polymer density handbook/default table","settling","settling",0.286474508437567,7.16186271093919,36815.5389092554,50805.4436947724,40497.0928001809
65,"MBMS_14_07DEC23_Pst3DS_2of2_rt_2",0.613568219,TRUE,"polyurethanes (isocyanates)",1875,100,75,25,3,0.424413182,6300,13275,6300,13250,"confident","b16be2b1a41788b5fde0265f737def47",0.006482065,119,116,111,1,50,"<212 µm",14,1,"PRR20231218SS","river water","plastic","sample","Pajaro","surface","20231218",2023-12-18,"fiber",75,25,"polyurethane",1.2,"TODO(cite): polymer density handbook/default table","settling","settling",0.286474508437567,7.16186271093919,36815.5389092554,44178.6466911065,40497.0928001809
942,"MBMS_14_07DEC23_Pst3DS_2of2_rt_2",0.645184135,TRUE,"polystyrenes (polyphenylethylenes, -methylstyrene)",1875,100,75,25,3,0.424413182,300,13400,300,13375,"confident","633869233c8e178bf698f55721ea781b",0.007908499,89,89,89,1,50,"<212 µm",14,1,"PRR20231218SS","river water","plastic","sample","Pajaro","surface","20231218",2023-12-18,"fiber",75,25,"styrenic polymers",1.05,"TODO(cite): polymer density handbook/default table","settling","settling",0.286474508437567,7.16186271093919,36815.5389092554,38656.3158547182,40497.0928001809
111,"MBMS_14_07DEC23_Pst3DS_2of2_rt_2",0.642077055,TRUE,"poly(esters/ethers/diglycidylethers/terephthalates)s",1250,70.71067812,60.35533906,20.71067812,2.914213562,0.318309886,6137.5,13687.5,6125,13675,"confident","0663e7c8157acc9a8bd4d9d70fe1e082",0.006403718,118,118,110,1,40.53300859,"<212 µm",14,1,"PRR20231218SS","river water","plastic","sample","Pajaro","surface","20231218",2023-12-18,"fragment",60.35533906,20.71067812,"polyester/PET",1.38,"TODO(cite): polymer density handbook/default table","settling","settling",0.5,10.35533906,6777.55356641731,9353.02392165589,7455.30892305904
592,"MBMS_14_07DEC23_Pst3DS_2of2_rt_2",0.651220312,TRUE,"poly(esters/ethers/diglycidylethers/terephthalates)s",2500,120.7106781,75,33.33333333,2.25,0.463811494,3093.75,14100,3100,14075,"confident","6b9f03605ec058f2b3bc0dcccbb007f5",0.009268736,84,81,72,1,54.16666667,"<212 µm",14,1,"PRR20231218SS","river water","plastic","sample","Pajaro","surface","20231218",2023-12-18,"fragment",75,33.33333333,"polyester/PET",1.38,"TODO(cite): polymer density handbook/default table","settling","settling",0.5,16.666666665,21816.6156455658,30106.9295908808,23998.2772101224
623,"MBMS_14_07DEC23_Pst3DS_2of2_rt_2",0.60299291,TRUE,"polyhaloolefins (vinylhalides)",3125,166.2570385,100,31.25,3.2,0.703882544,2695,14410,2700,14375,"confident","16b06151dd199c570390f3afdd5477bd",0.009003175,89,86,79,1,65.625,"<212 µm",14,1,"PRR20231218SS","river water","plastic","sample","Pajaro","surface","20231218",2023-12-18,"fiber",100,31.25,"halogenated vinyl polymers",1.35,"TODO(cite): polymer density handbook/default table","settling","settling",0.286474508437567,8.95232838867398,76699.0393942821,103543.703182281,84368.9433337103
939,"MBMS_14_07DEC23_Pst3DS_2of2_rt_2",0.626846279,TRUE,"poly(esters/ethers/diglycidylethers/terephthalates)s",1875,100,75,25,3,0.424413182,300,14425,300,14400,"confident","6b9f03605ec058f2b3bc0dcccbb007f5",0.007089212,66,65,61,1,50,"<212 µm",14,1,"PRR20231218SS","river water","plastic","sample","Pajaro","surface","20231218",2023-12-18,"fiber",75,25,"polyester/PET",1.38,"TODO(cite): polymer density handbook/default table","settling","settling",0.286474508437567,7.16186271093919,36815.5389092554,50805.4436947724,40497.0928001809
938,"MBMS_14_07DEC23_Pst3DS_2of2_rt_2",0.650620282,TRUE,"poly(esters/ethers/diglycidylethers/terephthalates)s",1250,50,50,25,2,0.159154943,300,14612.5,300,14600,"confident","f866b9687b98474577d4c602c14d49bc",0.007148479,129,128,124,1,37.5,"<212 µm",14,1,"PRR20231218SS","river water","plastic","sample","Pajaro","surface","20231218",2023-12-18,"fragment",50,25,"polyester/PET",1.38,"TODO(cite): polymer density handbook/default table","settling","settling",0.5,12.5,8181.23086872342,11290.0985988383,8999.35395559576
875,"MBMS_14_07DEC23_Pst3DS_2of2_rt_2",0.610258644,TRUE,"polyacrylonitriles (nitriles)",1250,50,50,25,2,0.159154943,700,14912.5,700,14900,"confident","646564b28dbe3176ab6b480b5f293c9c",0.006525748,96,97,92,1,37.5,"<212 µm",14,1,"PRR20231218SS","river water","plastic","sample","Pajaro","surface","20231218",2023-12-18,"fragment",50,25,"acrylic polymers",1.18,"TODO(cite): polymer density handbook/default table","settling","settling",0.5,12.5,8181.23086872342,9653.85242509363,8999.35395559576
415,"MBMS_14_07DEC23_Pst3DS_2of2_rt_2",0.639709725,TRUE,"polyhaloolefins (vinylhalides)",1250,50,50,25,2,0.159154943,4150,15237.5,4150,15225,"confident","d4c1ecbd8a66d0052968a58a6a7f8b96",0.007081084,121,120,116,1,37.5,"<212 µm",14,1,"PRR20231218SS","river water","plastic","sample","Pajaro","surface","20231218",2023-12-18,"fragment",50,25,"halogenated vinyl polymers",1.35,"TODO(cite): polymer density handbook/default table","settling","settling",0.5,12.5,8181.23086872342,11044.6616727766,8999.35395559576
621,"MBMS_14_07DEC23_Pst3DS_2of2_rt_2",0.60486722,TRUE,"poly(esters/ethers/diglycidylethers/terephthalates)s",2500,150,100,25,4,0.716197244,2700,15437.5,2700,15400,"confident","67d92cafbb8ef2631fc2326043e9a34f",0.007940897,93,102,99,1,62.5,"<212 µm",14,1,"PRR20231218SS","river water","plastic","sample","Pajaro","surface","20231218",2023-12-18,"fiber",100,25,"polyester/PET",1.38,"TODO(cite): polymer density handbook/default table","settling","settling",0.286474508437567,7.16186271093919,49087.3852123405,67740.5915930299,53996.1237335746
64,"MBMS_14_07DEC23_Pst3DS_2of2_rt_2",0.655612766,TRUE,"poly(esters/ethers/diglycidylethers/terephthalates)s",1250,50,50,25,2,0.159154943,6300,15737.5,6300,15725,"confident","9ca6f88e3c87708f022b733f3a887c79",0.006778676,144,34,35,1,37.5,"<212 µm",14,1,"PRR20231218SS","river water","plastic","sample","Pajaro","surface","20231218",2023-12-18,"fragment",50,25,"polyester/PET",1.38,"TODO(cite): polymer density handbook/default table","settling","settling",0.5,12.5,8181.23086872342,11290.0985988383,8999.35395559576
697,"MBMS_14_07DEC23_Pst3DS_2of2_rt",0.632098433,TRUE,"polyacrylonitriles (nitriles)",1250,50,50,25,2,0.159154943,1500,362.5,1500,350,"confident","e30a3aa5175ffd0664363a463398e00e",0.006205792,113,115,110,1,37.5,"<212 µm",14,1,"PRR20231218SS","river water","plastic","sample","Pajaro","surface","20231218",2023-12-18,"fragment",50,25,"acrylic polymers",1.18,"TODO(cite): polymer density handbook/default table","settling","settling",0.5,12.5,8181.23086872342,9653.85242509363,8999.35395559576
372,"MBMS_14_07DEC23_Pst3DS_2of2_rt",0.643409806,TRUE,"polymethacrylates",2500,130.9016994,80.90169944,30.90169944,2.618033989,0.545432104,4143.75,443.75,4125,425,"confident","5be22b1ebe107d959f0d5110e85c64b1",0.007287938,52,51,49,1,55.90169944,"<212 µm",14,1,"PRR20231218SS","river water","plastic","sample","Pajaro","surface","20231218",2023-12-18,"fragment",80.90169944,30.90169944,"acrylic polymers",1.18,"TODO(cite): polymer density handbook/default table","settling","settling",0.5,15.45084972,20225.1149906293,23865.6356889426,22247.6264896922
661,"MBMS_14_07DEC23_Pst3DS_2of2_rt",0.607609413,TRUE,"poly(esters/ethers/diglycidylethers/terephthalates)s",3750,180.9016994,104.0569415,36.037961,2.887425887,0.694455084,1758.333333,720.8333333,1750,675,"confident","6b9f03605ec058f2b3bc0dcccbb007f5",0.009210524,92,91,89,1,70.04745125,"<212 µm",14,1,"PRR20231218SS","river water","plastic","sample","Pajaro","surface","20231218",2023-12-18,"fragment",104.0569415,36.037961,"polyester/PET",1.38,"TODO(cite): polymer density handbook/default table","settling","settling",0.5,18.0189805,35380.1854732997,48824.6559531536,38918.2040206297
371,"MBMS_14_07DEC23_Pst3DS_2of2_rt",0.622766653,TRUE,"poly(esters/ethers/diglycidylethers/terephthalates)s",1250,50,50,25,2,0.159154943,4150,687.5,4150,675,"confident","6b9f03605ec058f2b3bc0dcccbb007f5",0.006281885,122,123,118,1,37.5,"<212 µm",14,1,"PRR20231218SS","river water","plastic","sample","Pajaro","surface","20231218",2023-12-18,"fragment",50,25,"polyester/PET",1.38,"TODO(cite): polymer density handbook/default table","settling","settling",0.5,12.5,8181.23086872342,11290.0985988383,8999.35395559576
643,"MBMS_14_07DEC23_Pst3DS_2of2_rt",0.643399157,TRUE,"polyhaloolefins (vinylhalides)",4375,186.9677166,100,43.75,2.285714286,0.635836313,1903.571429,885.7142857,1900,850,"confident","edd68ee40ec061b7863165d48af04ec3",0.00920905,104,104,102,1,71.875,"<212 µm",14,1,"PRR20231218SS","river water","plastic","sample","Pajaro","surface","20231218",2023-12-18,"fragment",100,43.75,"halogenated vinyl polymers",1.35,"TODO(cite): polymer density handbook/default table","settling","settling",0.5,21.875,50110.0390709309,67648.5527457568,55121.042978024
309,"MBMS_14_07DEC23_Pst3DS_2of2_rt",0.641876513,TRUE,"poly(esters/ethers/diglycidylethers/terephthalates)s",1875,100,75,25,3,0.424413182,4550,975,4550,950,"confident","6b9f03605ec058f2b3bc0dcccbb007f5",0.006952682,131,130,125,1,50,"<212 µm",14,1,"PRR20231218SS","river water","plastic","sample","Pajaro","surface","20231218",2023-12-18,"fiber",75,25,"polyester/PET",1.38,"TODO(cite): polymer density handbook/default table","settling","settling",0.286474508437567,7.16186271093919,36815.5389092554,50805.4436947724,40497.0928001809
748,"MBMS_14_07DEC23_Pst3DS_2of2_rt",0.645538102,TRUE,"poly(esters/ethers/diglycidylethers/terephthalates)s",2500,150,100,25,4,0.716197244,1100,1087.5,1100,1050,"confident","1aed521478e71e0bbca774912664c272",0.009322762,121,120,116,1,62.5,"<212 µm",14,1,"PRR20231218SS","river water","plastic","sample","Pajaro","surface","20231218",2023-12-18,"fiber",100,25,"polyester/PET",1.38,"TODO(cite): polymer density handbook/default table","settling","settling",0.286474508437567,7.16186271093919,49087.3852123405,67740.5915930299,53996.1237335746
848,"MBMS_14_07DEC23_Pst3DS_2of2_rt",0.643015157,TRUE,"poly(esters/ethers/diglycidylethers/terephthalates)s",1250,50,50,25,2,0.159154943,300,1087.5,300,1075,"confident","9ca6f88e3c87708f022b733f3a887c79",0.006139521,139,138,133,1,37.5,"<212 µm",14,1,"PRR20231218SS","river water","plastic","sample","Pajaro","surface","20231218",2023-12-18,"fragment",50,25,"polyester/PET",1.38,"TODO(cite): polymer density handbook/default table","settling","settling",0.5,12.5,8181.23086872342,11290.0985988383,8999.35395559576
296,"MBMS_14_07DEC23_Pst3DS_2of2_rt",0.600833991,TRUE,"poly(esters/ethers/diglycidylethers/terephthalates)s",1875,100,75,25,3,0.424413182,4700,1350,4700,1325,"confident","c689b274a66cb2e33fd140ee2a03c7b9",0.00724999,103,102,100,1,50,"<212 µm",14,1,"PRR20231218SS","river water","plastic","sample","Pajaro","surface","20231218",2023-12-18,"fiber",75,25,"polyester/PET",1.38,"TODO(cite): polymer density handbook/default table","settling","settling",0.286474508437567,7.16186271093919,36815.5389092554,50805.4436947724,40497.0928001809
248,"MBMS_14_07DEC23_Pst3DS_2of2_rt",0.64983213,TRUE,"poly(esters/ethers/diglycidylethers/terephthalates)s",1250,50,50,25,2,0.159154943,5100,1662.5,5100,1650,"confident","6b9f03605ec058f2b3bc0dcccbb007f5",0.008225102,98,97,92,1,37.5,"<212 µm",14,1,"PRR20231218SS","river water","plastic","sample","Pajaro","surface","20231218",2023-12-18,"fragment",50,25,"polyester/PET",1.38,"TODO(cite): polymer density handbook/default table","settling","settling",0.5,12.5,8181.23086872342,11290.0985988383,8999.35395559576
847,"MBMS_14_07DEC23_Pst3DS_2of2_rt",0.613982545,TRUE,"poly(esters/ethers/diglycidylethers/terephthalates)s",1875,100,75,25,3,0.424413182,300,1700,300,1675,"confident","e1e428f88e453a01943930fb0f731b9a",0.006706043,72,73,67,1,50,"<212 µm",14,1,"PRR20231218SS","river water","plastic","sample","Pajaro","surface","20231218",2023-12-18,"fiber",75,25,"polyester/PET",1.38,"TODO(cite): polymer density handbook/default table","settling","settling",0.286474508437567,7.16186271093919,36815.5389092554,50805.4436947724,40497.0928001809
554,"MBMS_14_07DEC23_Pst3DS_2of2_rt",0.620669787,TRUE,"poly(esters/ethers/diglycidylethers/terephthalates)s",3125,135.3553391,80.90169944,38.6271243,2.094427191,0.466542161,2710,1720,2700,1700,"confident","18ce4ded30d40ef430957d24f3557eae",0.008488945,85,86,80,1,59.76441187,"<212 µm",14,1,"PRR20231218SS","river water","plastic","sample","Pajaro","surface","20231218",2023-12-18,"fragment",80.90169944,38.6271243,"polyester/PET",1.38,"TODO(cite): polymer density handbook/default table","settling","settling",0.5,19.31356215,31601.7421728583,43610.4041985444,34761.9163901441
90,"MBMS_14_07DEC23_Pst3DS_2of2_rt",0.620183704,TRUE,"poly(esters/ethers/diglycidylethers/terephthalates)s",1875,100,75,25,3,0.424413182,6150,1825,6150,1800,"confident","6b9f03605ec058f2b3bc0dcccbb007f5",0.007525544,129,129,127,1,50,"<212 µm",14,1,"PRR20231218SS","river water","plastic","sample","Pajaro","surface","20231218",2023-12-18,"fiber",75,25,"polyester/PET",1.38,"TODO(cite): polymer density handbook/default table","settling","settling",0.286474508437567,7.16186271093919,36815.5389092554,50805.4436947724,40497.0928001809
707,"MBMS_14_07DEC23_Pst3DS_2of2_rt",0.617332109,TRUE,"polyhaloolefins (vinylhalides)",1250,50,50,25,2,0.159154943,1350,1837.5,1350,1825,"confident","108ac44899ce0f70c2d9c66fb4074a39",0.006098996,118,119,114,1,37.5,"<212 µm",14,1,"PRR20231218SS","river water","plastic","sample","Pajaro","surface","20231218",2023-12-18,"fragment",50,25,"halogenated vinyl polymers",1.35,"TODO(cite): polymer density handbook/default table","settling","settling",0.5,12.5,8181.23086872342,11044.6616727766,8999.35395559576
600,"MBMS_14_07DEC23_Pst3DS_2of2_rt",0.625605973,TRUE,"poly(esters/ethers/diglycidylethers/terephthalates)s",1250,50,50,25,2,0.159154943,2300,2237.5,2300,2225,"confident","9ca6f88e3c87708f022b733f3a887c79",0.006449988,77,77,75,1,37.5,"<212 µm",14,1,"PRR20231218SS","river water","plastic","sample","Pajaro","surface","20231218",2023-12-18,"fragment",50,25,"polyester/PET",1.38,"TODO(cite): polymer density handbook/default table","settling","settling",0.5,12.5,8181.23086872342,11290.0985988383,8999.35395559576
613,"MBMS_14_07DEC23_Pst3DS_2of2_rt",0.606971797,TRUE,"poly(esters/ethers/diglycidylethers/terephthalates)s",1250,50,50,25,2,0.159154943,2150,2437.5,2150,2425,"confident","6b9f03605ec058f2b3bc0dcccbb007f5",0.006541917,100,99,94,1,37.5,"<212 µm",14,1,"PRR20231218SS","river water","plastic","sample","Pajaro","surface","20231218",2023-12-18,"fragment",50,25,"polyester/PET",1.38,"TODO(cite): polymer density handbook/default table","settling","settling",0.5,12.5,8181.23086872342,11290.0985988383,8999.35395559576
641,"MBMS_14_07DEC23_Pst3DS_2of2_rt",0.604763716,TRUE,"polyacrylonitriles (nitriles)",1250,50,50,25,2,0.159154943,1900,2537.5,1900,2525,"confident","646564b28dbe3176ab6b480b5f293c9c",0.006738651,104,104,104,1,37.5,"<212 µm",14,1,"PRR20231218SS","river water","plastic","sample","Pajaro","surface","20231218",2023-12-18,"fragment",50,25,"acrylic polymers",1.18,"TODO(cite): polymer density handbook/default table","settling","settling",0.5,12.5,8181.23086872342,9653.85242509363,8999.35395559576
195,"MBMS_14_07DEC23_Pst3DS_2of2_rt",0.641551056,TRUE,"poly(esters/ethers/diglycidylethers/terephthalates)s",1250,50,50,25,2,0.159154943,5500,2612.5,5500,2600,"confident","6b9f03605ec058f2b3bc0dcccbb007f5",0.0076307,101,101,99,1,37.5,"<212 µm",14,1,"PRR20231218SS","river water","plastic","sample","Pajaro","surface","20231218",2023-12-18,"fragment",50,25,"polyester/PET",1.38,"TODO(cite): polymer density handbook/default table","settling","settling",0.5,12.5,8181.23086872342,11290.0985988383,8999.35395559576
258,"MBMS_14_07DEC23_Pst3DS_2of2_rt",0.637710071,TRUE,"polyhaloolefins (vinylhalides)",1250,50,50,25,2,0.159154943,4950,2737.5,4950,2725,"confident","d4c1ecbd8a66d0052968a58a6a7f8b96",0.006567018,125,124,120,1,37.5,"<212 µm",14,1,"PRR20231218SS","river water","plastic","sample","Pajaro","surface","20231218",2023-12-18,"fragment",50,25,"halogenated vinyl polymers",1.35,"TODO(cite): polymer density handbook/default table","settling","settling",0.5,12.5,8181.23086872342,11044.6616727766,8999.35395559576
152,"MBMS_14_07DEC23_Pst3DS_2of2_rt",0.608767515,TRUE,"polyhaloolefins (vinylhalides)",1250,50,50,25,2,0.159154943,5750,2737.5,5750,2725,"confident","7061cacc139a0e8888f41995d7f0bac5",0.006839238,126,126,118,1,37.5,"<212 µm",14,1,"PRR20231218SS","river water","plastic","sample","Pajaro","surface","20231218",2023-12-18,"fragment",50,25,"halogenated vinyl polymers",1.35,"TODO(cite): polymer density handbook/default table","settling","settling",0.5,12.5,8181.23086872342,11044.6616727766,8999.35395559576
612,"MBMS_14_07DEC23_Pst3DS_2of2_rt",0.605404032,TRUE,"polyhaloolefins (vinylhalides)",1250,50,50,25,2,0.159154943,2150,2862.5,2150,2850,"confident","108ac44899ce0f70c2d9c66fb4074a39",0.007642925,122,121,116,1,37.5,"<212 µm",14,1,"PRR20231218SS","river water","plastic","sample","Pajaro","surface","20231218",2023-12-18,"fragment",50,25,"halogenated vinyl polymers",1.35,"TODO(cite): polymer density handbook/default table","settling","settling",0.5,12.5,8181.23086872342,11044.6616727766,8999.35395559576
193,"MBMS_14_07DEC23_Pst3DS_2of2_rt",0.615236074,TRUE,"poly(esters/ethers/diglycidylethers/terephthalates)s",1875,100,75,25,3,0.424413182,5500,3025,5500,3000,"confident","d19304430617d51aff718b797a3d3a2d",0.00872009,89,88,86,1,50,"<212 µm",14,1,"PRR20231218SS","river water","plastic","sample","Pajaro","surface","20231218",2023-12-18,"fiber",75,25,"polyester/PET",1.38,"TODO(cite): polymer density handbook/default table","settling","settling",0.286474508437567,7.16186271093919,36815.5389092554,50805.4436947724,40497.0928001809
807,"MBMS_14_07DEC23_Pst3DS_2of2_rt",0.603883418,TRUE,"poly(esters/ethers/diglycidylethers/terephthalates)s",2500,120.7106781,75,33.33333333,2.25,0.463811494,556.25,3075,550,3050,"confident","6b9f03605ec058f2b3bc0dcccbb007f5",0.00792798,76,75,71,1,54.16666667,"<212 µm",14,1,"PRR20231218SS","river water","plastic","sample","Pajaro","surface","20231218",2023-12-18,"fragment",75,33.33333333,"polyester/PET",1.38,"TODO(cite): polymer density handbook/default table","settling","settling",0.5,16.666666665,21816.6156455658,30106.9295908808,23998.2772101224
162,"MBMS_14_07DEC23_Pst3DS_2of2_rt",0.609770586,TRUE,"poly(esters/ethers/diglycidylethers/terephthalates)s",3750,170.7106781,104.0569415,36.037961,2.887425887,0.618415325,5737.5,3312.5,5725,3275,"confident","5bd7569bf3f51e77b9b6c60a4b68bbda",0.007587806,88,88,86,1,70.04745125,"<212 µm",14,1,"PRR20231218SS","river water","plastic","sample","Pajaro","surface","20231218",2023-12-18,"fragment",104.0569415,36.037961,"polyester/PET",1.38,"TODO(cite): polymer density handbook/default table","settling","settling",0.5,18.0189805,35380.1854732997,48824.6559531536,38918.2040206297
243,"MBMS_14_07DEC23_Pst3DS_2of2_rt",0.644969136,TRUE,"poly(esters/ethers/diglycidylethers/terephthalates)s",1250,50,50,25,2,0.159154943,5100,3962.5,5100,3950,"confident","2584f49c0715cd7a2f21f7cf314fa265",0.007319112,82,83,77,1,37.5,"<212 µm",14,1,"PRR20231218SS","river water","plastic","sample","Pajaro","surface","20231218",2023-12-18,"fragment",50,25,"polyester/PET",1.38,"TODO(cite): polymer density handbook/default table","settling","settling",0.5,12.5,8181.23086872342,11290.0985988383,8999.35395559576
551,"MBMS_14_07DEC23_Pst3DS_2of2_rt",0.61698357,TRUE,"polyacrylonitriles (nitriles)",1250,50,50,25,2,0.159154943,2700,4187.5,2700,4175,"confident","e30a3aa5175ffd0664363a463398e00e",0.006782217,75,74,70,1,37.5,"<212 µm",14,1,"PRR20231218SS","river water","plastic","sample","Pajaro","surface","20231218",2023-12-18,"fragment",50,25,"acrylic polymers",1.18,"TODO(cite): polymer density handbook/default table","settling","settling",0.5,12.5,8181.23086872342,9653.85242509363,8999.35395559576
410,"MBMS_14_07DEC23_Pst3DS_2of2_rt",0.621891361,TRUE,"poly(esters/ethers/diglycidylethers/terephthalates)s",3125,135.3553391,80.90169944,38.6271243,2.094427191,0.466542161,3890,4270,3875,4250,"confident","6b9f03605ec058f2b3bc0dcccbb007f5",0.008735811,48,49,41,1,59.76441187,"<212 µm",14,1,"PRR20231218SS","river water","plastic","sample","Pajaro","surface","20231218",2023-12-18,"fragment",80.90169944,38.6271243,"polyester/PET",1.38,"TODO(cite): polymer density handbook/default table","settling","settling",0.5,19.31356215,31601.7421728583,43610.4041985444,34761.9163901441
527,"MBMS_14_07DEC23_Pst3DS_2of2_rt",0.610429761,TRUE,"poly(esters/ethers/diglycidylethers/terephthalates)s",3750,180.9016994,104.0569415,36.037961,2.887425887,0.694455084,2958.333333,4320.833333,2950,4275,"confident","6b9f03605ec058f2b3bc0dcccbb007f5",0.00755552,73,73,71,1,70.04745125,"<212 µm",14,1,"PRR20231218SS","river water","plastic","sample","Pajaro","surface","20231218",2023-12-18,"fragment",104.0569415,36.037961,"polyester/PET",1.38,"TODO(cite): polymer density handbook/default table","settling","settling",0.5,18.0189805,35380.1854732997,48824.6559531536,38918.2040206297
744,"MBMS_14_07DEC23_Pst3DS_2of2_rt",0.62666557,TRUE,"poly(propylene)",3125,179.0569415,104.0569415,30.03163417,3.464911064,0.816436549,1095,4380,1075,4350,"confident","444240c8a504af9d48144f763387c351",0.006627418,111,110,105,1,67.04428784,"<212 µm",14,1,"PRR20231218SS","river water","plastic","sample","Pajaro","surface","20231218",2023-12-18,"fiber",104.0569415,30.03163417,"polypropylene",0.9,"TODO(cite): polymer density handbook/default table","buoyant","buoyant",0.286474508437567,8.6032976364276,73708.7197524036,66337.8477771632,81079.5917276439
597,"MBMS_14_07DEC23_Pst3DS_2of2_rt",0.624413263,TRUE,"poly(propylene)",2500,150,100,25,4,0.716197244,2300,5312.5,2300,5275,"confident","a10d32cb1dd62cfd2207e223abe528cb",0.008210463,108,108,108,1,62.5,"<212 µm",14,1,"PRR20231218SS","river water","plastic","sample","Pajaro","surface","20231218",2023-12-18,"fiber",100,25,"polypropylene",0.9,"TODO(cite): polymer density handbook/default table","buoyant","buoyant",0.286474508437567,7.16186271093919,49087.3852123405,44178.6466911065,53996.1237335746
639,"MBMS_14_07DEC23_Pst3DS_2of2_rt",0.616543071,TRUE,"poly(esters/ethers/diglycidylethers/terephthalates)s",1875,100,75,25,3,0.424413182,1900,5400,1900,5375,"confident","2375ceba6f6380f1a3833ef52fdfa286",0.007325122,116,115,111,1,50,"<212 µm",14,1,"PRR20231218SS","river water","plastic","sample","Pajaro","surface","20231218",2023-12-18,"fiber",75,25,"polyester/PET",1.38,"TODO(cite): polymer density handbook/default table","settling","settling",0.286474508437567,7.16186271093919,36815.5389092554,50805.4436947724,40497.0928001809
161,"MBMS_14_07DEC23_Pst3DS_2of2_rt",0.635670056,TRUE,"poly(esters/ethers/diglycidylethers/terephthalates)s",3125,135.3553391,80.90169944,38.6271243,2.094427191,0.466542161,5740,5395,5725,5375,"confident","5bd7569bf3f51e77b9b6c60a4b68bbda",0.007610348,130,130,128,1,59.76441187,"<212 µm",14,1,"PRR20231218SS","river water","plastic","sample","Pajaro","surface","20231218",2023-12-18,"fragment",80.90169944,38.6271243,"polyester/PET",1.38,"TODO(cite): polymer density handbook/default table","settling","settling",0.5,19.31356215,31601.7421728583,43610.4041985444,34761.9163901441
412,"MBMS_14_07DEC23_Pst3DS_2of2_rt",0.648902661,TRUE,"poly(propylene)",20000,466.0246581,185.0781059,108.0624847,1.712695265,0.864127713,3725,5853.90625,3650,5800,"confident","996b47bead32bd9596a35dd21f48d7f7",0.01866289,73,70,63,1,146.5702953,"<212 µm",14,1,"PRR20231218SS","river water","plastic","sample","Pajaro","surface","20231218",2023-12-18,"fragment",185.0781059,108.0624847,"polypropylene",0.9,"TODO(cite): polymer density handbook/default table","buoyant","buoyant",0.5,54.03124235,565813.84640602,509232.461765418,622395.231046623
688,"MBMS_14_07DEC23_Pst3DS_2of2_rt",0.604669293,TRUE,"poly(esters/ethers/diglycidylethers/terephthalates)s",4375,185.3553391,104.0569415,42.04428784,2.474936474,0.624916913,1510.714286,6367.857143,1500,6325,"confident","8f85fee5181c763128109f4bd72bdf42",0.011156324,80,81,75,1,73.05061467,"<212 µm",14,1,"PRR20231218SS","river water","plastic","sample","Pajaro","surface","20231218",2023-12-18,"fragment",104.0569415,42.04428784,"polyester/PET",1.38,"TODO(cite): polymer density handbook/default table","settling","settling",0.5,21.02214392,48156.3635761518,66455.7817350895,52971.999933767
51,"MBMS_14_07DEC23_Pst3DS_2of2_rt",0.652554117,TRUE,"polyhaloolefins (vinylhalides)",1250,50,50,25,2,0.159154943,6525,6412.5,6525,6400,"confident","7061cacc139a0e8888f41995d7f0bac5",0.006584461,97,94,89,1,37.5,"<212 µm",14,1,"PRR20231218SS","river water","plastic","sample","Pajaro","surface","20231218",2023-12-18,"fragment",50,25,"halogenated vinyl polymers",1.35,"TODO(cite): polymer density handbook/default table","settling","settling",0.5,12.5,8181.23086872342,11044.6616727766,8999.35395559576
18,"MBMS_14_07DEC23_Pst3DS_2of2_rt",0.62694642,TRUE,"poly(esters/ethers/diglycidylethers/terephthalates)s",1250,50,50,25,2,0.159154943,6700,6437.5,6700,6425,"confident","6b9f03605ec058f2b3bc0dcccbb007f5",0.006676812,75,87,83,1,37.5,"<212 µm",14,1,"PRR20231218SS","river water","plastic","sample","Pajaro","surface","20231218",2023-12-18,"fragment",50,25,"polyester/PET",1.38,"TODO(cite): polymer density handbook/default table","settling","settling",0.5,12.5,8181.23086872342,11290.0985988383,8999.35395559576
652,"MBMS_14_07DEC23_Pst3DS_2of2_rt",0.652303501,TRUE,"poly(esters/ethers/diglycidylethers/terephthalates)s",2500,130.9016994,80.90169944,30.90169944,2.618033989,0.545432104,1743.75,6468.75,1725,6450,"confident","6b9f03605ec058f2b3bc0dcccbb007f5",0.007809109,90,90,90,1,55.90169944,"<212 µm",14,1,"PRR20231218SS","river water","plastic","sample","Pajaro","surface","20231218",2023-12-18,"fragment",80.90169944,30.90169944,"polyester/PET",1.38,"TODO(cite): polymer density handbook/default table","settling","settling",0.5,15.45084972,20225.1149906293,27910.6586870684,22247.6264896922
637,"MBMS_14_07DEC23_Pst3DS_2of2_rt",0.610915049,TRUE,"polyacrylonitriles (nitriles)",1250,50,50,25,2,0.159154943,1900,6462.5,1900,6450,"confident","85cd16c12d9ecee3cbdb2927cacf190e",0.0080608,86,86,84,1,37.5,"<212 µm",14,1,"PRR20231218SS","river water","plastic","sample","Pajaro","surface","20231218",2023-12-18,"fragment",50,25,"acrylic polymers",1.18,"TODO(cite): polymer density handbook/default table","settling","settling",0.5,12.5,8181.23086872342,9653.85242509363,8999.35395559576
687,"MBMS_14_07DEC23_Pst3DS_2of2_rt",0.647262886,TRUE,"polyacrylonitriles (nitriles)",5625,247.1587379,136.8033989,41.11739947,3.327141323,0.864210517,1497.222222,6555.555556,1475,6500,"confident","2c8a355be077ddd74c193e5080450873",0.00876844,126,126,124,1,88.96039917,"<212 µm",14,1,"PRR20231218SS","river water","plastic","sample","Pajaro","surface","20231218",2023-12-18,"fiber",136.8033989,41.11739947,"acrylic polymers",1.18,"TODO(cite): polymer density handbook/default table","settling","settling",0.286474508437567,11.7790868013993,181651.106450242,214348.305611286,199816.217095266
558,"MBMS_14_07DEC23_Pst3DS_2of2_rt",0.658463498,TRUE,"polystyrenes (polyphenylethylenes, -methylstyrene)",1250,50,50,25,2,0.159154943,2575,6537.5,2575,6525,"confident","db08510cfb7ce8d419ef5db41c331271",0.007005261,95,96,90,1,37.5,"<212 µm",14,1,"PRR20231218SS","river water","plastic","sample","Pajaro","surface","20231218",2023-12-18,"fragment",50,25,"styrenic polymers",1.05,"TODO(cite): polymer density handbook/default table","settling","settling",0.5,12.5,8181.23086872342,8590.29241215959,8999.35395559576
562,"MBMS_14_07DEC23_Pst3DS_2of2_rt",0.624350857,TRUE,"polyacrylonitriles (nitriles)",1875,100,75,25,3,0.424413182,2550,6675,2550,6650,"confident","88b282437ba82bc6233376262578c27a",0.008775629,85,86,80,1,50,"<212 µm",14,1,"PRR20231218SS","river water","plastic","sample","Pajaro","surface","20231218",2023-12-18,"fiber",75,25,"acrylic polymers",1.18,"TODO(cite): polymer density handbook/default table","settling","settling",0.286474508437567,7.16186271093919,36815.5389092554,43442.3359129214,40497.0928001809
87,"MBMS_14_07DEC23_Pst3DS_2of2_rt",0.61517154,TRUE,"poly(esters/ethers/diglycidylethers/terephthalates)s",2500,161.8033989,104.0569415,24.02530734,4.33113883,0.833346101,6137.5,6737.5,6125,6700,"confident","5bd7569bf3f51e77b9b6c60a4b68bbda",0.006571003,78,79,74,1,64.04112442,"<212 µm",14,1,"PRR20231218SS","river water","plastic","sample","Pajaro","surface","20231218",2023-12-18,"fiber",104.0569415,24.02530734,"polyester/PET",1.38,"TODO(cite): polymer density handbook/default table","settling","settling",0.286474508437567,6.88263811028798,47173.5806572462,65099.5413069998,51890.9387229709
187,"MBMS_14_07DEC23_Pst3DS_2of2_rt",0.622564191,TRUE,"poly(esters/ethers/diglycidylethers/terephthalates)s",1875,100,75,25,3,0.424413182,5500,6750,5500,6725,"confident","6b9f03605ec058f2b3bc0dcccbb007f5",0.009196115,110,109,107,1,50,"<212 µm",14,1,"PRR20231218SS","river water","plastic","sample","Pajaro","surface","20231218",2023-12-18,"fiber",75,25,"polyester/PET",1.38,"TODO(cite): polymer density handbook/default table","settling","settling",0.286474508437567,7.16186271093919,36815.5389092554,50805.4436947724,40497.0928001809
38,"MBMS_14_07DEC23_Pst3DS_2of2_rt",0.628930195,TRUE,"polyhaloolefins (vinylhalides)",1250,50,50,25,2,0.159154943,6550,6862.5,6550,6850,"confident","108ac44899ce0f70c2d9c66fb4074a39",0.006477133,110,106,105,1,37.5,"<212 µm",14,1,"PRR20231218SS","river water","plastic","sample","Pajaro","surface","20231218",2023-12-18,"fragment",50,25,"halogenated vinyl polymers",1.35,"TODO(cite): polymer density handbook/default table","settling","settling",0.5,12.5,8181.23086872342,11044.6616727766,8999.35395559576
50,"MBMS_14_07DEC23_Pst3DS_2of2_rt",0.601812756,TRUE,"poly(esters/ethers/diglycidylethers/terephthalates)s",1875,85.35533906,60.35533906,31.06601718,1.942809042,0.309207662,6541.666667,7058.333333,6525,7050,"confident","6b9f03605ec058f2b3bc0dcccbb007f5",0.007807099,92,88,87,1,45.71067812,"<212 µm",14,1,"PRR20231218SS","river water","plastic","sample","Pajaro","surface","20231218",2023-12-18,"fragment",60.35533906,31.06601718,"polyester/PET",1.38,"TODO(cite): polymer density handbook/default table","settling","settling",0.5,15.53300859,15249.4955244389,21044.3038237257,16774.4450768828
590,"MBMS_14_07DEC23_Pst3DS_2of2_rt",0.618849203,TRUE,"poly(ethylene)",1875,100,75,25,3,0.424413182,2300,7175,2300,7150,"confident","37fcd3d7949f51b3f526b55e8ae4383f",0.008388034,75,75,73,1,50,"<212 µm",14,1,"PRR20231218SS","river water","plastic","sample","Pajaro","surface","20231218",2023-12-18,"fiber",75,25,"polyethylene",0.94,"TODO(cite): polymer density handbook/default table","buoyant","buoyant",0.286474508437567,7.16186271093919,36815.5389092554,34606.6065747001,40497.0928001809
186,"MBMS_14_07DEC23_Pst3DS_2of2_rt",0.619098242,TRUE,"poly(esters/ethers/diglycidylethers/terephthalates)s",1875,100,75,25,3,0.424413182,5500,7350,5500,7325,"confident","9ca6f88e3c87708f022b733f3a887c79",0.007409239,122,123,118,1,50,"<212 µm",14,1,"PRR20231218SS","river water","plastic","sample","Pajaro","surface","20231218",2023-12-18,"fiber",75,25,"polyester/PET",1.38,"TODO(cite): polymer density handbook/default table","settling","settling",0.286474508437567,7.16186271093919,36815.5389092554,50805.4436947724,40497.0928001809
803,"MBMS_14_07DEC23_Pst3DS_2of2_rt",0.614409653,TRUE,"poly(esters/ethers/diglycidylethers/terephthalates)s",4375,216.2570385,128.0776406,34.15896778,3.74945875,0.850653281,539.2857143,7396.428571,525,7350,"confident","6b9f03605ec058f2b3bc0dcccbb007f5",0.007200505,78,77,75,1,81.11830421,"<212 µm",14,1,"PRR20231218SS","river water","plastic","sample","Pajaro","surface","20231218",2023-12-18,"fiber",128.0776406,34.15896778,"polyester/PET",1.38,"TODO(cite): polymer density handbook/default table","settling","settling",0.286474508437567,9.7856735035102,117374.20865337,161976.40794165,129111.629518707
147,"MBMS_14_07DEC23_Pst3DS_2of2_rt",0.646612463,TRUE,"polyhaloolefins (vinylhalides)",1250,50,50,25,2,0.159154943,5750,7487.5,5750,7475,"confident","108ac44899ce0f70c2d9c66fb4074a39",0.006555752,60,61,56,1,37.5,"<212 µm",14,1,"PRR20231218SS","river water","plastic","sample","Pajaro","surface","20231218",2023-12-18,"fragment",50,25,"halogenated vinyl polymers",1.35,"TODO(cite): polymer density handbook/default table","settling","settling",0.5,12.5,8181.23086872342,11044.6616727766,8999.35395559576
17,"MBMS_14_07DEC23_Pst3DS_2of2_rt",0.649019434,TRUE,"poly(esters/ethers/diglycidylethers/terephthalates)s",1250,50,50,25,2,0.159154943,6700,7662.5,6700,7650,"confident","9ca6f88e3c87708f022b733f3a887c79",0.007647285,101,113,113,1,37.5,"<212 µm",14,1,"PRR20231218SS","river water","plastic","sample","Pajaro","surface","20231218",2023-12-18,"fragment",50,25,"polyester/PET",1.38,"TODO(cite): polymer density handbook/default table","settling","settling",0.5,12.5,8181.23086872342,11290.0985988383,8999.35395559576
633,"MBMS_14_07DEC23_Pst3DS_2of2_rt",0.635129798,TRUE,"polyacrylonitriles (nitriles)",1250,50,50,25,2,0.159154943,1900,7687.5,1900,7675,"confident","88b282437ba82bc6233376262578c27a",0.008025691,101,102,97,1,37.5,"<212 µm",14,1,"PRR20231218SS","river water","plastic","sample","Pajaro","surface","20231218",2023-12-18,"fragment",50,25,"acrylic polymers",1.18,"TODO(cite): polymer density handbook/default table","settling","settling",0.5,12.5,8181.23086872342,9653.85242509363,8999.35395559576
86,"MBMS_14_07DEC23_Pst3DS_2of2_rt",0.641071664,TRUE,"polyhaloolefins (vinylhalides)",2500,130.9016994,80.90169944,30.90169944,2.618033989,0.545432104,6143.75,8193.75,6125,8175,"confident","108ac44899ce0f70c2d9c66fb4074a39",0.007317578,78,79,74,1,55.90169944,"<212 µm",14,1,"PRR20231218SS","river water","plastic","sample","Pajaro","surface","20231218",2023-12-18,"fragment",80.90169944,30.90169944,"halogenated vinyl polymers",1.35,"TODO(cite): polymer density handbook/default table","settling","settling",0.5,15.45084972,20225.1149906293,27303.9052373495,22247.6264896922
434,"MBMS_14_07DEC23_Pst3DS_2of2_rt",0.638859036,TRUE,"polyhaloolefins (vinylhalides)",16875,434.1264545,201.7766953,83.63205659,2.41267169,0.888748452,3499.074074,8418.518519,3500,8325,"confident","7c90ca3882ee713a2a8ec528f81f4297",0.019330516,65,66,70,1,142.7043759,"<212 µm",14,1,"PRR20231218SS","river water","plastic","sample","Pajaro","surface","20231218",2023-12-18,"fragment",201.7766953,83.63205659,"halogenated vinyl polymers",1.35,"TODO(cite): polymer density handbook/default table","settling","settling",0.5,41.816028295,369475.108011238,498791.395815171,406422.618812362
379,"MBMS_14_07DEC23_Pst3DS_2of2_rt",0.645477039,TRUE,"poly(acrylamide/amid)s",15000,529.6900182,255.4886114,58.71103184,4.351628705,1.488478119,4038.541667,8536.458333,4025,8425,"confident","798c6cdb451bebea4788e00a1bb14523",0.010469961,98,99,93,1,157.0998216,"<212 µm",14,1,"PRR20231218SS","river water","plastic","sample","Pajaro","surface","20231218",2023-12-18,"fiber",255.4886114,58.71103184,"polyamide/acrylamide",1.14,"TODO(cite): polymer density handbook/default table","settling","settling",0.286474508437567,16.8192139862264,691673.048612916,788507.275418724,760840.353474207
681,"MBMS_14_07DEC23_Pst3DS_2of2_rt",0.612259229,TRUE,"poly(ethylene)",1250,50,50,25,2,0.159154943,1500,8662.5,1500,8650,"confident","5a34f95c18468b826e6a2bf55b5de80d",0.006346061,106,107,101,1,37.5,"<212 µm",14,1,"PRR20231218SS","river water","plastic","sample","Pajaro","surface","20231218",2023-12-18,"fragment",50,25,"polyethylene",0.94,"TODO(cite): polymer density handbook/default table","buoyant","buoyant",0.5,12.5,8181.23086872342,7690.35701660001,8999.35395559576
483,"MBMS_14_07DEC23_Pst3DS_2of2_rt",0.613642607,TRUE,"poly(esters/ethers/diglycidylethers/terephthalates)s",3125,166.2570385,104.0569415,30.03163417,3.464911064,0.703882544,3335,8915,3325,8875,"confident","27dad1d094f4a127ea27edb15d8e07e5",0.006611942,129,128,123,1,67.04428784,"<212 µm",14,1,"PRR20231218SS","river water","plastic","sample","Pajaro","surface","20231218",2023-12-18,"fiber",104.0569415,30.03163417,"polyester/PET",1.38,"TODO(cite): polymer density handbook/default table","settling","settling",0.286474508437567,8.6032976364276,73708.7197524036,101718.033258317,81079.5917276439
680,"MBMS_14_07DEC23_Pst3DS_2of2_rt",0.637905517,TRUE,"poly(ethylene)",1250,50,50,25,2,0.159154943,1500,9062.5,1500,9050,"confident","8e95a3c58908cba1bc59f5e0d8e6fad3",0.007201141,66,67,62,1,37.5,"<212 µm",14,1,"PRR20231218SS","river water","plastic","sample","Pajaro","surface","20231218",2023-12-18,"fragment",50,25,"polyethylene",0.94,"TODO(cite): polymer density handbook/default table","buoyant","buoyant",0.5,12.5,8181.23086872342,7690.35701660001,8999.35395559576
36,"MBMS_14_07DEC23_Pst3DS_2of2_rt",0.634115843,TRUE,"poly(esters/ethers/diglycidylethers/terephthalates)s",1875,100,75,25,3,0.424413182,6550,9325,6550,9300,"confident","6b9f03605ec058f2b3bc0dcccbb007f5",0.007266067,56,52,49,1,50,"<212 µm",14,1,"PRR20231218SS","river water","plastic","sample","Pajaro","surface","20231218",2023-12-18,"fiber",75,25,"polyester/PET",1.38,"TODO(cite): polymer density handbook/default table","settling","settling",0.286474508437567,7.16186271093919,36815.5389092554,50805.4436947724,40497.0928001809
13,"MBMS_14_07DEC23_Pst3DS_2of2_rt",0.600491491,TRUE,"poly(esters/ethers/diglycidylethers/terephthalates)s",1875,100,75,25,3,0.424413182,6700,9525,6700,9500,"confident","6b9f03605ec058f2b3bc0dcccbb007f5",0.00791183,98,112,113,1,50,"<212 µm",14,1,"PRR20231218SS","river water","plastic","sample","Pajaro","surface","20231218",2023-12-18,"fiber",75,25,"polyester/PET",1.38,"TODO(cite): polymer density handbook/default table","settling","settling",0.286474508437567,7.16186271093919,36815.5389092554,50805.4436947724,40497.0928001809
335,"MBMS_14_07DEC23_Pst3DS_2of2_rt",0.655992172,TRUE,"poly(esters/ethers/diglycidylethers/terephthalates)s",1875,100,75,25,3,0.424413182,4300,9750,4300,9725,"confident","b4ceaac383cbff190f3193a1a9577284",0.007236424,68,67,65,1,50,"<212 µm",14,1,"PRR20231218SS","river water","plastic","sample","Pajaro","surface","20231218",2023-12-18,"fiber",75,25,"polyester/PET",1.38,"TODO(cite): polymer density handbook/default table","settling","settling",0.286474508437567,7.16186271093919,36815.5389092554,50805.4436947724,40497.0928001809
45,"MBMS_14_07DEC23_Pst3DS_2of2_rt",0.639628788,TRUE,"polyhaloolefins (vinylhalides)",1250,50,50,25,2,0.159154943,6525,9912.5,6525,9900,"confident","7061cacc139a0e8888f41995d7f0bac5",0.007529025,128,124,121,1,37.5,"<212 µm",14,1,"PRR20231218SS","river water","plastic","sample","Pajaro","surface","20231218",2023-12-18,"fragment",50,25,"halogenated vinyl polymers",1.35,"TODO(cite): polymer density handbook/default table","settling","settling",0.5,12.5,8181.23086872342,11044.6616727766,8999.35395559576
355,"MBMS_14_07DEC23_Pst3DS_2of2_rt",0.65389599,TRUE,"poly(acrylamide/amid)s",8750,276.7766953,128.0776406,68.31793556,1.874729375,0.696692479,4166.071429,10169.64286,4150,10125,"confident","ce7dfdf9721d555f17ea219d7f945e33",0.010744193,99,100,95,1,98.1977881,"<212 µm",14,1,"PRR20231218SS","river water","plastic","sample","Pajaro","surface","20231218",2023-12-18,"fragment",128.0776406,68.31793556,"polyamide/acrylamide",1.14,"TODO(cite): polymer density handbook/default table","settling","settling",0.5,34.15896778,156498.944871159,178408.797153122,172148.839358275
323,"MBMS_14_07DEC23_Pst3DS_2of2_rt",0.658305061,TRUE,"poly(acrylamide/amid)s",5625,216.2570385,115.1387819,48.85408641,2.356789172,0.661619218,4308.333333,10150,4300,10125,"confident","5ec431b73b0bc9f29f5702d5e4066224",0.009615671,80,81,73,1,81.99643415,"<212 µm",14,1,"PRR20231218SS","river water","plastic","sample","Pajaro","surface","20231218",2023-12-18,"fragment",115.1387819,48.85408641,"polyamide/acrylamide",1.14,"TODO(cite): polymer density handbook/default table","settling","settling",0.5,24.427043205,71943.5807652231,82015.6820723543,79137.9388417454
778,"MBMS_14_07DEC23_Pst3DS_2of2_rt",0.600405005,TRUE,"poly(acrylamide/amid)s",5625,206.0660172,104.0569415,54.0569415,1.924950591,0.600731442,697.2222222,10483.33333,675,10450,"confident","01ff0447b07401b960f0c4835359e290",0.011247483,76,74,62,1,79.0569415,"<212 µm",14,1,"PRR20231218SS","river water","plastic","sample","Pajaro","surface","20231218",2023-12-18,"fragment",104.0569415,54.0569415,"polyamide/acrylamide",1.14,"TODO(cite): polymer density handbook/default table","settling","settling",0.5,27.02847075,79605.4173149244,90750.1757390138,87565.9590464168
443,"MBMS_14_07DEC23_Pst3DS_2of2_rt",0.635307139,TRUE,"poly(esters/ethers/diglycidylethers/terephthalates)s",1250,50,50,25,2,0.159154943,3500,10562.5,3500,10550,"confident","f866b9687b98474577d4c602c14d49bc",0.006754608,82,82,80,1,37.5,"<212 µm",14,1,"PRR20231218SS","river water","plastic","sample","Pajaro","surface","20231218",2023-12-18,"fragment",50,25,"polyester/PET",1.38,"TODO(cite): polymer density handbook/default table","settling","settling",0.5,12.5,8181.23086872342,11290.0985988383,8999.35395559576
828,"MBMS_14_07DEC23_Pst3DS_2of2_rt",0.614811594,TRUE,"poly(propylene)",1875,100,75,25,3,0.424413182,300,10975,300,10950,"confident","a10d32cb1dd62cfd2207e223abe528cb",0.008065609,81,82,76,1,50,"<212 µm",14,1,"PRR20231218SS","river water","plastic","sample","Pajaro","surface","20231218",2023-12-18,"fiber",75,25,"polypropylene",0.9,"TODO(cite): polymer density handbook/default table","buoyant","buoyant",0.286474508437567,7.16186271093919,36815.5389092554,33133.9850183298,40497.0928001809
278,"MBMS_14_07DEC23_Pst3DS_2of2_rt",0.625106234,TRUE,"poly(esters/ethers/diglycidylethers/terephthalates)s",3750,180.9016994,104.0569415,36.037961,2.887425887,0.694455084,4691.666667,11079.16667,4675,11050,"confident","82289246620580e02f99c15fb54277de",0.008532513,69,70,65,1,70.04745125,"<212 µm",14,1,"PRR20231218SS","river water","plastic","sample","Pajaro","surface","20231218",2023-12-18,"fragment",104.0569415,36.037961,"polyester/PET",1.38,"TODO(cite): polymer density handbook/default table","settling","settling",0.5,18.0189805,35380.1854732997,48824.6559531536,38918.2040206297
390,"MBMS_14_07DEC23_Pst3DS_2of2_rt",0.659665521,TRUE,"polystyrenes (polyphenylethylenes, -methylstyrene)",1875,100,75,25,3,0.424413182,3900,11700,3900,11675,"confident","74c4fe421a958e770fef5f50c7a92085",0.007751351,96,95,91,1,50,"<212 µm",14,1,"PRR20231218SS","river water","plastic","sample","Pajaro","surface","20231218",2023-12-18,"fiber",75,25,"styrenic polymers",1.05,"TODO(cite): polymer density handbook/default table","settling","settling",0.286474508437567,7.16186271093919,36815.5389092554,38656.3158547182,40497.0928001809
8,"MBMS_14_07DEC23_Pst3DS_2of2_rt",0.631510401,TRUE,"polyhaloolefins (vinylhalides)",1250,50,50,25,2,0.159154943,6700,12012.5,6700,12000,"confident","d4c1ecbd8a66d0052968a58a6a7f8b96",0.006920076,114,125,117,1,37.5,"<212 µm",14,1,"PRR20231218SS","river water","plastic","sample","Pajaro","surface","20231218",2023-12-18,"fragment",50,25,"halogenated vinyl polymers",1.35,"TODO(cite): polymer density handbook/default table","settling","settling",0.5,12.5,8181.23086872342,11044.6616727766,8999.35395559576
144,"MBMS_14_07DEC23_Pst3DS_2of2_rt",0.655038992,TRUE,"poly(acrylamide/amid)s",6875,235.3553391,115.1387819,59.71055006,1.92828205,0.641158705,5752.272727,12215.90909,5750,12175,"confident","f5bf7f1fae4474135474eb72341fd5c6",0.011797389,110,109,104,1,87.42466597,"<212 µm",14,1,"PRR20231218SS","river water","plastic","sample","Pajaro","surface","20231218",2023-12-18,"fragment",115.1387819,59.71055006,"polyamide/acrylamide",1.14,"TODO(cite): polymer density handbook/default table","settling","settling",0.5,29.85527503,107471.274982271,122517.253479789,118218.402480498
494,"MBMS_14_07DEC23_Pst3DS_2of2_rt",0.638312496,TRUE,"poly(esters/ethers/diglycidylethers/terephthalates)s",1250,50,50,25,2,0.159154943,3100,12337.5,3100,12325,"confident","8f85fee5181c763128109f4bd72bdf42",0.007679582,79,79,77,1,37.5,"<212 µm",14,1,"PRR20231218SS","river water","plastic","sample","Pajaro","surface","20231218",2023-12-18,"fragment",50,25,"polyester/PET",1.38,"TODO(cite): polymer density handbook/default table","settling","settling",0.5,12.5,8181.23086872342,11290.0985988383,8999.35395559576
389,"MBMS_14_07DEC23_Pst3DS_2of2_rt",0.621939878,TRUE,"poly(propylene)",1250,50,50,25,2,0.159154943,3900,12337.5,3900,12325,"confident","d90d8f2ecc800ec3ac907f5d6e4e1f8f",0.006636566,103,102,98,1,37.5,"<212 µm",14,1,"PRR20231218SS","river water","plastic","sample","Pajaro","surface","20231218",2023-12-18,"fragment",50,25,"polypropylene",0.9,"TODO(cite): polymer density handbook/default table","buoyant","buoyant",0.5,12.5,8181.23086872342,7363.10778185108,8999.35395559576
274,"MBMS_14_07DEC23_Pst3DS_2of2_rt",0.651545466,TRUE,"poly(ethylene)",1250,50,50,25,2,0.159154943,4700,12962.5,4700,12950,"confident","bcf94c2ba5bb152e5fb3a3907e5d98d3",0.007772722,103,102,97,1,37.5,"<212 µm",14,1,"PRR20231218SS","river water","plastic","sample","Pajaro","surface","20231218",2023-12-18,"fragment",50,25,"polyethylene",0.94,"TODO(cite): polymer density handbook/default table","buoyant","buoyant",0.5,12.5,8181.23086872342,7690.35701660001,8999.35395559576
436,"MBMS_14_07DEC23_Pst3DS_2of2_rt",0.619331722,TRUE,"poly(esters/ethers/diglycidylethers/terephthalates)s",1250,50,50,25,2,0.159154943,3500,13912.5,3500,13900,"confident","8aa1fbe463fada9289d8e37af9ad07aa",0.006530927,73,72,68,1,37.5,"<212 µm",14,1,"PRR20231218SS","river water","plastic","sample","Pajaro","surface","20231218",2023-12-18,"fragment",50,25,"polyester/PET",1.38,"TODO(cite): polymer density handbook/default table","settling","settling",0.5,12.5,8181.23086872342,11290.0985988383,8999.35395559576
531,"MBMS_14_07DEC23_Pst3DS_2of2_rt",0.601631455,TRUE,"acrylonitrile butadiene styrene (abs)",3125,135.3553391,80.90169944,38.6271243,2.094427191,0.466542161,2940,13995,2925,13975,"confident","f307e171550286d04159c25d7d36a149",0.007606993,99,99,91,1,59.76441187,"<212 µm",14,1,"PRR20231218SS","river water","plastic","sample","Pajaro","surface","20231218",2023-12-18,"fragment",80.90169944,38.6271243,"styrenic polymers",1.05,"TODO(cite): polymer density handbook/default table","settling","settling",0.5,19.31356215,31601.7421728583,33181.8292815012,34761.9163901441
773,"MBMS_14_07DEC23_Pst3DS_2of2_rt",0.655038222,TRUE,"polystyrenes (polyphenylethylenes, -methylstyrene)",1250,50,50,25,2,0.159154943,700,14187.5,700,14175,"confident","0a5380323c090c15fd32add6e535c730",0.008375594,75,74,72,1,37.5,"<212 µm",14,1,"PRR20231218SS","river water","plastic","sample","Pajaro","surface","20231218",2023-12-18,"fragment",50,25,"styrenic polymers",1.05,"TODO(cite): polymer density handbook/default table","settling","settling",0.5,12.5,8181.23086872342,8590.29241215959,8999.35395559576
540,"MBMS_14_07DEC23_Pst3DS_2of2_rt",0.659021362,TRUE,"polystyrenes (polyphenylethylenes, -methylstyrene)",3125,166.2570385,104.0569415,30.03163417,3.464911064,0.703882544,2710,14315,2700,14275,"confident","99d8cdd7a9c7c97e2b6107d0abae1577",0.007866964,79,80,75,1,67.04428784,"<212 µm",14,1,"PRR20231218SS","river water","plastic","sample","Pajaro","surface","20231218",2023-12-18,"fiber",104.0569415,30.03163417,"styrenic polymers",1.05,"TODO(cite): polymer density handbook/default table","settling","settling",0.286474508437567,8.6032976364276,73708.7197524036,77394.1557400237,81079.5917276439
312,"MBMS_14_07DEC23_Pst3DS_2of2_rt",0.606681277,TRUE,"poly(esters/ethers/diglycidylethers/terephthalates)s",3750,170.7106781,104.0569415,36.037961,2.887425887,0.618415325,4537.5,15212.5,4525,15175,"confident","5bd7569bf3f51e77b9b6c60a4b68bbda",0.008209729,64,65,59,1,70.04745125,"<212 µm",14,1,"PRR20231218SS","river water","plastic","sample","Pajaro","surface","20231218",2023-12-18,"fragment",104.0569415,36.037961,"polyester/PET",1.38,"TODO(cite): polymer density handbook/default table","settling","settling",0.5,18.0189805,35380.1854732997,48824.6559531536,38918.2040206297
171,"MBMS_14_07DEC23_Pst3DS_2of2_rt",0.607410041,TRUE,"polystyrenes (polyphenylethylenes, -methylstyrene)",2500,130.9016994,80.90169944,30.90169944,2.618033989,0.545432104,5493.75,15618.75,5475,15600,"confident","a8d367313d5495d0b3e3be732395befb",0.007984817,57,69,65,1,55.90169944,"<212 µm",14,1,"PRR20231218SS","river water","plastic","sample","Pajaro","surface","20231218",2023-12-18,"fragment",80.90169944,30.90169944,"styrenic polymers",1.05,"TODO(cite): polymer density handbook/default table","settling","settling",0.5,15.45084972,20225.1149906293,21236.3707401608,22247.6264896922
13,"MBMS_16_07DEC23_PreDS_1of3_lft",0.629444156,TRUE,"poly(esters/ethers/diglycidylethers/terephthalates)s",3750,150,80.90169944,46.35254916,1.745355992,0.477464829,6725,4462.5,6700,4450,"confident","73146a7851b9bb3585faa793cc5d5b08",0.008005253,69,86,78,1,63.6271243,"<212 µm",16,1,"PRR20231218SS","river water","plastic","sample","Pajaro","surface","20231218",2023-12-18,"fragment",80.90169944,46.35254916,"polyester/PET",1.38,"TODO(cite): polymer density handbook/default table","settling","settling",0.5,23.17627458,45506.5087289159,62798.9820459039,50057.1596018075
30,"MBMS_16_07DEC23_PreDS_3of3_rt",0.651454731,TRUE,"poly(esters/ethers/diglycidylethers/terephthalates)s",5625,206.0660172,104.0569415,54.0569415,1.924950591,0.600731442,2191.666667,3822.222222,2175,3800,"confident","73146a7851b9bb3585faa793cc5d5b08",0.008650243,111,111,111,1,79.0569415,"<212 µm",16,1,"PRR20231218SS","river water","plastic","sample","Pajaro","surface","20231218",2023-12-18,"fragment",104.0569415,54.0569415,"polyester/PET",1.38,"TODO(cite): polymer density handbook/default table","settling","settling",0.5,27.02847075,79605.4173149244,109855.475894596,87565.9590464168
235,"MBMS_16_07DEC23_PstDS_1of1_lft",0.62619916,TRUE,"poly(propylene)",3125,141.4213562,75,41.66666667,1.8,0.509295818,2525,4375,2525,4350,"confident","a5d4409e1aafdc15e5def6b2cba387ee",0.008505008,111,112,116,1,58.33333333,"<212 µm",16,1,"PRR20231218SD","river water","plastic","sample","Pajaro","subsurface","20231218",2023-12-18,"fragment",75,41.66666667,"polypropylene",0.9,"TODO(cite): polymer density handbook/default table","buoyant","buoyant",0.5,20.833333335,34088.4619584684,30679.6157626216,37497.3081543152
216,"MBMS_16_07DEC23_PstDS_1of1_lft",0.611627851,TRUE,"poly(propylene)",2500,120.7106781,80.90169944,30.90169944,2.618033989,0.463811494,3125,6037.5,3125,6025,"confident","e58b30f5cf6c4238c187f7fd5f8c5f2f",0.006954628,110,114,117,1,55.90169944,"<212 µm",16,1,"PRR20231218SD","river water","plastic","sample","Pajaro","subsurface","20231218",2023-12-18,"fragment",80.90169944,30.90169944,"polypropylene",0.9,"TODO(cite): polymer density handbook/default table","buoyant","buoyant",0.5,15.45084972,20225.1149906293,18202.6034915664,22247.6264896922
105,"MBMS_16_07DEC23_PstDS_1of1_lft",0.649358535,TRUE,"poly(propylene)",6250,247.1587379,128.0776406,48.7985254,2.624621125,0.777789465,5697.5,6445,5675,6400,"confident","e58b30f5cf6c4238c187f7fd5f8c5f2f",0.007994384,100,102,99,1,88.43808302,"<212 µm",16,1,"PRR20231218SD","river water","plastic","sample","Pajaro","subsurface","20231218",2023-12-18,"fragment",128.0776406,48.7985254,"polypropylene",0.9,"TODO(cite): polymer density handbook/default table","buoyant","buoyant",0.5,24.3992627,79846.4004444691,71861.7604000222,87831.040488916
278,"MBMS_16_07DEC23_PstDS_1of1_lft",0.657713498,TRUE,"polyhaloolefins (vinylhalides)",5625,206.0660172,104.0569415,54.0569415,1.924950591,0.600731442,1002.777778,6866.666667,1000,6825,"confident","00ad5fb85086c362d463c143fa6e1bd0",0.008425456,88,89,91,1,79.0569415,"<212 µm",16,1,"PRR20231218SD","river water","plastic","sample","Pajaro","subsurface","20231218",2023-12-18,"fragment",104.0569415,54.0569415,"halogenated vinyl polymers",1.35,"TODO(cite): polymer density handbook/default table","settling","settling",0.5,27.02847075,79605.4173149244,107467.313375148,87565.9590464168
212,"MBMS_16_07DEC23_PstDS_1of1_lft",0.625343402,TRUE,"poly(propylene)",16875,462.1320344,226.5564437,74.48474969,3.041648722,1.007113698,3151.851852,6995.37037,3050,6950,"confident","e58b30f5cf6c4238c187f7fd5f8c5f2f",0.012428239,106,108,107,1,150.5205967,"<212 µm",16,1,"PRR20231218SD","river water","plastic","sample","Pajaro","subsurface","20231218",2023-12-18,"fiber",226.5564437,74.48474969,"polypropylene",0.9,"TODO(cite): polymer density handbook/default table","buoyant","buoyant",0.286474508437567,21.337982053538,987190.632108591,888471.568897732,1085909.69531945
111,"MBMS_16_07DEC23_PstDS_1of1_lft",0.644690387,TRUE,"poly(acrylamide/amid)s",5000,191.4213562,100,50,2,0.583177701,5550,8112.5,5550,8075,"confident","798c6cdb451bebea4788e00a1bb14523",0.008698147,174,175,177,1,75,"<212 µm",16,1,"PRR20231218SD","river water","plastic","sample","Pajaro","subsurface","20231218",2023-12-18,"fragment",100,50,"polyamide/acrylamide",1.14,"TODO(cite): polymer density handbook/default table","settling","settling",0.5,25,65449.8469497874,74612.8255227576,71994.8316447661
95,"MBMS_16_07DEC23_PstDS_1of1_lft",0.641945913,TRUE,"poly(propylene)",5625,206.0660172,104.0569415,54.0569415,1.924950591,0.600731442,5941.666667,8697.222222,5925,8675,"confident","e58b30f5cf6c4238c187f7fd5f8c5f2f",0.009241811,98,98,96,1,79.0569415,"<212 µm",16,1,"PRR20231218SD","river water","plastic","sample","Pajaro","subsurface","20231218",2023-12-18,"fragment",104.0569415,54.0569415,"polypropylene",0.9,"TODO(cite): polymer density handbook/default table","buoyant","buoyant",0.5,27.02847075,79605.4173149244,71644.8755834319,87565.9590464168
25,"MBMS_16_07DEC23_PstDS_1of1_lft",0.630824608,TRUE,"poly(acrylamide/amid)s",1250,50,50,25,2,0.159154943,7212.5,9950,7200,9950,"confident","7a319e40efdc6f128e8cc2d9c9ea1320",0.007552008,82,81,77,1,37.5,"<212 µm",16,1,"PRR20231218SD","river water","plastic","sample","Pajaro","subsurface","20231218",2023-12-18,"fragment",50,25,"polyamide/acrylamide",1.14,"TODO(cite): polymer density handbook/default table","settling","settling",0.5,12.5,8181.23086872342,9326.6031903447,8999.35395559576
183,"MBMS_16_07DEC23_PstDS_1of1_lft",0.612742805,TRUE,"polyhaloolefins (vinylhalides)",9375,297.1587379,136.8033989,68.52899911,1.996284794,0.749541822,3973.333333,10238.33333,3950,10200,"confident","205189c66fd58a74b44b874add35a63d",0.013666345,123,125,120,1,102.666199,"<212 µm",16,1,"PRR20231218SD","river water","plastic","sample","Pajaro","subsurface","20231218",2023-12-18,"fragment",136.8033989,68.52899911,"halogenated vinyl polymers",1.35,"TODO(cite): polymer density handbook/default table","settling","settling",0.5,34.264499555,168195.468902684,227063.883018624,185015.015792953
217,"MBMS_16_07DEC23_PstDS_1of1_lft",0.651782232,TRUE,"poly(ethylene)",8125,266.2570385,115.1387819,70.56701371,1.631623273,0.694334845,3013.461538,12746.15385,3025,12700,"confident","189b16d33537d147874edf50645a6bbf",0.01364961,119,119,117,1,92.8528978,"<212 µm",16,1,"PRR20231218SD","river water","plastic","sample","Pajaro","subsurface","20231218",2023-12-18,"fragment",115.1387819,70.56701371,"polyethylene",0.94,"TODO(cite): polymer density handbook/default table","buoyant","buoyant",0.5,35.283506855,150104.508044691,141098.23756201,165114.95884916
235,"MBMS_16_07DEC23_PstDS_1of1_rt",0.605005609,TRUE,"poly(esters/ethers/diglycidylethers/terephthalates)s",1250,50,50,25,2,0.159154943,775,3637.5,775,3625,"confident","e06a1d45898bb4823c7f6cacb3ef7f6e",0.008056075,105,109,112,1,37.5,"<212 µm",16,1,"PRR20231218SD","river water","plastic","sample","Pajaro","subsurface","20231218",2023-12-18,"fragment",50,25,"polyester/PET",1.38,"TODO(cite): polymer density handbook/default table","settling","settling",0.5,12.5,8181.23086872342,11290.0985988383,8999.35395559576
198,"MBMS_16_07DEC23_PstDS_1of1_rt",0.615177825,TRUE,"poly(propylene)",8125,266.2570385,131.0660172,61.99166019,2.114252413,0.694334845,1538.461538,4140.384615,1550,4100,"confident","36a1e4ff9851216d682b0a78aa09c947",0.012302173,126,129,134,1,96.52883869,"<212 µm",16,1,"PRR20231218SD","river water","plastic","sample","Pajaro","subsurface","20231218",2023-12-18,"fragment",131.0660172,61.99166019,"polypropylene",0.9,"TODO(cite): polymer density handbook/default table","buoyant","buoyant",0.5,30.995830095,131863.701838629,118677.331654766,145050.072022492
89,"MBMS_16_07DEC23_PstDS_1of1_rt",0.632896532,TRUE,"poly(propylene)",2500,100,60.35533906,41.42135624,1.457106781,0.318309886,3662.5,4312.5,3650,4300,"confident","a69f39ed8f44d6d4ce1145f1b62de5ab",0.006732476,81,85,86,1,50.88834765,"<212 µm",16,1,"PRR20231218SD","river water","plastic","sample","Pajaro","subsurface","20231218",2023-12-18,"fragment",60.35533906,41.42135624,"polypropylene",0.9,"TODO(cite): polymer density handbook/default table","buoyant","buoyant",0.5,20.71067812,27110.2142656692,24399.1928391023,29821.2356922362
93,"MBMS_16_07DEC23_PstDS_1of1_rt",0.629596512,TRUE,"polyhaloolefins (vinylhalides)",10000,311.8033989,150,66.66666667,2.25,0.773662997,3548.4375,4689.0625,3550,4650,"confident","00ad5fb85086c362d463c143fa6e1bd0",0.011834002,197,198,193,1,108.3333333,"<212 µm",16,1,"PRR20231218SD","river water","plastic","sample","Pajaro","subsurface","20231218",2023-12-18,"fragment",150,66.66666667,"halogenated vinyl polymers",1.35,"TODO(cite): polymer density handbook/default table","settling","settling",0.5,33.333333335,174532.925216886,235619.449042796,191986.217738575
80,"MBMS_16_07DEC23_PstDS_1of1_rt",0.657151331,TRUE,"poly(propylene)",1250,50,50,25,2,0.159154943,3737.5,5275,3725,5275,"confident","e58b30f5cf6c4238c187f7fd5f8c5f2f",0.006965075,132,132,134,1,37.5,"<212 µm",16,1,"PRR20231218SD","river water","plastic","sample","Pajaro","subsurface","20231218",2023-12-18,"fragment",50,25,"polypropylene",0.9,"TODO(cite): polymer density handbook/default table","buoyant","buoyant",0.5,12.5,8181.23086872342,7363.10778185108,8999.35395559576
231,"MBMS_16_07DEC23_PstDS_1of1_rt",0.657962827,TRUE,"poly(propylene)",3750,180.9016994,104.0569415,36.037961,2.887425887,0.694455084,854.1666667,6908.333333,825,6900,"confident","e58b30f5cf6c4238c187f7fd5f8c5f2f",0.007231034,91,95,94,1,70.04745125,"<212 µm",16,1,"PRR20231218SD","river water","plastic","sample","Pajaro","subsurface","20231218",2023-12-18,"fragment",104.0569415,36.037961,"polypropylene",0.9,"TODO(cite): polymer density handbook/default table","buoyant","buoyant",0.5,18.0189805,35380.1854732997,31842.1669259698,38918.2040206297
133,"MBMS_16_07DEC23_PstDS_1of1_rt",0.647782958,TRUE,"poly(propylene)",3125,141.4213562,75,41.66666667,1.8,0.509295818,2900,8525,2900,8500,"confident","a69f39ed8f44d6d4ce1145f1b62de5ab",0.008992574,112,114,103,1,58.33333333,"<212 µm",16,1,"PRR20231218SD","river water","plastic","sample","Pajaro","subsurface","20231218",2023-12-18,"fragment",75,41.66666667,"polypropylene",0.9,"TODO(cite): polymer density handbook/default table","buoyant","buoyant",0.5,20.833333335,34088.4619584684,30679.6157626216,37497.3081543152
100,"MBMS_16_07DEC23_PstDS_1of1_rt",0.623184992,TRUE,"poly(propylene)",15000,401.6123776,183.113883,81.9162357,2.23537961,0.855683298,3412.5,8655.208333,3400,8575,"confident","a69f39ed8f44d6d4ce1145f1b62de5ab",0.01793399,121,122,117,1,132.5150594,"<212 µm",16,1,"PRR20231218SD","river water","plastic","sample","Pajaro","subsurface","20231218",2023-12-18,"fragment",183.113883,81.9162357,"polypropylene",0.9,"TODO(cite): polymer density handbook/default table","buoyant","buoyant",0.5,40.95811785,321684.305351135,289515.874816021,353852.735886248
58,"MBMS_16_07DEC23_PstDS_1of1_rt",0.642480171,TRUE,"polyurethanes (isocyanates)",10625,306.0660172,136.8033989,77.66619899,1.761427759,0.701602974,4089.705882,9252.941176,4075,9200,"confident","df08970e882e7fa1a453b9a32e96cbf4",0.01653425,84,84,82,1,107.2347989,"<212 µm",16,1,"PRR20231218SD","river water","plastic","sample","Pajaro","subsurface","20231218",2023-12-18,"fragment",136.8033989,77.66619899,"polyurethane",1.2,"TODO(cite): polymer density handbook/default table","settling","settling",0.5,38.833099495,216037.735605364,259245.282726436,237641.5091659
73,"MBMS_16_07DEC23_PstDS_1of1_rt",0.624503413,TRUE,"polyhaloolefins (vinylhalides)",50625,820.6974725,329.1381265,153.8108044,2.139889508,1.058744803,3730.246914,10152.77778,3750,10025,"confident","00ad5fb85086c362d463c143fa6e1bd0",0.030233064,131,134,139,1,241.4744655,"212-500 µm",16,1,"PRR20231218SD","river water","plastic","sample","Pajaro","subsurface","20231218",2023-12-18,"fragment",329.1381265,153.8108044,"halogenated vinyl polymers",1.35,"TODO(cite): polymer density handbook/default table","settling","settling",0.5,76.9054022,2038545.95528455,2752037.03963414,2242400.550813
66,"MBMS_16_07DEC23_PstDS_1of1_rt",0.642215446,TRUE,"poly(propylene)",3750,150,80.90169944,46.35254916,1.745355992,0.477464829,3962.5,10275,3950,10250,"confident","e58b30f5cf6c4238c187f7fd5f8c5f2f",0.008805156,107,110,115,1,63.6271243,"<212 µm",16,1,"PRR20231218SD","river water","plastic","sample","Pajaro","subsurface","20231218",2023-12-18,"fragment",80.90169944,46.35254916,"polypropylene",0.9,"TODO(cite): polymer density handbook/default table","buoyant","buoyant",0.5,23.17627458,45506.5087289159,40955.8578560243,50057.1596018075
190,"MBMS_16_07DEC23_PstDS_1of1_rt",0.629818071,TRUE,"polystyrenes (polyphenylethylenes, -methylstyrene)",18125,436.9677166,192.7050983,94.05563298,2.048841651,0.838321926,1650.862069,11690.51724,1600,11625,"confident","ab761c7e7bbf925e1fb9f46cfe6db184",0.015026306,136,137,132,1,143.3803656,"<212 µm",16,1,"PRR20231218SD","river water","plastic","sample","Pajaro","subsurface","20231218",2023-12-18,"fragment",192.7050983,94.05563298,"styrenic polymers",1.05,"TODO(cite): polymer density handbook/default table","settling","settling",0.5,47.02781649,446304.691767049,468619.926355401,490935.160943754
194,"MBMS_16_07DEC23_PstDS_1of1_rt",0.624484887,TRUE,"polystyrenes (polyphenylethylenes, -methylstyrene)",41250,709.2907723,279.9509757,147.3472271,1.899940577,0.970543047,1529.924242,11976.89394,1425,11900,"confident","534ee5d441886c9bfc5c068d14f2f194",0.025128529,85,86,88,1,213.6491014,"212-500 µm",16,1,"PRR20231218SD","river water","plastic","sample","Pajaro","subsurface","20231218",2023-12-18,"fragment",279.9509757,147.3472271,"styrenic polymers",1.05,"TODO(cite): polymer density handbook/default table","settling","settling",0.5,73.67361355,1591235.82100102,1670797.61205107,1750359.40310112
243,"MBMS_16_07DEC23_PstDS_1of1_rt",0.645545079,TRUE,"poly(acrylamide/amid)s",17500,569.9482058,260.8495283,67.08848628,3.888141509,1.477144116,500.8928571,12500.89286,600,12400,"confident","3f044def40e0eb7ebce43b6acbe3065f",0.010247563,124,124,124,1,163.9690073,"<212 µm",16,1,"PRR20231218SD","river water","plastic","sample","Pajaro","subsurface","20231218",2023-12-18,"fiber",260.8495283,67.08848628,"polyamide/acrylamide",1.14,"TODO(cite): polymer density handbook/default table","settling","settling",0.286474508437567,19.2191411288835,922095.543441265,1051188.91952304,1014305.09778539
125,"MBMS_16_07DEC23_PstDS_1of1_rt",0.633814186,TRUE,"poly(acrylamide/amid)s",7500,272.3230557,136.8033989,54.82319929,2.495355992,0.786860412,3079.166667,12437.5,3100,12400,"confident","a9e77038fe61dd331e73d8e08467575f",0.009159575,111,115,118,1,95.81329908,"<212 µm",16,1,"PRR20231218SD","river water","plastic","sample","Pajaro","subsurface","20231218",2023-12-18,"fragment",136.8033989,54.82319929,"polyamide/acrylamide",1.14,"TODO(cite): polymer density handbook/default table","settling","settling",0.5,27.411599645,107645.100105572,122715.414120352,118409.610116129
242,"MBMS_16_07DEC23_PstDS_1of1_rt",0.637338463,TRUE,"poly(propylene)",10000,385.84946,192.7050983,51.89276302,3.713525492,1.184747851,528.125,12778.125,450,12725,"confident","06ad6f2417d6a9c1fc05a0af66af0c96",0.007871863,155,152,145,1,122.2989307,"<212 µm",16,1,"PRR20231218SD","river water","plastic","sample","Pajaro","subsurface","20231218",2023-12-18,"fiber",192.7050983,51.89276302,"polypropylene",0.9,"TODO(cite): polymer density handbook/default table","buoyant","buoyant",0.286474508437567,14.8659537776217,407564.807647492,366808.326882742,448321.288412241
270,"MBMS_16_07DEC23_PstDS_1of1_rt",0.611139305,TRUE,"poly(acrylamide/amid)s",6875,241.4213562,115.1387819,59.71055006,1.92828205,0.6746349,86.36363636,14404.54545,75,14375,"confident","332f745baec6fe52e5b8bbf794a311b0",0.012807197,110,89,88,1,87.42466597,"<212 µm",16,1,"PRR20231218SD","river water","plastic","sample","Pajaro","subsurface","20231218",2023-12-18,"fragment",115.1387819,59.71055006,"polyamide/acrylamide",1.14,"TODO(cite): polymer density handbook/default table","settling","settling",0.5,29.85527503,107471.274982271,122517.253479789,118218.402480498
201,"MBMS_18_07DEC23_PstDS_1of3_lft",0.642715119,TRUE,"poly(propylene)",1875,85.35533906,60.35533906,31.06601718,1.942809042,0.309207662,3358.333333,3358.333333,3350,3350,"confident","65c63f6893bc69eb258cbe46650d8834",0.006493794,116,117,109,1,45.71067812,"<212 µm",18,1,"SLR20231220SS","river water","plastic","sample","San Lorenzo","surface","20231220",2023-12-20,"fragment",60.35533906,31.06601718,"polypropylene",0.9,"TODO(cite): polymer density handbook/default table","buoyant","buoyant",0.5,15.53300859,15249.4955244389,13724.5459719951,16774.4450768828
22,"MBMS_18_07DEC23_PstDS_1of3_lft",0.631748903,TRUE,"poly(propylene)",2500,150,100,25,4,0.716197244,7500,4562.5,7500,4525,"confident","da46b6d708ae62bbe3a2353b7dfa28c6",0.006174141,100,67,60,1,62.5,"<212 µm",18,1,"SLR20231220SS","river water","plastic","sample","San Lorenzo","surface","20231220",2023-12-20,"fiber",100,25,"polypropylene",0.9,"TODO(cite): polymer density handbook/default table","buoyant","buoyant",0.286474508437567,7.16186271093919,49087.3852123405,44178.6466911065,53996.1237335746
35,"MBMS_18_07DEC23_PstDS_1of3_lft",0.653785318,TRUE,"poly(acrylamide/amid)s",3750,170.7106781,100,37.5,2.666666667,0.618415325,7491.666667,9087.5,7500,9050,"confident","833737081ad5564e8b58238b3a746c79",0.009117089,143,108,104,1,68.75,"<212 µm",18,1,"SLR20231220SS","river water","plastic","sample","San Lorenzo","surface","20231220",2023-12-20,"fragment",100,37.5,"polyamide/acrylamide",1.14,"TODO(cite): polymer density handbook/default table","settling","settling",0.5,18.75,36815.5389092554,41969.7143565511,40497.0928001809
11,"MBMS_18_07DEC23_PstDS_1of3_lft",0.640608749,TRUE,"poly(propylene)",19375,600.4719693,272.4873734,71.10421212,3.83222548,1.480927857,7407.258065,10407.25806,7325,10325,"confident","ecb65f50af2c12189b2edbdc5811d997",0.012621388,98,109,101,1,171.7957928,"<212 µm",18,1,"SLR20231220SS","river water","plastic","sample","San Lorenzo","surface","20231220",2023-12-20,"fiber",272.4873734,71.10421212,"polypropylene",0.9,"TODO(cite): polymer density handbook/default table","buoyant","buoyant",0.286474508437567,20.3695442149175,1081999.15357443,973799.238216989,1190199.06893188
121,"MBMS_18_07DEC23_PstDS_1of3_lft",0.638361328,TRUE,"poly(ethylene)",2500,100,60.35533906,41.42135624,1.457106781,0.318309886,5487.5,10912.5,5475,10900,"confident","bcf94c2ba5bb152e5fb3a3907e5d98d3",0.006672748,114,114,112,1,50.88834765,"<212 µm",18,1,"SLR20231220SS","river water","plastic","sample","San Lorenzo","surface","20231220",2023-12-20,"fragment",60.35533906,41.42135624,"polyethylene",0.94,"TODO(cite): polymer density handbook/default table","buoyant","buoyant",0.5,20.71067812,27110.2142656692,25483.6014097291,29821.2356922362
76,"MBMS_18_07DEC23_PstDS_1of3_lft",0.64648431,TRUE,"poly(propylene)",5625,200,95.71067812,58.77087187,1.628539361,0.565884242,6425,10925,6400,10900,"confident","e58b30f5cf6c4238c187f7fd5f8c5f2f",0.009272944,76,76,66,1,77.24077499,"<212 µm",18,1,"SLR20231220SS","river water","plastic","sample","San Lorenzo","surface","20231220",2023-12-20,"fragment",95.71067812,58.77087187,"polypropylene",0.9,"TODO(cite): polymer density handbook/default table","buoyant","buoyant",0.5,29.385435935,86547.2528083012,77892.5275274711,95201.9780891313
180,"MBMS_18_07DEC23_PstDS_1of3_lft",0.656122462,TRUE,"poly(acrylamide/amid)s",1250,50,50,25,2,0.159154943,3875,12987.5,3875,12975,"confident","8681123e1731dc69e476ce0c2fe4f9ea",0.006230395,69,69,67,1,37.5,"<212 µm",18,1,"SLR20231220SS","river water","plastic","sample","San Lorenzo","surface","20231220",2023-12-20,"fragment",50,25,"polyamide/acrylamide",1.14,"TODO(cite): polymer density handbook/default table","settling","settling",0.5,12.5,8181.23086872342,9326.6031903447,8999.35395559576
340,"MBMS_18_07DEC23_PstDS_1of3_rt",0.62081655,TRUE,"poly(propylene)",1875,85.35533906,60.35533906,31.06601718,1.942809042,0.309207662,2591.666667,6058.333333,2575,6050,"confident","17a38af679260002d4c8b20372caaaf4",0.006860174,106,109,114,1,45.71067812,"<212 µm",18,1,"SLR20231220SS","river water","plastic","sample","San Lorenzo","surface","20231220",2023-12-20,"fragment",60.35533906,31.06601718,"polypropylene",0.9,"TODO(cite): polymer density handbook/default table","buoyant","buoyant",0.5,15.53300859,15249.4955244389,13724.5459719951,16774.4450768828
299,"MBMS_18_07DEC23_PstDS_1of3_rt",0.649436749,TRUE,"polystyrenes (polyphenylethylenes, -methylstyrene)",1250,50,50,25,2,0.159154943,2962.5,6550,2950,6550,"confident","5e28b8e44fa3ef60634619dd590ac8b6",0.006874238,78,79,74,1,37.5,"<212 µm",18,1,"SLR20231220SS","river water","plastic","sample","San Lorenzo","surface","20231220",2023-12-20,"fragment",50,25,"styrenic polymers",1.05,"TODO(cite): polymer density handbook/default table","settling","settling",0.5,12.5,8181.23086872342,8590.29241215959,8999.35395559576
263,"MBMS_18_07DEC23_PstDS_1of3_rt",0.627841456,TRUE,"poly(acrylamide/amid)s",1250,50,50,25,2,0.159154943,3325,6862.5,3325,6850,"confident","798c6cdb451bebea4788e00a1bb14523",0.006803531,69,71,68,1,37.5,"<212 µm",18,1,"SLR20231220SS","river water","plastic","sample","San Lorenzo","surface","20231220",2023-12-20,"fragment",50,25,"polyamide/acrylamide",1.14,"TODO(cite): polymer density handbook/default table","settling","settling",0.5,12.5,8181.23086872342,9326.6031903447,8999.35395559576
347,"MBMS_18_07DEC23_PstDS_1of3_rt",0.601958654,TRUE,"poly(propylene)",1250,50,50,25,2,0.159154943,2487.5,7100,2475,7100,"confident","d94e422b752bbede245a02620854f15e",0.006274782,147,148,150,1,37.5,"<212 µm",18,1,"SLR20231220SS","river water","plastic","sample","San Lorenzo","surface","20231220",2023-12-20,"fragment",50,25,"polypropylene",0.9,"TODO(cite): polymer density handbook/default table","buoyant","buoyant",0.5,12.5,8181.23086872342,7363.10778185108,8999.35395559576
514,"MBMS_18_07DEC23_PstDS_1of3_rt",0.637966086,TRUE,"poly(propylene)",1250,50,50,25,2,0.159154943,137.5,7700,125,7700,"confident","17a38af679260002d4c8b20372caaaf4",0.006659165,102,113,115,1,37.5,"<212 µm",18,1,"SLR20231220SS","river water","plastic","sample","San Lorenzo","surface","20231220",2023-12-20,"fragment",50,25,"polypropylene",0.9,"TODO(cite): polymer density handbook/default table","buoyant","buoyant",0.5,12.5,8181.23086872342,7363.10778185108,8999.35395559576
42,"MBMS_18_07DEC23_PstDS_1of3_rt",0.658580081,TRUE,"cellulose derivatives (ether cellulose)",3125,135.3553391,80.90169944,38.6271243,2.094427191,0.466542161,6535,7955,6525,7925,"confident","1c8a6c88bc1f17e9780cd09d007270a7",0.007585926,86,87,82,1,59.76441187,"<212 µm",18,1,"SLR20231220SS","river water","plastic","sample","San Lorenzo","surface","20231220",2023-12-20,"fragment",80.90169944,38.6271243,"cellulose derivatives",1.5,"TODO(cite): polymer density handbook/default table","settling","settling",0.5,19.31356215,31601.7421728583,47402.6132592874,34761.9163901441
45,"MBMS_18_07DEC23_PstDS_1of3_rt",0.657732572,TRUE,"poly(acrylamide/amid)s",4375,170.7106781,80.90169944,54.07797402,1.496019422,0.530070278,6425,8017.857143,6400,8000,"confident","9aa126479d0cf0e609f065e3aa49256a",0.008070011,152,155,160,1,67.48983673,"<212 µm",18,1,"SLR20231220SS","river water","plastic","sample","San Lorenzo","surface","20231220",2023-12-20,"fragment",80.90169944,54.07797402,"polyamide/acrylamide",1.14,"TODO(cite): polymer density handbook/default table","settling","settling",0.5,27.03898701,61939.4146588022,70610.9327110345,68133.3561246824
185,"MBMS_18_07DEC23_PstDS_1of3_rt",0.656725341,TRUE,"poly(acrylamide/amid)s",1875,85.35533906,60.35533906,31.06601718,1.942809042,0.309207662,4408.333333,8108.333333,4400,8100,"confident","545a606fd60fb9a23c5314f651418487",0.008004771,92,93,97,1,45.71067812,"<212 µm",18,1,"SLR20231220SS","river water","plastic","sample","San Lorenzo","surface","20231220",2023-12-20,"fragment",60.35533906,31.06601718,"polyamide/acrylamide",1.14,"TODO(cite): polymer density handbook/default table","settling","settling",0.5,15.53300859,15249.4955244389,17384.4248978604,16774.4450768828
213,"MBMS_18_07DEC23_PstDS_1of3_rt",0.654985371,TRUE,"poly(acrylamide/amid)s",1250,50,50,25,2,0.159154943,3825,8362.5,3825,8350,"confident","0cbf3fb26f73d85fd1d678a4aade4492",0.007592855,189,145,160,1,37.5,"<212 µm",18,1,"SLR20231220SS","river water","plastic","sample","San Lorenzo","surface","20231220",2023-12-20,"fragment",50,25,"polyamide/acrylamide",1.14,"TODO(cite): polymer density handbook/default table","settling","settling",0.5,12.5,8181.23086872342,9326.6031903447,8999.35395559576
273,"MBMS_18_07DEC23_PstDS_1of3_rt",0.629914776,TRUE,"polystyrenes (polyphenylethylenes, -methylstyrene)",1875,85.35533906,60.35533906,31.06601718,1.942809042,0.309207662,3208.333333,8858.333333,3200,8850,"confident","d15888eb1787a2bd2a5a700461ebbc9d",0.006183528,72,76,79,1,45.71067812,"<212 µm",18,1,"SLR20231220SS","river water","plastic","sample","San Lorenzo","surface","20231220",2023-12-20,"fragment",60.35533906,31.06601718,"styrenic polymers",1.05,"TODO(cite): polymer density handbook/default table","settling","settling",0.5,15.53300859,15249.4955244389,16011.9703006609,16774.4450768828
152,"MBMS_18_07DEC23_PstDS_1of3_rt",0.618399094,TRUE,"poly(acrylamide/amid)s",1250,50,50,25,2,0.159154943,4825,9412.5,4825,9400,"confident","545a606fd60fb9a23c5314f651418487",0.007328992,118,120,119,1,37.5,"<212 µm",18,1,"SLR20231220SS","river water","plastic","sample","San Lorenzo","surface","20231220",2023-12-20,"fragment",50,25,"polyamide/acrylamide",1.14,"TODO(cite): polymer density handbook/default table","settling","settling",0.5,12.5,8181.23086872342,9326.6031903447,8999.35395559576
41,"MBMS_18_07DEC23_PstDS_1of3_rt",0.64805983,TRUE,"poly(acrylamide/amid)s",1250,50,50,25,2,0.159154943,6525,9912.5,6525,9900,"confident","170e822d06237fbb896daefb0ac57d34",0.006552155,89,90,94,1,37.5,"<212 µm",18,1,"SLR20231220SS","river water","plastic","sample","San Lorenzo","surface","20231220",2023-12-20,"fragment",50,25,"polyamide/acrylamide",1.14,"TODO(cite): polymer density handbook/default table","settling","settling",0.5,12.5,8181.23086872342,9326.6031903447,8999.35395559576
294,"MBMS_18_07DEC23_PstDS_1of3_rt",0.633602476,TRUE,"poly(propylene)",3125,135.3553391,80.90169944,38.6271243,2.094427191,0.466542161,2990,9980,3000,9950,"confident","d90d8f2ecc800ec3ac907f5d6e4e1f8f",0.0073974,95,96,98,1,59.76441187,"<212 µm",18,1,"SLR20231220SS","river water","plastic","sample","San Lorenzo","surface","20231220",2023-12-20,"fragment",80.90169944,38.6271243,"polypropylene",0.9,"TODO(cite): polymer density handbook/default table","buoyant","buoyant",0.5,19.31356215,31601.7421728583,28441.5679555724,34761.9163901441
252,"MBMS_18_07DEC23_PstDS_1of3_rt",0.635800433,TRUE,"poly(acrylamide/amid)s",3125,135.3553391,80.90169944,38.6271243,2.094427191,0.466542161,3410,10005,3400,9975,"confident","f5bf7f1fae4474135474eb72341fd5c6",0.006941934,162,166,167,1,59.76441187,"<212 µm",18,1,"SLR20231220SS","river water","plastic","sample","San Lorenzo","surface","20231220",2023-12-20,"fragment",80.90169944,38.6271243,"polyamide/acrylamide",1.14,"TODO(cite): polymer density handbook/default table","settling","settling",0.5,19.31356215,31601.7421728583,36025.9860770584,34761.9163901441
525,"MBMS_18_07DEC23_PstDS_1of3_rt",0.64982907,TRUE,"poly(propylene)",4375,216.2570385,125,35,3.571428571,0.850653281,7.142857143,10071.42857,0,10025,"confident","d03a8229a537d74f763763fcb977bdb3",0.009705203,187,32,14,1,80,"<212 µm",18,1,"SLR20231220SS","river water","plastic","sample","San Lorenzo","surface","20231220",2023-12-20,"fiber",125,35,"polypropylene",0.9,"TODO(cite): polymer density handbook/default table","buoyant","buoyant",0.286474508437567,10.0266077953149,120264.093770234,108237.684393211,132290.503147258
145,"MBMS_18_07DEC23_PstDS_1of3_rt",0.643626077,TRUE,"poly(propylene)",3750,150,80.90169944,46.35254916,1.745355992,0.477464829,4987.5,10100,4975,10075,"confident","a2f0c46efef830ad5f73b13103adfc0b",0.007851788,120,120,120,1,63.6271243,"<212 µm",18,1,"SLR20231220SS","river water","plastic","sample","San Lorenzo","surface","20231220",2023-12-20,"fragment",80.90169944,46.35254916,"polypropylene",0.9,"TODO(cite): polymer density handbook/default table","buoyant","buoyant",0.5,23.17627458,45506.5087289159,40955.8578560243,50057.1596018075
312,"MBMS_18_07DEC23_PstDS_1of3_rt",0.618512131,TRUE,"poly(acrylamide/amid)s",1250,50,50,25,2,0.159154943,2825,10587.5,2825,10575,"confident","545a606fd60fb9a23c5314f651418487",0.006509045,172,173,178,1,37.5,"<212 µm",18,1,"SLR20231220SS","river water","plastic","sample","San Lorenzo","surface","20231220",2023-12-20,"fragment",50,25,"polyamide/acrylamide",1.14,"TODO(cite): polymer density handbook/default table","settling","settling",0.5,12.5,8181.23086872342,9326.6031903447,8999.35395559576
453,"MBMS_18_07DEC23_PstDS_1of3_rt",0.657762101,TRUE,"polystyrenes (polyphenylethylenes, -methylstyrene)",5625,258.113883,136.8033989,41.11739947,3.327141323,0.942519486,1000,11825,975,11775,"confident","9ee618a233135f879c03c782844b7a8e",0.006721563,77,78,82,1,88.96039917,"<212 µm",18,1,"SLR20231220SS","river water","plastic","sample","San Lorenzo","surface","20231220",2023-12-20,"fiber",136.8033989,41.11739947,"styrenic polymers",1.05,"TODO(cite): polymer density handbook/default table","settling","settling",0.286474508437567,11.7790868013993,181651.106450242,190733.661772754,199816.217095266
369,"MBMS_18_07DEC23_PstDS_1of3_rt",0.620755987,TRUE,"poly(acrylamide/amid)s",1875,85.35533906,60.35533906,31.06601718,1.942809042,0.309207662,2208.333333,12083.33333,2200,12075,"confident","416032e1a2b57e3d5a4601db541895e4",0.006669225,126,129,134,1,45.71067812,"<212 µm",18,1,"SLR20231220SS","river water","plastic","sample","San Lorenzo","surface","20231220",2023-12-20,"fragment",60.35533906,31.06601718,"polyamide/acrylamide",1.14,"TODO(cite): polymer density handbook/default table","settling","settling",0.5,15.53300859,15249.4955244389,17384.4248978604,16774.4450768828
154,"MBMS_18_07DEC23_PstDS_1of3_rt",0.645652047,TRUE,"poly(propylene)",1250,50,50,25,2,0.159154943,4800,12662.5,4800,12650,"confident","9c433019c880efa82f697e22b760cb09",0.006089815,82,82,80,1,37.5,"<212 µm",18,1,"SLR20231220SS","river water","plastic","sample","San Lorenzo","surface","20231220",2023-12-20,"fragment",50,25,"polypropylene",0.9,"TODO(cite): polymer density handbook/default table","buoyant","buoyant",0.5,12.5,8181.23086872342,7363.10778185108,8999.35395559576
507,"MBMS_18_07DEC23_PstDS_1of3_rt",0.600645439,TRUE,"poly(acrylamide/amid)s",2500,130.9016994,80.90169944,30.90169944,2.618033989,0.545432104,218.75,12918.75,200,12900,"confident","0cbf3fb26f73d85fd1d678a4aade4492",0.006628778,67,67,69,1,55.90169944,"<212 µm",18,1,"SLR20231220SS","river water","plastic","sample","San Lorenzo","surface","20231220",2023-12-20,"fragment",80.90169944,30.90169944,"polyamide/acrylamide",1.14,"TODO(cite): polymer density handbook/default table","settling","settling",0.5,15.45084972,20225.1149906293,23056.6310893174,22247.6264896922
268,"MBMS_18_07DEC23_PstDS_1of3_rt",0.655049235,TRUE,"poly(ethylene)",6875,285.3553391,152.4754878,45.08921465,3.381639912,0.942517535,3211.363636,13168.18182,3200,13100,"confident","57bbcb3969a2b0f48ea36a099884971f",0.009116538,81,82,86,1,98.78235124,"<212 µm",18,1,"SLR20231220SS","river water","plastic","sample","San Lorenzo","surface","20231220",2023-12-20,"fiber",152.4754878,45.08921465,"polyethylene",0.94,"TODO(cite): polymer density handbook/default table","buoyant","buoyant",0.286474508437567,12.9169106026947,243464.281268117,228856.42439203,267810.709394929
400,"MBMS_18_07DEC23_PstDS_1of3_rt",0.657607726,TRUE,"poly(propylene)",2500,100,60.35533906,41.42135624,1.457106781,0.318309886,1787.5,14712.5,1775,14700,"confident","34ab79d14ca5df107f379342923d6a41",0.006769578,83,79,76,1,50.88834765,"<212 µm",18,1,"SLR20231220SS","river water","plastic","sample","San Lorenzo","surface","20231220",2023-12-20,"fragment",60.35533906,41.42135624,"polypropylene",0.9,"TODO(cite): polymer density handbook/default table","buoyant","buoyant",0.5,20.71067812,27110.2142656692,24399.1928391023,29821.2356922362
308,"MBMS_18_07DEC23_PstDS_2of3_lft",0.627012367,TRUE,"polyhaloolefins (vinylhalides)",6250,330.6693191,159.6291202,39.15325721,4.077032961,1.392188111,4407.5,5905,4375,5850,"confident","205189c66fd58a74b44b874add35a63d",0.007270022,102,105,114,1,99.39118869,"<212 µm",18,1,"SLR20231220SS","river water","plastic","sample","San Lorenzo","surface","20231220",2023-12-20,"fiber",159.6291202,39.15325721,"halogenated vinyl polymers",1.35,"TODO(cite): polymer density handbook/default table","settling","settling",0.286474508437567,11.2164101129644,192193.101941459,259460.687620969,211412.412135605
12,"MBMS_18_07DEC23_PstDS_2of3_lft",0.658813203,TRUE,"poly(propylene)",35625,802.1064985,375.8917212,94.7746332,3.966163819,1.437140845,7454.385965,6488.596491,7450,6325,"confident","8670bb9668f58c4be8cef8dd11afa389",0.018882092,75,112,118,1,235.3331772,"212-500 µm",18,1,"SLR20231220SS","river water","plastic","sample","San Lorenzo","surface","20231220",2023-12-20,"fiber",375.8917212,94.7746332,"polypropylene",0.9,"TODO(cite): polymer density handbook/default table","buoyant","buoyant",0.286474508437567,27.1505164583208,2651776.1890743,2386598.57016687,2916953.80798174
531,"MBMS_18_07DEC23_PstDS_2of3_lft",0.651223288,TRUE,"poly(acrylamide/amid)s",1250,50,50,25,2,0.159154943,1625,6362.5,1625,6350,"confident","42a55d344131d3bf09d57ac25d37585f",0.006670537,106,107,109,1,37.5,"<212 µm",18,1,"SLR20231220SS","river water","plastic","sample","San Lorenzo","surface","20231220",2023-12-20,"fragment",50,25,"polyamide/acrylamide",1.14,"TODO(cite): polymer density handbook/default table","settling","settling",0.5,12.5,8181.23086872342,9326.6031903447,8999.35395559576
428,"MBMS_18_07DEC23_PstDS_2of3_lft",0.657104454,TRUE,"poly(propylene)",1875,85.35533906,60.35533906,31.06601718,1.942809042,0.309207662,3183.333333,7641.666667,3175,7625,"confident","d1519da1702a901ebdf9f03abcd2c5cb",0.006905551,168,169,171,1,45.71067812,"<212 µm",18,1,"SLR20231220SS","river water","plastic","sample","San Lorenzo","surface","20231220",2023-12-20,"fragment",60.35533906,31.06601718,"polypropylene",0.9,"TODO(cite): polymer density handbook/default table","buoyant","buoyant",0.5,15.53300859,15249.4955244389,13724.5459719951,16774.4450768828
438,"MBMS_18_07DEC23_PstDS_2of3_lft",0.636663147,TRUE,"polystyrenes (polyphenylethylenes, -methylstyrene)",36875,844.0266094,373.2097069,98.80503994,3.777233501,1.537341619,2773.728814,9043.644068,2775,8950,"confident","3f8857e035652a184d3b47d89f151207",0.010232202,125,128,133,1,236.0073734,"212-500 µm",18,1,"SLR20231220SS","river water","plastic","sample","San Lorenzo","surface","20231220",2023-12-20,"fiber",373.2097069,98.80503994,"styrenic polymers",1.05,"TODO(cite): polymer density handbook/default table","settling","settling",0.286474508437567,28.3051252479657,2861547.82301774,3004625.21416862,3147702.60531951
366,"MBMS_18_07DEC23_PstDS_2of3_lft",0.650731562,TRUE,"polystyrenes (polyphenylethylenes, -methylstyrene)",6250,232.514077,104.0569415,60.06326834,1.732455532,0.688348898,3910,9192.5,3925,9150,"confident","3f8857e035652a184d3b47d89f151207",0.009074671,114,121,127,1,82.06010492,"<212 µm",18,1,"SLR20231220SS","river water","plastic","sample","San Lorenzo","surface","20231220",2023-12-20,"fragment",104.0569415,60.06326834,"styrenic polymers",1.05,"TODO(cite): polymer density handbook/default table","settling","settling",0.5,30.03163417,98278.2930032047,103192.207653365,108106.122303525
278,"MBMS_18_07DEC23_PstDS_2of3_lft",0.654039366,TRUE,"poly(propylene)",5000,185.3553391,95.71067812,52.24077499,1.832106781,0.546802299,4796.875,9503.125,4775,9475,"confident","ce50f6e46198066847def3525d475688",0.008101935,101,101,109,1,73.97572656,"<212 µm",18,1,"SLR20231220SS","river water","plastic","sample","San Lorenzo","surface","20231220",2023-12-20,"fragment",95.71067812,52.24077499,"polypropylene",0.9,"TODO(cite): polymer density handbook/default table","buoyant","buoyant",0.5,26.120387495,68383.0145500392,61544.7130950353,75221.3160050431
168,"MBMS_18_07DEC23_PstDS_2of3_lft",0.622440037,TRUE,"polyhaloolefins (vinylhalides)",1875,85.35533906,60.35533906,31.06601718,1.942809042,0.309207662,5741.666667,9666.666667,5750,9650,"confident","7c90ca3882ee713a2a8ec528f81f4297",0.008086798,77,84,92,1,45.71067812,"<212 µm",18,1,"SLR20231220SS","river water","plastic","sample","San Lorenzo","surface","20231220",2023-12-20,"fragment",60.35533906,31.06601718,"halogenated vinyl polymers",1.35,"TODO(cite): polymer density handbook/default table","settling","settling",0.5,15.53300859,15249.4955244389,20586.8189579926,16774.4450768828
231,"MBMS_18_07DEC23_PstDS_2of3_lft",0.626090331,TRUE,"poly(esters/ethers/diglycidylethers/terephthalates)s",5625,247.1587379,136.8033989,41.11739947,3.327141323,0.864210517,5227.777778,9794.444444,5200,9750,"confident","43d8104ad698cfa9ab2287d73beb4894",0.006606589,102,105,112,1,88.96039917,"<212 µm",18,1,"SLR20231220SS","river water","plastic","sample","San Lorenzo","surface","20231220",2023-12-20,"fiber",136.8033989,41.11739947,"polyester/PET",1.38,"TODO(cite): polymer density handbook/default table","settling","settling",0.286474508437567,11.7790868013993,181651.106450242,250678.526901334,199816.217095266
406,"MBMS_18_07DEC23_PstDS_2of3_lft",0.651762141,TRUE,"poly(acrylamide/amid)s",61250,1016.435444,437.3105626,140.0606462,3.122294337,1.342281624,3123.72449,10081.37755,3075,9975,"confident","37e7b99cbb7e394dd7a06a465b34c761",0.026575422,179,183,186,1,288.6856044,"212-500 µm",18,1,"SLR20231220SS","river water","plastic","sample","San Lorenzo","surface","20231220",2023-12-20,"fiber",437.3105626,140.0606462,"polyamide/acrylamide",1.14,"TODO(cite): polymer density handbook/default table","settling","settling",0.286474508437567,40.123804771593,6737706.67390909,7680985.60825637,7411477.3413
497,"MBMS_18_07DEC23_PstDS_2of3_lft",0.651123108,TRUE,"poly(ethylene)",8750,270.7106781,131.0660172,66.76024944,1.963234384,0.666488801,2012.5,10637.5,1975,10600,"confident","974c3d4bd2ad2b3e126cf2c6435502bf",0.009614163,125,129,128,1,98.91313331,"<212 µm",18,1,"SLR20231220SS","river water","plastic","sample","San Lorenzo","surface","20231220",2023-12-20,"fragment",131.0660172,66.76024944,"polyethylene",0.94,"TODO(cite): polymer density handbook/default table","buoyant","buoyant",0.5,33.38012472,152930.683810325,143754.842781705,168223.752191357
515,"MBMS_18_07DEC23_PstDS_2of3_lft",0.621497535,TRUE,"poly(esters/ethers/diglycidylethers/terephthalates)s",16875,508.9621368,226.5564437,74.48474969,3.041648722,1.221567036,1674.074074,10775,1650,10700,"confident","5bd80973de050687e00bc4d5f611e086",0.010356025,105,103,106,1,150.5205967,"<212 µm",18,1,"SLR20231220SS","river water","plastic","sample","San Lorenzo","surface","20231220",2023-12-20,"fiber",226.5564437,74.48474969,"polyester/PET",1.38,"TODO(cite): polymer density handbook/default table","settling","settling",0.286474508437567,21.337982053538,987190.632108591,1362323.07230986,1085909.69531945
129,"MBMS_18_07DEC23_PstDS_2of3_lft",0.640454261,TRUE,"poly(acrylamide/amid)s",7500,251.6123776,115.1387819,65.13878189,1.767591879,0.671727109,6087.5,10908.33333,6050,10875,"confident","42a55d344131d3bf09d57ac25d37585f",0.009351729,162,166,165,1,90.13878189,"<212 µm",18,1,"SLR20231220SS","river water","plastic","sample","San Lorenzo","surface","20231220",2023-12-20,"fragment",115.1387819,65.13878189,"polyamide/acrylamide",1.14,"TODO(cite): polymer density handbook/default table","settling","settling",0.5,32.569390945,127899.699177444,145805.657062286,140689.669095189
300,"MBMS_18_07DEC23_PstDS_2of3_lft",0.616714256,TRUE,"polystyrenes (polyphenylethylenes, -methylstyrene)",8125,306.0660172,152.4754878,53.28725368,2.861387617,0.917480813,4444.230769,14401.92308,4425,14350,"confident","975e5af53ac724c98b816c1935208696",0.008285203,99,101,98,1,102.8813708,"<212 µm",18,1,"SLR20231220SS","river water","plastic","sample","San Lorenzo","surface","20231220",2023-12-20,"fragment",152.4754878,53.28725368,"styrenic polymers",1.05,"TODO(cite): polymer density handbook/default table","settling","settling",0.5,26.64362684,113348.384403646,119015.803623828,124683.222844011
85,"MBMS_18_07DEC23_PstDS_2of3_lft",0.65454029,TRUE,"poly(propylene)",26875,708.9590046,330.1638904,81.39896815,4.056118866,1.488277475,6465.697674,14658.72093,6400,14500,"confident","3dea6d6031c660a05d94cefa4f37d49b",0.011496769,94,95,97,1,205.7814293,"<212 µm",18,1,"SLR20231220SS","river water","plastic","sample","San Lorenzo","surface","20231220",2023-12-20,"fiber",330.1638904,81.39896815,"polypropylene",0.9,"TODO(cite): polymer density handbook/default table","buoyant","buoyant",0.286474508437567,23.3187293880965,1718134.87728327,1546321.38955494,1889948.3650116
94,"MBMS_18_07DEC23_PstDS_2of3_lft",0.637249246,TRUE,"poly(propylene)",8750,450.7558615,226.5564437,38.62172206,5.866036821,1.847842062,6385.714286,14900,6425,14825,"confident","bd8a53a01b0b4361588ce1ff79cce17d",0.007122834,84,84,86,1,132.5890829,"<212 µm",18,1,"SLR20231220SS","river water","plastic","sample","San Lorenzo","surface","20231220",2023-12-20,"fiber",226.5564437,38.62172206,"polypropylene",0.9,"TODO(cite): polymer density handbook/default table","buoyant","buoyant",0.286474508437567,11.0641388421509,265417.508749575,238875.757874617,291959.259624532
206,"MBMS_18_07DEC23_PstDS_2of3_rt",0.651670908,TRUE,"poly(acrylamide/amid)s",11250,341.4213562,166.4213562,67.59949717,2.461872694,0.824553767,2198.611111,7298.611111,2200,7250,"confident","37e7b99cbb7e394dd7a06a465b34c761",0.009845141,107,111,97,1,117.0104267,"<212 µm",18,1,"SLR20231220SS","river water","plastic","sample","San Lorenzo","surface","20231220",2023-12-20,"fragment",166.4213562,67.59949717,"polyamide/acrylamide",1.14,"TODO(cite): polymer density handbook/default table","settling","settling",0.5,33.799748585,199096.953419875,226970.526898657,219006.648761862
307,"MBMS_18_07DEC23_PstDS_2of3_rt",0.628718513,TRUE,"polyurethanes (isocyanates)",5625,206.0660172,104.0569415,54.0569415,1.924950591,0.600731442,22.22222222,9166.666667,25,9125,"confident","72d28c0e1bd154daa6905ada7ea2470a",0.009936856,155,45,46,1,79.0569415,"<212 µm",18,1,"SLR20231220SS","river water","plastic","sample","San Lorenzo","surface","20231220",2023-12-20,"fragment",104.0569415,54.0569415,"polyurethane",1.2,"TODO(cite): polymer density handbook/default table","settling","settling",0.5,27.02847075,79605.4173149244,95526.5007779092,87565.9590464168
199,"MBMS_18_07DEC23_PstDS_2of3_rt",0.621163006,TRUE,"poly(acrylamide/amid)s",3125,135.3553391,80.90169944,38.6271243,2.094427191,0.466542161,2310,9520,2300,9500,"confident","37e7b99cbb7e394dd7a06a465b34c761",0.007692194,138,139,141,1,59.76441187,"<212 µm",18,1,"SLR20231220SS","river water","plastic","sample","San Lorenzo","surface","20231220",2023-12-20,"fragment",80.90169944,38.6271243,"polyamide/acrylamide",1.14,"TODO(cite): polymer density handbook/default table","settling","settling",0.5,19.31356215,31601.7421728583,36025.9860770584,34761.9163901441
279,"MBMS_18_07DEC23_PstDS_2of3_rt",0.649625274,TRUE,"poly(acrylamide/amid)s",4375,170.7106781,80.90169944,54.07797402,1.496019422,0.530070278,442.8571429,11275,425,11250,"confident","6fa0265ac44bbc9c661e888abc57525e",0.00870034,71,71,81,1,67.48983673,"<212 µm",18,1,"SLR20231220SS","river water","plastic","sample","San Lorenzo","surface","20231220",2023-12-20,"fragment",80.90169944,54.07797402,"polyamide/acrylamide",1.14,"TODO(cite): polymer density handbook/default table","settling","settling",0.5,27.03898701,61939.4146588022,70610.9327110345,68133.3561246824
138,"MBMS_18_07DEC23_PstDS_2of3_rt",0.658872114,TRUE,"poly(propylene)",2500,120.7106781,75,33.33333333,2.25,0.463811494,3425,14193.75,3425,14175,"confident","a44e7a5f53cfbb2922b674face7a9b3e",0.007666755,112,110,97,1,54.16666667,"<212 µm",18,1,"SLR20231220SS","river water","plastic","sample","San Lorenzo","surface","20231220",2023-12-20,"fragment",75,33.33333333,"polypropylene",0.9,"TODO(cite): polymer density handbook/default table","buoyant","buoyant",0.5,16.666666665,21816.6156455658,19634.9540810092,23998.2772101224
597,"MBMS_18_07DEC23_PstDS_3of3_lft",0.619902195,TRUE,"poly(ethylene)",1250,50,50,25,2,0.159154943,1950,337.5,1950,325,"confident","f09b5b1cae34819389ce9faa10d5f9ce",0.007255855,85,86,81,1,37.5,"<212 µm",18,1,"SLR20231220SS","river water","plastic","sample","San Lorenzo","surface","20231220",2023-12-20,"fragment",50,25,"polyethylene",0.94,"TODO(cite): polymer density handbook/default table","buoyant","buoyant",0.5,12.5,8181.23086872342,7690.35701660001,8999.35395559576
404,"MBMS_18_07DEC23_PstDS_3of3_lft",0.63153814,TRUE,"poly(propylene)",1875,116.2570385,80.90169944,23.17627458,3.490711985,0.573624081,3875,366.6666667,3850,350,"confident","b215c5e85857daa4a63039443cb80e68",0.006156536,61,62,57,1,52.03898701,"<212 µm",18,1,"SLR20231220SS","river water","plastic","sample","San Lorenzo","surface","20231220",2023-12-20,"fiber",80.90169944,23.17627458,"polypropylene",0.9,"TODO(cite): polymer density handbook/default table","buoyant","buoyant",0.286474508437567,6.63941186771959,34129.8815466869,30716.8933920182,37542.8697013556
447,"MBMS_18_07DEC23_PstDS_3of3_lft",0.64667131,TRUE,"poly(ethylene)",1250,50,50,25,2,0.159154943,3550,1637.5,3550,1625,"confident","17470d9e53eb8e20af24fb217d14e119",0.006135274,59,58,53,1,37.5,"<212 µm",18,1,"SLR20231220SS","river water","plastic","sample","San Lorenzo","surface","20231220",2023-12-20,"fragment",50,25,"polyethylene",0.94,"TODO(cite): polymer density handbook/default table","buoyant","buoyant",0.5,12.5,8181.23086872342,7690.35701660001,8999.35395559576
563,"MBMS_18_07DEC23_PstDS_3of3_lft",0.65535142,TRUE,"poly(propylene)",1250,50,50,25,2,0.159154943,2400,1862.5,2400,1850,"confident","996b47bead32bd9596a35dd21f48d7f7",0.00775945,64,63,59,1,37.5,"<212 µm",18,1,"SLR20231220SS","river water","plastic","sample","San Lorenzo","surface","20231220",2023-12-20,"fragment",50,25,"polypropylene",0.9,"TODO(cite): polymer density handbook/default table","buoyant","buoyant",0.5,12.5,8181.23086872342,7363.10778185108,8999.35395559576
325,"MBMS_18_07DEC23_PstDS_3of3_lft",0.619176138,TRUE,"polyvinylesters",2500,100,60.35533906,41.42135624,1.457106781,0.318309886,4637.5,3462.5,4625,3450,"confident","7a7fac7da66e95670c292383ba3ecf3e",0.00784304,111,115,116,1,50.88834765,"<212 µm",18,1,"SLR20231220SS","river water","plastic","sample","San Lorenzo","surface","20231220",2023-12-20,"fragment",60.35533906,41.42135624,"vinyl polymers",1.25,"TODO(cite): polymer density handbook/default table","settling","settling",0.5,20.71067812,27110.2142656692,33887.7678320866,29821.2356922362
324,"MBMS_18_07DEC23_PstDS_3of3_lft",0.648263889,TRUE,"poly(propylene)",6250,220.7106781,115.1387819,54.28231824,2.121110255,0.62023577,4625,3687.5,4600,3650,"confident","e72dacd1aade1ab4a96bb7327ea38344",0.010173653,101,102,104,1,84.71055006,"<212 µm",18,1,"SLR20231220SS","river water","plastic","sample","San Lorenzo","surface","20231220",2023-12-20,"fragment",115.1387819,54.28231824,"polypropylene",0.9,"TODO(cite): polymer density handbook/default table","buoyant","buoyant",0.5,27.14115912,88819.2355344377,79937.3119809939,97701.1590878815
383,"MBMS_18_07DEC23_PstDS_3of3_lft",0.637636126,TRUE,"poly(esters/ethers/diglycidylethers/terephthalates)s",2500,120.7106781,80.90169944,30.90169944,2.618033989,0.463811494,4075,4412.5,4050,4400,"confident","9be386a75ecafc02e4d252e9ad91ee10",0.00770527,77,78,73,1,55.90169944,"<212 µm",18,1,"SLR20231220SS","river water","plastic","sample","San Lorenzo","surface","20231220",2023-12-20,"fragment",80.90169944,30.90169944,"polyester/PET",1.38,"TODO(cite): polymer density handbook/default table","settling","settling",0.5,15.45084972,20225.1149906293,27910.6586870684,22247.6264896922
418,"MBMS_18_07DEC23_PstDS_3of3_lft",0.645138308,TRUE,"poly(acrylamide/amid)s",1250,50,50,25,2,0.159154943,3812.5,4500,3800,4500,"confident","ce7dfdf9721d555f17ea219d7f945e33",0.007575721,122,123,118,1,37.5,"<212 µm",18,1,"SLR20231220SS","river water","plastic","sample","San Lorenzo","surface","20231220",2023-12-20,"fragment",50,25,"polyamide/acrylamide",1.14,"TODO(cite): polymer density handbook/default table","settling","settling",0.5,12.5,8181.23086872342,9326.6031903447,8999.35395559576
464,"MBMS_18_07DEC23_PstDS_3of3_lft",0.655820641,TRUE,"polystyrenes (polyphenylethylenes, -methylstyrene)",20625,695.0468632,350,58.92857143,5.939393939,1.863907493,3412.121212,5078.030303,3425,4925,"confident","3f8857e035652a184d3b47d89f151207",0.008086405,69,68,63,1,204.4642857,"<212 µm",18,1,"SLR20231220SS","river water","plastic","sample","San Lorenzo","surface","20231220",2023-12-20,"fiber",350,58.92857143,"styrenic polymers",1.05,"TODO(cite): polymer density handbook/default table","settling","settling",0.286474508437567,16.8815335333373,954574.330336261,1002303.04685307,1050031.76336989
588,"MBMS_18_07DEC23_PstDS_3of3_lft",0.648003513,TRUE,"poly(propylene)",27500,586.0312001,238.6000936,115.2556128,2.070181988,0.993799831,2015.340909,6227.272727,2075,6150,"confident","40dd9cc5105e7c92ee58169679f8ea13",0.018672761,100,103,84,1,176.9278532,"<212 µm",18,1,"SLR20231220SS","river water","plastic","sample","San Lorenzo","surface","20231220",2023-12-20,"fragment",238.6000936,115.2556128,"polypropylene",0.9,"TODO(cite): polymer density handbook/default table","buoyant","buoyant",0.5,57.6278064,829780.844025544,746802.75962299,912758.928428099
109,"MBMS_18_07DEC23_PstDS_3of3_lft",0.654086836,TRUE,"polyurethanes (isocyanates)",2500,100,60.35533906,41.42135624,1.457106781,0.318309886,6712.5,6387.5,6700,6375,"confident","967b8857b16c7c6329490b839c5edca5",0.007016141,72,72,64,1,50.88834765,"<212 µm",18,1,"SLR20231220SS","river water","plastic","sample","San Lorenzo","surface","20231220",2023-12-20,"fragment",60.35533906,41.42135624,"polyurethane",1.2,"TODO(cite): polymer density handbook/default table","settling","settling",0.5,20.71067812,27110.2142656692,32532.2571188031,29821.2356922362
180,"MBMS_18_07DEC23_PstDS_3of3_lft",0.612233065,TRUE,"poly(propylene)",1250,50,50,25,2,0.159154943,5950,6462.5,5950,6450,"confident","1176330e0404dab42be1a96db223e00e",0.006308233,97,97,85,1,37.5,"<212 µm",18,1,"SLR20231220SS","river water","plastic","sample","San Lorenzo","surface","20231220",2023-12-20,"fragment",50,25,"polypropylene",0.9,"TODO(cite): polymer density handbook/default table","buoyant","buoyant",0.5,12.5,8181.23086872342,7363.10778185108,8999.35395559576
270,"MBMS_18_07DEC23_PstDS_3of3_lft",0.636832258,TRUE,"poly(ethylene)",3750,156.0660172,80.90169944,46.35254916,1.745355992,0.516863141,5045.833333,6745.833333,5025,6725,"confident","974c3d4bd2ad2b3e126cf2c6435502bf",0.007322204,89,94,88,1,63.6271243,"<212 µm",18,1,"SLR20231220SS","river water","plastic","sample","San Lorenzo","surface","20231220",2023-12-20,"fragment",80.90169944,46.35254916,"polyethylene",0.94,"TODO(cite): polymer density handbook/default table","buoyant","buoyant",0.5,23.17627458,45506.5087289159,42776.1182051809,50057.1596018075
594,"MBMS_18_07DEC23_PstDS_3of3_lft",0.648908277,TRUE,"polyurethanes (isocyanates)",19375,600.4580404,275,70.45454545,3.903225806,1.480859153,1890.322581,7760.483871,1800,7675,"confident","72d28c0e1bd154daa6905ada7ea2470a",0.010380523,93,93,91,1,172.7272727,"<212 µm",18,1,"SLR20231220SS","river water","plastic","sample","San Lorenzo","surface","20231220",2023-12-20,"fiber",275,70.45454545,"polyurethane",1.2,"TODO(cite): polymer density handbook/default table","settling","settling",0.286474508437567,20.183431274981,1072113.11779483,1286535.74135379,1179324.42957431
63,"MBMS_18_07DEC23_PstDS_3of3_lft",0.643600254,TRUE,"poly(propylene)",1250,50,50,25,2,0.159154943,7125,7837.5,7125,7825,"confident","e72dacd1aade1ab4a96bb7327ea38344",0.006515771,76,78,73,1,37.5,"<212 µm",18,1,"SLR20231220SS","river water","plastic","sample","San Lorenzo","surface","20231220",2023-12-20,"fragment",50,25,"polypropylene",0.9,"TODO(cite): polymer density handbook/default table","buoyant","buoyant",0.5,12.5,8181.23086872342,7363.10778185108,8999.35395559576
137,"MBMS_18_07DEC23_PstDS_3of3_lft",0.655469355,TRUE,"poly(acrylamide/amid)s",3125,135.3553391,80.90169944,38.6271243,2.094427191,0.466542161,6410,7930,6400,7900,"confident","37e7b99cbb7e394dd7a06a465b34c761",0.008274101,73,75,74,1,59.76441187,"<212 µm",18,1,"SLR20231220SS","river water","plastic","sample","San Lorenzo","surface","20231220",2023-12-20,"fragment",80.90169944,38.6271243,"polyamide/acrylamide",1.14,"TODO(cite): polymer density handbook/default table","settling","settling",0.5,19.31356215,31601.7421728583,36025.9860770584,34761.9163901441
644,"MBMS_18_07DEC23_PstDS_3of3_lft",0.632491752,TRUE,"polyhaloolefins (vinylhalides)",10000,314.4122806,150,66.66666667,2.25,0.786663749,1157.8125,8501.5625,1125,8450,"confident","ce2a423d2adca513d9da4561450f3f97",0.013119269,79,78,73,1,108.3333333,"<212 µm",18,1,"SLR20231220SS","river water","plastic","sample","San Lorenzo","surface","20231220",2023-12-20,"fragment",150,66.66666667,"halogenated vinyl polymers",1.35,"TODO(cite): polymer density handbook/default table","settling","settling",0.5,33.333333335,174532.925216886,235619.449042796,191986.217738575
567,"MBMS_18_07DEC23_PstDS_3of3_lft",0.627413147,TRUE,"polyhaloolefins (vinylhalides)",1250,50,50,25,2,0.159154943,2350,8487.5,2350,8475,"confident","8e8af4676fc44506915ffda6cacd033a",0.00653782,89,87,92,1,37.5,"<212 µm",18,1,"SLR20231220SS","river water","plastic","sample","San Lorenzo","surface","20231220",2023-12-20,"fragment",50,25,"halogenated vinyl polymers",1.35,"TODO(cite): polymer density handbook/default table","settling","settling",0.5,12.5,8181.23086872342,11044.6616727766,8999.35395559576
313,"MBMS_18_07DEC23_PstDS_3of3_lft",0.648924488,TRUE,"poly(propylene)",26875,706.3444037,301.1340254,89.24597598,3.374202838,1.47732035,4633.72093,8920.930233,4625,8750,"confident","e72dacd1aade1ab4a96bb7327ea38344",0.017596837,88,83,79,1,195.1900007,"<212 µm",18,1,"SLR20231220SS","river water","plastic","sample","San Lorenzo","surface","20231220",2023-12-20,"fiber",301.1340254,89.24597598,"polypropylene",0.9,"TODO(cite): polymer density handbook/default table","buoyant","buoyant",0.286474508437567,25.5666970989014,1883766.18851248,1695389.56966123,2072142.80736373
87,"MBMS_18_07DEC23_PstDS_3of3_lft",0.656720484,TRUE,"poly(acrylamide/amid)s",6250,220.7106781,115.1387819,54.28231824,2.121110255,0.62023577,6900,9387.5,6875,9350,"confident","42a55d344131d3bf09d57ac25d37585f",0.009985011,75,72,63,1,84.71055006,"<212 µm",18,1,"SLR20231220SS","river water","plastic","sample","San Lorenzo","surface","20231220",2023-12-20,"fragment",115.1387819,54.28231824,"polyamide/acrylamide",1.14,"TODO(cite): polymer density handbook/default table","settling","settling",0.5,27.14115912,88819.2355344377,101253.928509259,97701.1590878815
290,"MBMS_18_07DEC23_PstDS_3of3_lft",0.611432481,TRUE,"poly(esters/ethers/diglycidylethers/terephthalates)s",1250,70.71067812,60.35533906,20.71067812,2.914213562,0.318309886,4887.5,9637.5,4875,9625,"confident","1b23e42c089c0ebee718d86c8b34ade5",0.006491818,81,78,69,1,40.53300859,"<212 µm",18,1,"SLR20231220SS","river water","plastic","sample","San Lorenzo","surface","20231220",2023-12-20,"fragment",60.35533906,20.71067812,"polyester/PET",1.38,"TODO(cite): polymer density handbook/default table","settling","settling",0.5,10.35533906,6777.55356641731,9353.02392165589,7455.30892305904
247,"MBMS_18_07DEC23_PstDS_3of3_lft",0.630596486,TRUE,"polyurethanes (isocyanates)",1875,85.35533906,60.35533906,31.06601718,1.942809042,0.309207662,5291.666667,9783.333333,5275,9775,"confident","c75c5cfbc83558b5ec940ffc9763d100",0.008754464,77,76,72,1,45.71067812,"<212 µm",18,1,"SLR20231220SS","river water","plastic","sample","San Lorenzo","surface","20231220",2023-12-20,"fragment",60.35533906,31.06601718,"polyurethane",1.2,"TODO(cite): polymer density handbook/default table","settling","settling",0.5,15.53300859,15249.4955244389,18299.3946293267,16774.4450768828
195,"MBMS_18_07DEC23_PstDS_3of3_lft",0.619265259,TRUE,"polyhaloolefins (vinylhalides)",8125,270.7106781,128.0776406,63.43808302,2.018939327,0.71775717,5803.846154,9825,5800,9775,"confident","5a99911a2468e2ea81d5fe5c5b13c164",0.010222375,85,85,83,1,95.75786183,"<212 µm",18,1,"SLR20231220SS","river water","plastic","sample","San Lorenzo","surface","20231220",2023-12-20,"fragment",128.0776406,63.43808302,"halogenated vinyl polymers",1.35,"TODO(cite): polymer density handbook/default table","settling","settling",0.5,31.71904151,134940.416751153,182169.562614056,148434.458426268
475,"MBMS_18_07DEC23_PstDS_3of3_lft",0.658135947,TRUE,"poly(propylene)",7500,261.8033989,131.0660172,57.22307095,2.290440115,0.727242806,3185.416667,9935.416667,3150,9900,"confident","e58b30f5cf6c4238c187f7fd5f8c5f2f",0.009963687,80,80,72,1,94.14454406,"<212 µm",18,1,"SLR20231220SS","river water","plastic","sample","San Lorenzo","surface","20231220",2023-12-20,"fragment",131.0660172,57.22307095,"polypropylene",0.9,"TODO(cite): polymer density handbook/default table","buoyant","buoyant",0.5,28.611535475,112357.237090746,101121.513381672,123592.960799821
586,"MBMS_18_07DEC23_PstDS_3of3_lft",0.641455417,TRUE,"poly(propylene)",9375,361.5710185,183.113883,51.19764731,3.576607376,1.109701274,2050,9991.666667,2075,9950,"confident","e58b30f5cf6c4238c187f7fd5f8c5f2f",0.009225442,87,83,84,1,117.1557652,"<212 µm",18,1,"SLR20231220SS","river water","plastic","sample","San Lorenzo","surface","20231220",2023-12-20,"fiber",183.113883,51.19764731,"polypropylene",0.9,"TODO(cite): polymer density handbook/default table","buoyant","buoyant",0.286474508437567,14.6668208462922,376973.795296545,339276.415766891,414671.1748262
7,"MBMS_18_07DEC23_PstDS_3of3_lft",0.637668852,TRUE,"poly(ethylene)",48125,899.5575039,382.9455266,125.6706154,3.047216132,1.338065135,7392.207792,10790.58442,7375,10625,"confident","974c3d4bd2ad2b3e126cf2c6435502bf",0.016620224,82,69,60,1,254.308071,"212-500 µm",18,1,"SLR20231220SS","river water","plastic","sample","San Lorenzo","surface","20231220",2023-12-20,"fiber",382.9455266,125.6706154,"polyethylene",0.94,"TODO(cite): polymer density handbook/default table","buoyant","buoyant",0.286474508437567,36.0014277717616,4750008.26842865,4465007.77232293,5225009.09527152
315,"MBMS_18_07DEC23_PstDS_3of3_lft",0.631849222,TRUE,"poly(esters/ethers/diglycidylethers/terephthalates)s",21250,514.4432045,231.1552813,91.92954572,2.514483015,0.991073973,4622.794118,11338.97059,4600,11250,"confident","ff3b919e7b978aaa8441f495e844a9e0",0.017993996,80,78,79,1,161.5424135,"<212 µm",18,1,"SLR20231220SS","river water","plastic","sample","San Lorenzo","surface","20231220",2023-12-20,"fragment",231.1552813,91.92954572,"polyester/PET",1.38,"TODO(cite): polymer density handbook/default table","settling","settling",0.5,45.96477286,511425.849307239,705767.67204399,562568.434237963
281,"MBMS_18_07DEC23_PstDS_3of3_lft",0.648013424,TRUE,"poly(ethylene)",1875,85.35533906,60.35533906,31.06601718,1.942809042,0.309207662,5008.333333,12341.66667,5000,12325,"confident","974c3d4bd2ad2b3e126cf2c6435502bf",0.006691704,75,76,70,1,45.71067812,"<212 µm",18,1,"SLR20231220SS","river water","plastic","sample","San Lorenzo","surface","20231220",2023-12-20,"fragment",60.35533906,31.06601718,"polyethylene",0.94,"TODO(cite): polymer density handbook/default table","buoyant","buoyant",0.5,15.53300859,15249.4955244389,14334.5257929726,16774.4450768828
246,"MBMS_18_07DEC23_PstDS_3of3_lft",0.658851524,TRUE,"polyurethanes (isocyanates)",3125,135.3553391,80.90169944,38.6271243,2.094427191,0.466542161,5285,12480,5275,12450,"confident","72d28c0e1bd154daa6905ada7ea2470a",0.008502561,62,63,65,1,59.76441187,"<212 µm",18,1,"SLR20231220SS","river water","plastic","sample","San Lorenzo","surface","20231220",2023-12-20,"fragment",80.90169944,38.6271243,"polyurethane",1.2,"TODO(cite): polymer density handbook/default table","settling","settling",0.5,19.31356215,31601.7421728583,37922.0906074299,34761.9163901441
183,"MBMS_18_07DEC23_PstDS_3of3_rt",0.648165609,TRUE,"poly(acrylamide/amid)s",25000,544.7520789,226.5564437,110.3477773,2.053112887,0.944599953,4898.125,2365.625,4900,2300,"confident","51386674566045b34d365dbac53e8a5c",0.019249123,92,89,80,1,168.4521105,"<212 µm",18,1,"SLR20231220SS","river water","plastic","sample","San Lorenzo","surface","20231220",2023-12-20,"fragment",226.5564437,110.3477773,"polyamide/acrylamide",1.14,"TODO(cite): polymer density handbook/default table","settling","settling",0.5,55.17388865,722224.513417285,823335.945295705,794446.964759014
433,"MBMS_18_07DEC23_PstDS_3of3_rt",0.653853835,TRUE,"poly(esters/ethers/diglycidylethers/terephthalates)s",1250,50,50,25,2,0.159154943,2550,3962.5,2550,3950,"confident","96bfb5cff00985f69d7b000c6ed1011d",0.006585364,79,78,76,1,37.5,"<212 µm",18,1,"SLR20231220SS","river water","plastic","sample","San Lorenzo","surface","20231220",2023-12-20,"fragment",50,25,"polyester/PET",1.38,"TODO(cite): polymer density handbook/default table","settling","settling",0.5,12.5,8181.23086872342,11290.0985988383,8999.35395559576
586,"MBMS_18_07DEC23_PstDS_3of3_rt",0.648146764,TRUE,"poly(esters/ethers/diglycidylethers/terephthalates)s",1875,85.35533906,60.35533906,31.06601718,1.942809042,0.309207662,1341.666667,4283.333333,1325,4275,"confident","ff3b919e7b978aaa8441f495e844a9e0",0.006986694,131,131,119,1,45.71067812,"<212 µm",18,1,"SLR20231220SS","river water","plastic","sample","San Lorenzo","surface","20231220",2023-12-20,"fragment",60.35533906,31.06601718,"polyester/PET",1.38,"TODO(cite): polymer density handbook/default table","settling","settling",0.5,15.53300859,15249.4955244389,21044.3038237257,16774.4450768828
248,"MBMS_18_07DEC23_PstDS_3of3_rt",0.645118414,TRUE,"polystyrenes (polyphenylethylenes, -methylstyrene)",40625,777.9243121,334.2329219,121.5469732,2.749825135,1.185417818,4071.538462,4540,4025,4450,"confident","495481dc2137ddedf97e8eb15c15e194",0.020076462,74,71,64,1,227.8899476,"212-500 µm",18,1,"SLR20231220SS","river water","plastic","sample","San Lorenzo","surface","20231220",2023-12-20,"fragment",334.2329219,121.5469732,"styrenic polymers",1.05,"TODO(cite): polymer density handbook/default table","settling","settling",0.5,60.7734866,1292725.00391031,1357361.25410583,1421997.50430134
755,"MBMS_18_07DEC23_PstDS_3of3_rt",0.65667935,TRUE,"poly(propylene)",2500,120.7106781,75,33.33333333,2.25,0.463811494,6.25,5050,0,5025,"confident","3dea6d6031c660a05d94cefa4f37d49b",0.010928259,145,52,47,1,54.16666667,"<212 µm",18,1,"SLR20231220SS","river water","plastic","sample","San Lorenzo","surface","20231220",2023-12-20,"fragment",75,33.33333333,"polypropylene",0.9,"TODO(cite): polymer density handbook/default table","buoyant","buoyant",0.5,16.666666665,21816.6156455658,19634.9540810092,23998.2772101224
380,"MBMS_18_07DEC23_PstDS_3of3_rt",0.619585979,TRUE,"polystyrenes (polyphenylethylenes, -methylstyrene)",2500,120.7106781,75,33.33333333,2.25,0.463811494,2981.25,5800,2975,5775,"confident","01247ec47502dcf9021b583bf0f99325",0.007443198,100,101,95,1,54.16666667,"<212 µm",18,1,"SLR20231220SS","river water","plastic","sample","San Lorenzo","surface","20231220",2023-12-20,"fragment",75,33.33333333,"styrenic polymers",1.05,"TODO(cite): polymer density handbook/default table","settling","settling",0.5,16.666666665,21816.6156455658,22907.4464278441,23998.2772101224
363,"MBMS_18_07DEC23_PstDS_3of3_rt",0.621385096,TRUE,"poly(acrylamide/amid)s",5625,216.2570385,104.0569415,54.0569415,1.924950591,0.661619218,3133.333333,6461.111111,3125,6425,"confident","f5bf7f1fae4474135474eb72341fd5c6",0.010602943,63,64,56,1,79.0569415,"<212 µm",18,1,"SLR20231220SS","river water","plastic","sample","San Lorenzo","surface","20231220",2023-12-20,"fragment",104.0569415,54.0569415,"polyamide/acrylamide",1.14,"TODO(cite): polymer density handbook/default table","settling","settling",0.5,27.02847075,79605.4173149244,90750.1757390138,87565.9590464168
192,"MBMS_18_07DEC23_PstDS_3of3_rt",0.62805806,TRUE,"poly(esters/ethers/diglycidylethers/terephthalates)s",1875,85.35533906,60.35533906,31.06601718,1.942809042,0.309207662,4816.666667,6591.666667,4825,6575,"confident","c0d1b8368ac833600cb09286e1c1b864",0.007720135,86,87,81,1,45.71067812,"<212 µm",18,1,"SLR20231220SS","river water","plastic","sample","San Lorenzo","surface","20231220",2023-12-20,"fragment",60.35533906,31.06601718,"polyester/PET",1.38,"TODO(cite): polymer density handbook/default table","settling","settling",0.5,15.53300859,15249.4955244389,21044.3038237257,16774.4450768828
313,"MBMS_18_07DEC23_PstDS_3of3_rt",0.633265251,TRUE,"poly(acrylamide/amid)s",15625,413.4157764,170.7737974,91.49530104,1.866476152,0.870450745,3523,6716,3475,6650,"confident","8552d37c7aa90366e146016e8c8543c1",0.013666652,71,73,70,1,131.1345492,"<212 µm",18,1,"SLR20231220SS","river water","plastic","sample","San Lorenzo","surface","20231220",2023-12-20,"fragment",170.7737974,91.49530104,"polyamide/acrylamide",1.14,"TODO(cite): polymer density handbook/default table","settling","settling",0.5,45.74765052,374272.090674229,426670.183368621,411699.299741652
494,"MBMS_18_07DEC23_PstDS_3of3_rt",0.629281591,TRUE,"poly(acrylamide/amid)s",1875,116.2570385,80.90169944,23.17627458,3.490711985,0.573624081,2141.666667,6775,2125,6750,"confident","0cbf3fb26f73d85fd1d678a4aade4492",0.006740918,118,119,113,1,52.03898701,"<212 µm",18,1,"SLR20231220SS","river water","plastic","sample","San Lorenzo","surface","20231220",2023-12-20,"fiber",80.90169944,23.17627458,"polyamide/acrylamide",1.14,"TODO(cite): polymer density handbook/default table","settling","settling",0.286474508437567,6.63941186771959,34129.8815466869,38908.0649632231,37542.8697013556
442,"MBMS_18_07DEC23_PstDS_3of3_rt",0.651937673,TRUE,"poly(acrylamide/amid)s",15625,421.2047991,201.7766953,77.43708944,2.605685425,0.903559448,2421,7558,2350,7500,"confident","5ec431b73b0bc9f29f5702d5e4066224",0.01591623,60,59,54,1,139.6068924,"<212 µm",18,1,"SLR20231220SS","river water","plastic","sample","San Lorenzo","surface","20231220",2023-12-20,"fragment",201.7766953,77.43708944,"polyamide/acrylamide",1.14,"TODO(cite): polymer density handbook/default table","settling","settling",0.5,38.71854472,316765.35327262,361112.502730786,348441.888599882
458,"MBMS_18_07DEC23_PstDS_3of3_rt",0.659570738,TRUE,"poly(acrylamide/amid)s",1250,50,50,25,2,0.159154943,2325,8062.5,2325,8050,"confident","906cd63667eec0f1a31e4e6695937a2f",0.006799017,114,113,108,1,37.5,"<212 µm",18,1,"SLR20231220SS","river water","plastic","sample","San Lorenzo","surface","20231220",2023-12-20,"fragment",50,25,"polyamide/acrylamide",1.14,"TODO(cite): polymer density handbook/default table","settling","settling",0.5,12.5,8181.23086872342,9326.6031903447,8999.35395559576
544,"MBMS_18_07DEC23_PstDS_3of3_rt",0.652131213,TRUE,"poly(acrylamide/amid)s",2500,100,60.35533906,41.42135624,1.457106781,0.318309886,1712.5,8312.5,1700,8300,"confident","42a55d344131d3bf09d57ac25d37585f",0.009208049,70,75,69,1,50.88834765,"<212 µm",18,1,"SLR20231220SS","river water","plastic","sample","San Lorenzo","surface","20231220",2023-12-20,"fragment",60.35533906,41.42135624,"polyamide/acrylamide",1.14,"TODO(cite): polymer density handbook/default table","settling","settling",0.5,20.71067812,27110.2142656692,30905.6442628629,29821.2356922362
589,"MBMS_18_07DEC23_PstDS_3of3_rt",0.64929481,TRUE,"poly(propylene)",5000,216.2570385,115.1387819,43.42585459,2.651387819,0.744321621,1253.125,9040.625,1225,9025,"confident","a69f39ed8f44d6d4ce1145f1b62de5ab",0.008150469,85,85,75,1,79.28231824,"<212 µm",18,1,"SLR20231220SS","river water","plastic","sample","San Lorenzo","surface","20231220",2023-12-20,"fragment",115.1387819,43.42585459,"polypropylene",0.9,"TODO(cite): polymer density handbook/default table","buoyant","buoyant",0.5,21.712927295,56844.3107368041,51159.8796631237,62528.7418104845
321,"MBMS_18_07DEC23_PstDS_3of3_rt",0.603274704,TRUE,"poly(acrylamide/amid)s",36250,780.3847298,304.5084972,119.0442971,2.557942755,1.336902239,3395.689655,9262.5,3325,9150,"confident","8552d37c7aa90366e146016e8c8543c1",0.014553995,132,132,130,1,211.7763971,"<212 µm",18,1,"SLR20231220SS","river water","plastic","sample","San Lorenzo","surface","20231220",2023-12-20,"fragment",304.5084972,119.0442971,"polyamide/acrylamide",1.14,"TODO(cite): polymer density handbook/default table","settling","settling",0.5,59.52214855,1129757.49900518,1287923.5488659,1242733.24890569
655,"MBMS_18_07DEC23_PstDS_3of3_rt",0.644142786,TRUE,"poly(ethylene)",43750,877.2686925,365.0367627,119.8509423,3.0457563,1.399836587,647.1428571,10281.42857,550,10150,"confident","974c3d4bd2ad2b3e126cf2c6435502bf",0.017027295,87,84,69,1,242.4438525,"212-500 µm",18,1,"SLR20231220SS","river water","plastic","sample","San Lorenzo","surface","20231220",2023-12-20,"fiber",365.0367627,119.8509423,"polyethylene",0.94,"TODO(cite): polymer density handbook/default table","buoyant","buoyant",0.286474508437567,34.3342397811718,4118218.55938857,3871125.44582526,4530040.41532743
478,"MBMS_18_07DEC23_PstDS_3of3_rt",0.648849101,TRUE,"poly(acrylamide/amid)s",2500,130.9016994,80.90169944,30.90169944,2.618033989,0.545432104,2181.25,10206.25,2175,10175,"confident","8681123e1731dc69e476ce0c2fe4f9ea",0.007626515,95,97,96,1,55.90169944,"<212 µm",18,1,"SLR20231220SS","river water","plastic","sample","San Lorenzo","surface","20231220",2023-12-20,"fragment",80.90169944,30.90169944,"polyamide/acrylamide",1.14,"TODO(cite): polymer density handbook/default table","settling","settling",0.5,15.45084972,20225.1149906293,23056.6310893174,22247.6264896922
391,"MBMS_18_07DEC23_PstDS_3of3_rt",0.645522296,TRUE,"ethylene-vinyl acetate",43750,852.9923747,353.8236609,123.6491643,2.861512755,1.32343427,2792.857143,10337.14286,2800,10225,"confident","df8a730b98b03f7d30746ffee27acebc",0.015960963,60,60,50,1,238.7364126,"212-500 µm",18,1,"SLR20231220SS","river water","plastic","sample","San Lorenzo","surface","20231220",2023-12-20,"fragment",353.8236609,123.6491643,"default_fixed_1.10",1.1,"Fallback fixed density retained for unmatched polymer class","settling","settling",0.5,61.82458215,1416243.30315599,1557867.63347159,1557867.63347159
94,"MBMS_18_07DEC23_PstDS_3of3_rt",0.617426744,TRUE,"poly(ethylene)",1875,85.35533906,60.35533906,31.06601718,1.942809042,0.309207662,6308.333333,10366.66667,6300,10350,"confident","37fcd3d7949f51b3f526b55e8ae4383f",0.007962909,62,63,58,1,45.71067812,"<212 µm",18,1,"SLR20231220SS","river water","plastic","sample","San Lorenzo","surface","20231220",2023-12-20,"fragment",60.35533906,31.06601718,"polyethylene",0.94,"TODO(cite): polymer density handbook/default table","buoyant","buoyant",0.5,15.53300859,15249.4955244389,14334.5257929726,16774.4450768828
648,"MBMS_18_07DEC23_PstDS_3of3_rt",0.647173858,TRUE,"poly(ethylene)",1250,50,50,25,2,0.159154943,837.5,10550,825,10550,"confident","974c3d4bd2ad2b3e126cf2c6435502bf",0.007836695,86,89,72,1,37.5,"<212 µm",18,1,"SLR20231220SS","river water","plastic","sample","San Lorenzo","surface","20231220",2023-12-20,"fragment",50,25,"polyethylene",0.94,"TODO(cite): polymer density handbook/default table","buoyant","buoyant",0.5,12.5,8181.23086872342,7690.35701660001,8999.35395559576
501,"MBMS_18_07DEC23_PstDS_3of3_rt",0.655811032,TRUE,"poly(propylene)",13750,436.4058155,207.0027472,66.42423921,3.116373626,1.102220531,1953.409091,10926.13636,1875,10875,"confident","11a6c15487076c7a16c43348d6d5635b",0.00957349,55,52,43,1,136.7134932,"<212 µm",18,1,"SLR20231220SS","river water","plastic","sample","San Lorenzo","surface","20231220",2023-12-20,"fiber",207.0027472,66.42423921,"polypropylene",0.9,"TODO(cite): polymer density handbook/default table","buoyant","buoyant",0.286474508437567,19.0288512760241,717330.287709136,645597.258938222,789063.31648005
309,"MBMS_18_07DEC23_PstDS_3of3_rt",0.644240526,TRUE,"poly(propylene)",20625,493.0337338,192.7050983,107.0288237,1.800497208,0.937884695,3524.242424,11535.60606,3475,11475,"confident","a69f39ed8f44d6d4ce1145f1b62de5ab",0.020008148,107,108,102,1,149.866961,"<212 µm",18,1,"SLR20231220SS","river water","plastic","sample","San Lorenzo","surface","20231220",2023-12-20,"fragment",192.7050983,107.0288237,"polypropylene",0.9,"TODO(cite): polymer density handbook/default table","buoyant","buoyant",0.5,53.51441185,577914.160533426,520122.744480084,635705.576586769
410,"MBMS_18_07DEC23_PstDS_3of3_rt",0.649165162,TRUE,"poly(propylene)",5625,200,95.71067812,58.77087187,1.628539361,0.565884242,2700,12100,2675,12075,"confident","cce3572892bb27fca9f7cffdcf5fda00",0.009212572,67,68,63,1,77.24077499,"<212 µm",18,1,"SLR20231220SS","river water","plastic","sample","San Lorenzo","surface","20231220",2023-12-20,"fragment",95.71067812,58.77087187,"polypropylene",0.9,"TODO(cite): polymer density handbook/default table","buoyant","buoyant",0.5,29.385435935,86547.2528083012,77892.5275274711,95201.9780891313
685,"MBMS_18_07DEC23_PstDS_3of3_rt",0.645837676,TRUE,"poly(acrylamide/amid)s",3750,150,80.90169944,46.35254916,1.745355992,0.477464829,562.5,12250,550,12225,"confident","42a55d344131d3bf09d57ac25d37585f",0.009542552,88,86,74,1,63.6271243,"<212 µm",18,1,"SLR20231220SS","river water","plastic","sample","San Lorenzo","surface","20231220",2023-12-20,"fragment",80.90169944,46.35254916,"polyamide/acrylamide",1.14,"TODO(cite): polymer density handbook/default table","settling","settling",0.5,23.17627458,45506.5087289159,51877.4199509641,50057.1596018075
28,"MBMS_18_07DEC23_PstDS_3of3_rt",0.639092773,TRUE,"poly(propylene)",1250,50,50,25,2,0.159154943,7137.5,14200,7125,14200,"confident","175894c8495b6b0a9e1d3893f7c7349c",0.006405674,100,101,96,1,37.5,"<212 µm",18,1,"SLR20231220SS","river water","plastic","sample","San Lorenzo","surface","20231220",2023-12-20,"fragment",50,25,"polypropylene",0.9,"TODO(cite): polymer density handbook/default table","buoyant","buoyant",0.5,12.5,8181.23086872342,7363.10778185108,8999.35395559576
571,"MBMS_20_07DEC23_Pst2DS_1of1_lft",0.643304868,TRUE,"polystyrenes (polyphenylethylenes, -methylstyrene)",3125,135.3553391,80.90169944,38.6271243,2.094427191,0.466542161,4810,1070,4800,1050,"confident","0a5380323c090c15fd32add6e535c730",0.00764919,110,111,115,1,59.76441187,"<212 µm",20,1,"SLR20231220SD","river water","plastic","sample","San Lorenzo","subsurface","20231220",2023-12-20,"fragment",80.90169944,38.6271243,"styrenic polymers",1.05,"TODO(cite): polymer density handbook/default table","settling","settling",0.5,19.31356215,31601.7421728583,33181.8292815012,34761.9163901441
644,"MBMS_20_07DEC23_Pst2DS_1of1_lft",0.649904846,TRUE,"poly(esters/ethers/diglycidylethers/terephthalates)s",5000,220.7106781,128.0776406,39.03882032,3.280776406,0.775294712,4412.5,2625,4425,2575,"confident","61f35e50174efb9cf8f3975807754fb2",0.007115307,139,142,147,1,83.55823048,"<212 µm",20,1,"SLR20231220SD","river water","plastic","sample","San Lorenzo","subsurface","20231220",2023-12-20,"fiber",128.0776406,39.03882032,"polyester/PET",1.38,"TODO(cite): polymer density handbook/default table","settling","settling",0.286474508437567,11.1836268611545,153305.088853381,211561.022617665,168635.597738719
489,"MBMS_20_07DEC23_Pst2DS_1of1_lft",0.641163935,TRUE,"poly(propylene)",1250,50,50,25,2,0.159154943,5212.5,3300,5200,3300,"confident","17a38af679260002d4c8b20372caaaf4",0.006533952,120,121,123,1,37.5,"<212 µm",20,1,"SLR20231220SD","river water","plastic","sample","San Lorenzo","subsurface","20231220",2023-12-20,"fragment",50,25,"polypropylene",0.9,"TODO(cite): polymer density handbook/default table","buoyant","buoyant",0.5,12.5,8181.23086872342,7363.10778185108,8999.35395559576
558,"MBMS_20_07DEC23_Pst2DS_1of1_lft",0.653275607,TRUE,"poly(propylene)",30000,1157.970763,575.5678886,52.12243524,11.04261315,3.556837872,4808.854167,6071.354167,4800,5800,"confident","a10d32cb1dd62cfd2207e223abe528cb",0.008973919,194,196,195,1,313.8451619,"212-500 µm",20,1,"SLR20231220SD","river water","plastic","sample","San Lorenzo","subsurface","20231220",2023-12-20,"fiber",575.5678886,52.12243524,"polypropylene",0.9,"TODO(cite): polymer density handbook/default table","buoyant","buoyant",0.286474508437567,14.9317490139479,1228105.94726983,1105295.35254284,1350916.54199681
481,"MBMS_20_07DEC23_Pst2DS_1of1_lft",0.647414827,TRUE,"polystyrenes (polyphenylethylenes, -methylstyrene)",5000,200,104.0569415,48.05061467,2.165569415,0.636619772,5212.5,6012.5,5200,5975,"confident","c8f458220fc93d715667467ce32e2141",0.008912833,120,121,125,1,76.05377809,"<212 µm",20,1,"SLR20231220SD","river water","plastic","sample","San Lorenzo","subsurface","20231220",2023-12-20,"fragment",104.0569415,48.05061467,"styrenic polymers",1.05,"TODO(cite): polymer density handbook/default table","settling","settling",0.5,24.025307335,62898.107516815,66043.0128926558,69187.9182684966
480,"MBMS_20_07DEC23_Pst2DS_1of1_lft",0.62353602,TRUE,"poly(ethylene)",9375,435.3553391,226.5564437,41.38041649,5.4749677,1.608816862,5215,6230,5225,6125,"confident","efb161c796b0f43b9f7c777550de4c3a",0.007594492,119,118,126,1,133.9684301,"<212 µm",20,1,"SLR20231220SD","river water","plastic","sample","San Lorenzo","subsurface","20231220",2023-12-20,"fiber",226.5564437,41.38041649,"polyethylene",0.94,"TODO(cite): polymer density handbook/default table","buoyant","buoyant",0.286474508437567,11.8544344729146,304688.466634733,286407.158636649,335157.313298206
1115,"MBMS_20_07DEC23_Pst2DS_1of1_lft",0.65139958,TRUE,"poly(esters/ethers/diglycidylethers/terephthalates)s",3125,135.3553391,80.90169944,38.6271243,2.094427191,0.466542161,2010,7170,2000,7150,"confident","ba008053a4251a929a6ddc0368a603d6",0.007909987,98,99,101,1,59.76441187,"<212 µm",20,1,"SLR20231220SD","river water","plastic","sample","San Lorenzo","subsurface","20231220",2023-12-20,"fragment",80.90169944,38.6271243,"polyester/PET",1.38,"TODO(cite): polymer density handbook/default table","settling","settling",0.5,19.31356215,31601.7421728583,43610.4041985444,34761.9163901441
389,"MBMS_20_07DEC23_Pst2DS_1of1_lft",0.624007857,TRUE,"poly(esters/ethers/diglycidylethers/terephthalates)s",5000,220.7106781,128.0776406,39.03882032,3.280776406,0.775294712,5612.5,7275,5625,7225,"confident","8e7e8c7427bc99e5640768192985aa7b",0.008149236,118,122,125,1,83.55823048,"<212 µm",20,1,"SLR20231220SD","river water","plastic","sample","San Lorenzo","subsurface","20231220",2023-12-20,"fiber",128.0776406,39.03882032,"polyester/PET",1.38,"TODO(cite): polymer density handbook/default table","settling","settling",0.286474508437567,11.1836268611545,153305.088853381,211561.022617665,168635.597738719
833,"MBMS_20_07DEC23_Pst2DS_1of1_lft",0.640652868,TRUE,"poly(propylene)",9375,345.31398,177.0690633,52.94544302,3.344368337,1.012155366,3218.333333,7343.333333,3200,7275,"confident","e2c9c1702d0633d0adf68bfe5d720330",0.009951166,95,97,96,1,115.0072531,"<212 µm",20,1,"SLR20231220SD","river water","plastic","sample","San Lorenzo","subsurface","20231220",2023-12-20,"fiber",177.0690633,52.94544302,"polypropylene",0.9,"TODO(cite): polymer density handbook/default table","buoyant","buoyant",0.286474508437567,15.1675197631637,389843.003578774,350858.703220896,428827.303936651
179,"MBMS_20_07DEC23_Pst2DS_1of1_lft",0.652503576,TRUE,"poly(propylene)",13125,469.3632562,226.5564437,57.93258309,3.910691214,1.335700228,6416.666667,7378.571429,6400,7275,"confident","d90d8f2ecc800ec3ac907f5d6e4e1f8f",0.010047515,110,111,116,1,142.2445134,"<212 µm",20,1,"SLR20231220SD","river water","plastic","sample","San Lorenzo","subsurface","20231220",2023-12-20,"fiber",226.5564437,57.93258309,"polypropylene",0.9,"TODO(cite): polymer density handbook/default table","buoyant","buoyant",0.286474508437567,16.5962082632263,597189.394686543,537470.455217889,656908.334155197
585,"MBMS_20_07DEC23_Pst2DS_1of1_lft",0.607120972,TRUE,"poly(ethylene)",12500,528.3890729,275,45.45454545,6.05,1.777410652,4416.25,7507.5,4425,7375,"confident","981810405d217d8f0bfe1dd08e4c1a6d",0.009557346,128,128,136,1,160.2272727,"<212 µm",20,1,"SLR20231220SD","river water","plastic","sample","San Lorenzo","subsurface","20231220",2023-12-20,"fiber",275,45.45454545,"polyethylene",0.94,"TODO(cite): polymer density handbook/default table","buoyant","buoyant",0.286474508437567,13.0215685640418,446248.956386573,419474.019003379,490873.85202523
141,"MBMS_20_07DEC23_Pst2DS_1of1_lft",0.628688224,TRUE,"poly(propylene)",13125,511.9117828,251.3846285,52.2108296,4.814798585,1.588843332,6810.714286,7741.666667,6800,7625,"confident","ecb65f50af2c12189b2edbdc5811d997",0.010071502,91,92,96,1,151.797729,"<212 µm",20,1,"SLR20231220SD","river water","plastic","sample","San Lorenzo","subsurface","20231220",2023-12-20,"fiber",251.3846285,52.2108296,"polypropylene",0.9,"TODO(cite): polymer density handbook/default table","buoyant","buoyant",0.286474508437567,14.9570717447776,538207.552124126,484386.796911714,592028.307336539
666,"MBMS_20_07DEC23_Pst2DS_1of1_lft",0.617660621,TRUE,"poly(propylene)",21250,851.6123776,428.1128874,49.63644082,8.6249715,2.715908483,4014.705882,7872.794118,4025,7675,"confident","17a38af679260002d4c8b20372caaaf4",0.007930397,139,140,144,1,238.8746641,"212-500 µm",20,1,"SLR20231220SD","river water","plastic","sample","San Lorenzo","subsurface","20231220",2023-12-20,"fiber",428.1128874,49.63644082,"polypropylene",0.9,"TODO(cite): polymer density handbook/default table","buoyant","buoyant",0.286474508437567,14.2195749844999,828417.850962972,745576.065866675,911259.636059269
788,"MBMS_20_07DEC23_Pst2DS_1of1_lft",0.639459936,TRUE,"poly(propylene)",7500,256.0660172,115.1387819,65.13878189,1.767591879,0.695717241,3597.916667,8366.666667,3600,8325,"confident","3dea6d6031c660a05d94cefa4f37d49b",0.009234377,74,75,79,1,90.13878189,"<212 µm",20,1,"SLR20231220SD","river water","plastic","sample","San Lorenzo","subsurface","20231220",2023-12-20,"fragment",115.1387819,65.13878189,"polypropylene",0.9,"TODO(cite): polymer density handbook/default table","buoyant","buoyant",0.5,32.569390945,127899.699177444,115109.7292597,140689.669095189
866,"MBMS_20_07DEC23_Pst2DS_1of1_lft",0.637025412,TRUE,"polystyrenes (polyphenylethylenes, -methylstyrene)",4375,185.3553391,104.0569415,42.04428784,2.474936474,0.624916913,3210.714286,8807.142857,3200,8775,"confident","56ba94e57ea18f79b797151f36fe550b",0.006722221,108,106,109,1,73.05061467,"<212 µm",20,1,"SLR20231220SD","river water","plastic","sample","San Lorenzo","subsurface","20231220",2023-12-20,"fragment",104.0569415,42.04428784,"styrenic polymers",1.05,"TODO(cite): polymer density handbook/default table","settling","settling",0.5,21.02214392,48156.3635761518,50564.1817549594,52971.999933767
665,"MBMS_20_07DEC23_Pst2DS_1of1_lft",0.65358756,TRUE,"poly(acrylamide/amid)s",21250,509.4938802,205.2775638,103.5183758,1.983006032,0.972095976,3982.352941,8896.323529,4025,8800,"confident","37e7b99cbb7e394dd7a06a465b34c761",0.014272448,101,141,149,1,154.3979698,"<212 µm",20,1,"SLR20231220SD","river water","plastic","sample","San Lorenzo","subsurface","20231220",2023-12-20,"fragment",205.2775638,103.5183758,"polyamide/acrylamide",1.14,"TODO(cite): polymer density handbook/default table","settling","settling",0.5,51.7591879,575897.257274752,656522.873293218,633486.983002227
549,"MBMS_20_07DEC23_Pst2DS_1of1_lft",0.62278068,TRUE,"polystyrenes (polyphenylethylenes, -methylstyrene)",21250,870.7106781,450.7346591,47.14525402,9.560552139,2.839088579,4812.5,9337.5,4825,9125,"confident","56ba94e57ea18f79b797151f36fe550b",0.009175784,134,135,139,1,248.9399566,"212-500 µm",20,1,"SLR20231220SD","river water","plastic","sample","San Lorenzo","subsurface","20231220",2023-12-20,"fiber",450.7346591,47.14525402,"styrenic polymers",1.05,"TODO(cite): polymer density handbook/default table","settling","settling",0.286474508437567,13.5059134705437,786840.663263362,826182.69642653,865524.729589698
664,"MBMS_20_07DEC23_Pst2DS_1of1_lft",0.657704468,TRUE,"poly(propylene)",15625,525.2552292,251.3846285,62.15574952,4.044430811,1.405111795,4015,9995,4000,9900,"confident","6e2eda80c049f315636bbcc93c55f390",0.011430748,162,162,170,1,156.770189,"<212 µm",20,1,"SLR20231220SD","river water","plastic","sample","San Lorenzo","subsurface","20231220",2023-12-20,"fiber",251.3846285,62.15574952,"polypropylene",0.9,"TODO(cite): polymer density handbook/default table","buoyant","buoyant",0.286474508437567,17.8060377903106,762765.805071079,686489.224563971,839042.385578187
547,"MBMS_20_07DEC23_Pst2DS_1of1_lft",0.617165403,TRUE,"poly(ethylene)",3125,135.3553391,80.90169944,38.6271243,2.094427191,0.466542161,4810,9970,4800,9950,"confident","ed43486ad1176dfa5968011cf99035f2",0.007066236,149,150,154,1,59.76441187,"<212 µm",20,1,"SLR20231220SD","river water","plastic","sample","San Lorenzo","subsurface","20231220",2023-12-20,"fragment",80.90169944,38.6271243,"polyethylene",0.94,"TODO(cite): polymer density handbook/default table","buoyant","buoyant",0.5,19.31356215,31601.7421728583,29705.6376424868,34761.9163901441
289,"MBMS_20_07DEC23_Pst2DS_1of1_lft",0.643993621,TRUE,"polystyrenes (polyphenylethylenes, -methylstyrene)",15000,528.5545583,250,60,4.166666667,1.482103463,5996.875,10097.91667,6000,10000,"confident","56ba94e57ea18f79b797151f36fe550b",0.008689111,128,130,127,1,155,"<212 µm",20,1,"SLR20231220SD","river water","plastic","sample","San Lorenzo","subsurface","20231220",2023-12-20,"fiber",250,60,"styrenic polymers",1.05,"TODO(cite): polymer density handbook/default table","settling","settling",0.286474508437567,17.188470506254,706858.347057703,742201.264410589,777544.181763474
1438,"MBMS_20_07DEC23_Pst2DS_1of1_lft",0.635652781,TRUE,"poly(esters/ethers/diglycidylethers/terephthalates)s",3125,135.3553391,80.90169944,38.6271243,2.094427191,0.466542161,410,10795,400,10775,"confident","b4ceaac383cbff190f3193a1a9577284",0.007639869,66,68,67,1,59.76441187,"<212 µm",20,1,"SLR20231220SD","river water","plastic","sample","San Lorenzo","subsurface","20231220",2023-12-20,"fragment",80.90169944,38.6271243,"polyester/PET",1.38,"TODO(cite): polymer density handbook/default table","settling","settling",0.5,19.31356215,31601.7421728583,43610.4041985444,34761.9163901441
209,"MBMS_20_07DEC23_Pst2DS_1of1_lft",0.653540168,TRUE,"polystyrenes (polyphenylethylenes, -methylstyrene)",5625,216.2570385,104.0569415,54.0569415,1.924950591,0.661619218,6408.333333,11163.88889,6400,11125,"confident","e7ad7188a98e279cd7287c4f2b5f4f6b",0.008537525,125,125,125,1,79.0569415,"<212 µm",20,1,"SLR20231220SD","river water","plastic","sample","San Lorenzo","subsurface","20231220",2023-12-20,"fragment",104.0569415,54.0569415,"styrenic polymers",1.05,"TODO(cite): polymer density handbook/default table","settling","settling",0.5,27.02847075,79605.4173149244,83585.6881806706,87565.9590464168
748,"MBMS_20_07DEC23_Pst2DS_1of1_lft",0.63769062,TRUE,"polystyrenes (polyphenylethylenes, -methylstyrene)",13750,555.4581361,276.2468905,49.77431592,5.549988693,1.785624363,3609.090909,11503.40909,3625,11350,"confident","56ba94e57ea18f79b797151f36fe550b",0.009796318,119,123,122,1,163.0106032,"<212 µm",20,1,"SLR20231220SD","river water","plastic","sample","San Lorenzo","subsurface","20231220",2023-12-20,"fiber",276.2468905,49.77431592,"styrenic polymers",1.05,"TODO(cite): polymer density handbook/default table","settling","settling",0.286474508437567,14.2590726859982,537524.02422096,564400.225432008,591276.426643056
285,"MBMS_20_07DEC23_Pst2DS_1of1_lft",0.605581843,TRUE,"poly(ethylene)",2500,100,60.35533906,41.42135624,1.457106781,0.318309886,6012.5,11437.5,6000,11425,"confident","17470d9e53eb8e20af24fb217d14e119",0.007087188,134,135,137,1,50.88834765,"<212 µm",20,1,"SLR20231220SD","river water","plastic","sample","San Lorenzo","subsurface","20231220",2023-12-20,"fragment",60.35533906,41.42135624,"polyethylene",0.94,"TODO(cite): polymer density handbook/default table","buoyant","buoyant",0.5,20.71067812,27110.2142656692,25483.6014097291,29821.2356922362
93,"MBMS_20_07DEC23_Pst2DS_1of1_lft",0.634519535,TRUE,"polystyrenes (polyphenylethylenes, -methylstyrene)",12500,585.3553391,301.1340254,41.50975627,7.254536102,2.181319546,6815,11703.75,6800,11575,"confident","0e834bb3d072ddb06d2ba1f3bdae9178",0.008195823,124,125,129,1,171.3218908,"<212 µm",20,1,"SLR20231220SD","river water","plastic","sample","San Lorenzo","subsurface","20231220",2023-12-20,"fiber",301.1340254,41.50975627,"styrenic polymers",1.05,"TODO(cite): polymer density handbook/default table","settling","settling",0.286474508437567,11.8914870228115,407521.0791852,427897.13314446,448273.18710372
539,"MBMS_20_07DEC23_Pst2DS_1of1_lft",0.634751665,TRUE,"polystyrenes (polyphenylethylenes, -methylstyrene)",11875,485.3553391,251.3846285,47.23836964,5.321619488,1.578614692,4811.842105,11981.57895,4800,11875,"confident","21bbf365364d8fb5ca0026db54ce6d1c",0.008887321,134,136,135,1,149.311499,"<212 µm",20,1,"SLR20231220SD","river water","plastic","sample","San Lorenzo","subsurface","20231220",2023-12-20,"fiber",251.3846285,47.23836964,"styrenic polymers",1.05,"TODO(cite): polymer density handbook/default table","settling","settling",0.286474508437567,13.5325887220111,440573.52909859,462602.20555352,484630.88200845
535,"MBMS_20_07DEC23_Pst2DS_1of1_lft",0.614609765,TRUE,"polystyrenes (polyphenylethylenes, -methylstyrene)",6250,250,128.0776406,48.7985254,2.624621125,0.795774715,4812.5,12850,4800,12800,"confident","41ce169b323b5545d43bf8d034056d66",0.010493492,155,155,155,1,88.43808302,"<212 µm",20,1,"SLR20231220SD","river water","plastic","sample","San Lorenzo","subsurface","20231220",2023-12-20,"fragment",128.0776406,48.7985254,"styrenic polymers",1.05,"TODO(cite): polymer density handbook/default table","settling","settling",0.5,24.3992627,79846.4004444691,83838.7204666926,87831.040488916
606,"MBMS_20_07DEC23_Pst2DS_1of1_lft",0.608600059,TRUE,"polystyrenes (polyphenylethylenes, -methylstyrene)",4375,185.3553391,104.0569415,42.04428784,2.474936474,0.624916913,4414.285714,14092.85714,4425,14050,"confident","2e607d3086764e85f58a625c9fac3ef9",0.007857392,124,125,127,1,73.05061467,"<212 µm",20,1,"SLR20231220SD","river water","plastic","sample","San Lorenzo","subsurface","20231220",2023-12-20,"fragment",104.0569415,42.04428784,"styrenic polymers",1.05,"TODO(cite): polymer density handbook/default table","settling","settling",0.5,21.02214392,48156.3635761518,50564.1817549594,52971.999933767
1339,"MBMS_20_07DEC23_Pst2DS_1of1_lft",0.646072509,TRUE,"polystyrenes (polyphenylethylenes, -methylstyrene)",1250,50,50,25,2,0.159154943,800,14637.5,800,14625,"confident","0a5380323c090c15fd32add6e535c730",0.007020162,120,121,123,1,37.5,"<212 µm",20,1,"SLR20231220SD","river water","plastic","sample","San Lorenzo","subsurface","20231220",2023-12-20,"fragment",50,25,"styrenic polymers",1.05,"TODO(cite): polymer density handbook/default table","settling","settling",0.5,12.5,8181.23086872342,8590.29241215959,8999.35395559576
193,"MBMS_20_07DEC23_Pst2DS_1of1_lft",0.657465944,TRUE,"poly(ethylene)",1250,50,50,25,2,0.159154943,6412.5,15750,6400,15750,"confident","8e95a3c58908cba1bc59f5e0d8e6fad3",0.006144408,109,111,110,1,37.5,"<212 µm",20,1,"SLR20231220SD","river water","plastic","sample","San Lorenzo","subsurface","20231220",2023-12-20,"fragment",50,25,"polyethylene",0.94,"TODO(cite): polymer density handbook/default table","buoyant","buoyant",0.5,12.5,8181.23086872342,7690.35701660001,8999.35395559576
487,"MBMS_20_07DEC23_Pst2DS_1of1_rt",0.642830726,TRUE,"polystyrenes (polyphenylethylenes, -methylstyrene)",4375,185.3553391,104.0569415,42.04428784,2.474936474,0.624916913,5210.714286,3357.142857,5200,3325,"confident","2e607d3086764e85f58a625c9fac3ef9",0.008109135,139,140,145,1,73.05061467,"<212 µm",20,1,"SLR20231220SD","river water","plastic","sample","San Lorenzo","subsurface","20231220",2023-12-20,"fragment",104.0569415,42.04428784,"styrenic polymers",1.05,"TODO(cite): polymer density handbook/default table","settling","settling",0.5,21.02214392,48156.3635761518,50564.1817549594,52971.999933767
903,"MBMS_20_07DEC23_Pst2DS_1of1_rt",0.64136347,TRUE,"poly(propylene)",5000,185.3553391,95.71067812,52.24077499,1.832106781,0.546802299,3196.875,3578.125,3175,3550,"confident","d90d8f2ecc800ec3ac907f5d6e4e1f8f",0.007890894,67,69,64,1,73.97572656,"<212 µm",20,1,"SLR20231220SD","river water","plastic","sample","San Lorenzo","subsurface","20231220",2023-12-20,"fragment",95.71067812,52.24077499,"polypropylene",0.9,"TODO(cite): polymer density handbook/default table","buoyant","buoyant",0.5,26.120387495,68383.0145500392,61544.7130950353,75221.3160050431
1230,"MBMS_20_07DEC23_Pst2DS_1of1_rt",0.658227577,TRUE,"polystyrenes (polyphenylethylenes, -methylstyrene)",5625,235.3553391,128.0776406,43.91867286,2.916245695,0.783638417,1613.888889,4355.555556,1625,4300,"confident","0a5380323c090c15fd32add6e535c730",0.010891211,131,131,133,1,85.99815675,"<212 µm",20,1,"SLR20231220SD","river water","plastic","sample","San Lorenzo","subsurface","20231220",2023-12-20,"fragment",128.0776406,43.91867286,"styrenic polymers",1.05,"TODO(cite): polymer density handbook/default table","settling","settling",0.5,21.95933643,64675.58436002,67909.363578021,71143.142796022
813,"MBMS_20_07DEC23_Pst2DS_1of1_rt",0.6458585,TRUE,"polystyrenes (polyphenylethylenes, -methylstyrene)",1250,50,50,25,2,0.159154943,3612.5,4725,3600,4725,"confident","f0bd36dda89ba870ff24e85e42b8236c",0.006195595,167,168,172,1,37.5,"<212 µm",20,1,"SLR20231220SD","river water","plastic","sample","San Lorenzo","subsurface","20231220",2023-12-20,"fragment",50,25,"styrenic polymers",1.05,"TODO(cite): polymer density handbook/default table","settling","settling",0.5,12.5,8181.23086872342,8590.29241215959,8999.35395559576
983,"MBMS_20_07DEC23_Pst2DS_1of1_rt",0.635258448,TRUE,"polystyrenes (polyphenylethylenes, -methylstyrene)",3125,135.3553391,80.90169944,38.6271243,2.094427191,0.466542161,2815,4855,2825,4825,"confident","2e607d3086764e85f58a625c9fac3ef9",0.007040892,145,145,145,1,59.76441187,"<212 µm",20,1,"SLR20231220SD","river water","plastic","sample","San Lorenzo","subsurface","20231220",2023-12-20,"fragment",80.90169944,38.6271243,"styrenic polymers",1.05,"TODO(cite): polymer density handbook/default table","settling","settling",0.5,19.31356215,31601.7421728583,33181.8292815012,34761.9163901441
1069,"MBMS_20_07DEC23_Pst2DS_1of1_rt",0.646360231,TRUE,"poly(ethylene)",1250,50,50,25,2,0.159154943,2400,4862.5,2400,4850,"confident","ed43486ad1176dfa5968011cf99035f2",0.007025808,145,146,148,1,37.5,"<212 µm",20,1,"SLR20231220SD","river water","plastic","sample","San Lorenzo","subsurface","20231220",2023-12-20,"fragment",50,25,"polyethylene",0.94,"TODO(cite): polymer density handbook/default table","buoyant","buoyant",0.5,12.5,8181.23086872342,7690.35701660001,8999.35395559576
560,"MBMS_20_07DEC23_Pst2DS_1of1_rt",0.602981479,TRUE,"polystyrenes (polyphenylethylenes, -methylstyrene)",4375,185.3553391,104.0569415,42.04428784,2.474936474,0.624916913,4814.285714,5432.142857,4800,5400,"confident","2e607d3086764e85f58a625c9fac3ef9",0.007928662,160,162,161,1,73.05061467,"<212 µm",20,1,"SLR20231220SD","river water","plastic","sample","San Lorenzo","subsurface","20231220",2023-12-20,"fragment",104.0569415,42.04428784,"styrenic polymers",1.05,"TODO(cite): polymer density handbook/default table","settling","settling",0.5,21.02214392,48156.3635761518,50564.1817549594,52971.999933767
1312,"MBMS_20_07DEC23_Pst2DS_1of1_rt",0.621390334,TRUE,"poly(ethylene)",3750,170.7106781,100,37.5,2.666666667,0.618415325,1216.666667,6087.5,1225,6050,"confident","9020b9e60425955c901db3849b054c72",0.009012597,116,117,121,1,68.75,"<212 µm",20,1,"SLR20231220SD","river water","plastic","sample","San Lorenzo","subsurface","20231220",2023-12-20,"fragment",100,37.5,"polyethylene",0.94,"TODO(cite): polymer density handbook/default table","buoyant","buoyant",0.5,18.75,36815.5389092554,34606.6065747001,40497.0928001809
1147,"MBMS_20_07DEC23_Pst2DS_1of1_rt",0.635056876,TRUE,"polystyrenes (polyphenylethylenes, -methylstyrene)",4375,185.3553391,104.0569415,42.04428784,2.474936474,0.624916913,2014.285714,6267.857143,2025,6225,"confident","2e607d3086764e85f58a625c9fac3ef9",0.007474228,112,115,120,1,73.05061467,"<212 µm",20,1,"SLR20231220SD","river water","plastic","sample","San Lorenzo","subsurface","20231220",2023-12-20,"fragment",104.0569415,42.04428784,"styrenic polymers",1.05,"TODO(cite): polymer density handbook/default table","settling","settling",0.5,21.02214392,48156.3635761518,50564.1817549594,52971.999933767
1473,"MBMS_20_07DEC23_Pst2DS_1of1_rt",0.639774875,TRUE,"poly(propylene)",3125,135.3553391,80.90169944,38.6271243,2.094427191,0.466542161,415,7330,425,7300,"confident","a69f39ed8f44d6d4ce1145f1b62de5ab",0.006985287,138,138,130,1,59.76441187,"<212 µm",20,1,"SLR20231220SD","river water","plastic","sample","San Lorenzo","subsurface","20231220",2023-12-20,"fragment",80.90169944,38.6271243,"polypropylene",0.9,"TODO(cite): polymer density handbook/default table","buoyant","buoyant",0.5,19.31356215,31601.7421728583,28441.5679555724,34761.9163901441
889,"MBMS_20_07DEC23_Pst2DS_1of1_rt",0.658266584,TRUE,"poly(esters/ethers/diglycidylethers/terephthalates)s",3750,150,80.90169944,46.35254916,1.745355992,0.477464829,3212.5,7750,3200,7725,"confident","b4ceaac383cbff190f3193a1a9577284",0.007891329,139,140,142,1,63.6271243,"<212 µm",20,1,"SLR20231220SD","river water","plastic","sample","San Lorenzo","subsurface","20231220",2023-12-20,"fragment",80.90169944,46.35254916,"polyester/PET",1.38,"TODO(cite): polymer density handbook/default table","settling","settling",0.5,23.17627458,45506.5087289159,62798.9820459039,50057.1596018075
1305,"MBMS_20_07DEC23_Pst2DS_1of1_rt",0.640899561,TRUE,"poly(acrylamide/amid)s",3750,150,80.90169944,46.35254916,1.745355992,0.477464829,1212.5,8675,1200,8650,"confident","0cbf3fb26f73d85fd1d678a4aade4492",0.007232611,80,80,88,1,63.6271243,"<212 µm",20,1,"SLR20231220SD","river water","plastic","sample","San Lorenzo","subsurface","20231220",2023-12-20,"fragment",80.90169944,46.35254916,"polyamide/acrylamide",1.14,"TODO(cite): polymer density handbook/default table","settling","settling",0.5,23.17627458,45506.5087289159,51877.4199509641,50057.1596018075
1470,"MBMS_20_07DEC23_Pst2DS_1of1_rt",0.630278136,TRUE,"poly(esters/ethers/diglycidylethers/terephthalates)s",10625,450,226.5564437,46.89780536,4.830853853,1.516652987,413.2352941,9175,400,9075,"confident","ba008053a4251a929a6ddc0368a603d6",0.008328583,107,107,105,1,136.7271245,"<212 µm",20,1,"SLR20231220SD","river water","plastic","sample","San Lorenzo","subsurface","20231220",2023-12-20,"fiber",226.5564437,46.89780536,"polyester/PET",1.38,"TODO(cite): polymer density handbook/default table","settling","settling",0.286474508437567,13.4350257373067,391355.408333164,540070.463499767,430490.949166481
1425,"MBMS_20_07DEC23_Pst2DS_1of1_rt",0.601655106,TRUE,"polystyrenes (polyphenylethylenes, -methylstyrene)",10625,487.0277042,251.3846285,42.26590968,5.947692369,1.776513574,417.6470588,9945.588235,425,9825,"confident","74c4fe421a958e770fef5f50c7a92085",0.007986695,105,105,103,1,146.8252691,"<212 µm",20,1,"SLR20231220SD","river water","plastic","sample","San Lorenzo","subsurface","20231220",2023-12-20,"fiber",251.3846285,42.26590968,"styrenic polymers",1.05,"TODO(cite): polymer density handbook/default table","settling","settling",0.286474508437567,12.1081056992446,352702.908371681,370338.053790265,387973.199208849
879,"MBMS_20_07DEC23_Pst2DS_1of1_rt",0.642747214,TRUE,"poly(ethylene)",5000,200,104.0569415,48.05061467,2.165569415,0.636619772,3212.5,9962.5,3200,9925,"confident","17470d9e53eb8e20af24fb217d14e119",0.00906367,93,95,94,1,76.05377809,"<212 µm",20,1,"SLR20231220SD","river water","plastic","sample","San Lorenzo","subsurface","20231220",2023-12-20,"fragment",104.0569415,48.05061467,"polyethylene",0.94,"TODO(cite): polymer density handbook/default table","buoyant","buoyant",0.5,24.025307335,62898.107516815,59124.2210658061,69187.9182684966
1135,"MBMS_20_07DEC23_Pst2DS_1of1_rt",0.619306166,TRUE,"poly(ethylene)",2500,100,60.35533906,41.42135624,1.457106781,0.318309886,2012.5,10387.5,2000,10375,"confident","981810405d217d8f0bfe1dd08e4c1a6d",0.006480303,117,119,118,1,50.88834765,"<212 µm",20,1,"SLR20231220SD","river water","plastic","sample","San Lorenzo","subsurface","20231220",2023-12-20,"fragment",60.35533906,41.42135624,"polyethylene",0.94,"TODO(cite): polymer density handbook/default table","buoyant","buoyant",0.5,20.71067812,27110.2142656692,25483.6014097291,29821.2356922362
1300,"MBMS_20_07DEC23_Pst2DS_1of1_rt",0.632049826,TRUE,"poly(ethylene)",5000,220.7106781,128.0776406,39.03882032,3.280776406,0.775294712,1212.5,11625,1200,11575,"confident","6b7320a939e8001729960a77e7f06086",0.007569367,123,124,126,1,83.55823048,"<212 µm",20,1,"SLR20231220SD","river water","plastic","sample","San Lorenzo","subsurface","20231220",2023-12-20,"fiber",128.0776406,39.03882032,"polyethylene",0.94,"TODO(cite): polymer density handbook/default table","buoyant","buoyant",0.286474508437567,11.1836268611545,153305.088853381,144106.783522178,168635.597738719
630,"MBMS_20_07DEC23_Pst2DS_1of1_rt",0.655773683,TRUE,"poly(ethylene)",4375,216.2570385,128.0776406,34.15896778,3.74945875,0.850653281,4410.714286,12071.42857,4425,12025,"confident","9ef39110528f945f7c7b77452b8a2508",0.007146371,97,98,102,1,81.11830421,"<212 µm",20,1,"SLR20231220SD","river water","plastic","sample","San Lorenzo","subsurface","20231220",2023-12-20,"fiber",128.0776406,34.15896778,"polyethylene",0.94,"TODO(cite): polymer density handbook/default table","buoyant","buoyant",0.286474508437567,9.7856735035102,117374.20865337,110331.756134167,129111.629518707
1253,"MBMS_20_07DEC23_Pst2DS_1of1_rt",0.650129542,TRUE,"poly(esters/ethers/diglycidylethers/terephthalates)s",5625,266.2570385,152.4754878,36.89117562,4.133115447,1.002928109,1213.888889,12116.66667,1225,12050,"confident","b4ceaac383cbff190f3193a1a9577284",0.007941415,98,100,99,1,94.68333173,"<212 µm",20,1,"SLR20231220SD","river water","plastic","sample","San Lorenzo","subsurface","20231220",2023-12-20,"fiber",152.4754878,36.89117562,"polyester/PET",1.38,"TODO(cite): polymer density handbook/default table","settling","settling",0.286474508437567,10.5683814014235,162980.221320675,224912.705422532,179278.243452743
210,"MBMS_20_07DEC23_Pst2DS_1of1_rt",0.644760188,TRUE,"poly(ethylene)",5000,200,104.0569415,48.05061467,2.165569415,0.636619772,6412.5,15162.5,6400,15125,"confident","17470d9e53eb8e20af24fb217d14e119",0.011368464,131,131,133,1,76.05377809,"<212 µm",20,1,"SLR20231220SD","river water","plastic","sample","San Lorenzo","subsurface","20231220",2023-12-20,"fragment",104.0569415,48.05061467,"polyethylene",0.94,"TODO(cite): polymer density handbook/default table","buoyant","buoyant",0.5,24.025307335,62898.107516815,59124.2210658061,69187.9182684966
360,"MBMS_20_07DEC23_Pst2DS_1of1_rt",0.63777267,TRUE,"polyhaloolefins (vinylhalides)",3125,135.3553391,80.90169944,38.6271243,2.094427191,0.466542161,5615,17080,5625,17050,"confident","27aa474384c12065761a6a07427146f2",0.006635002,85,83,86,1,59.76441187,"<212 µm",20,1,"SLR20231220SD","river water","plastic","sample","San Lorenzo","subsurface","20231220",2023-12-20,"fragment",80.90169944,38.6271243,"halogenated vinyl polymers",1.35,"TODO(cite): polymer density handbook/default table","settling","settling",0.5,19.31356215,31601.7421728583,42662.3519333587,34761.9163901441
27,"MBMS_20_07DEC23_Pst3DS_1of2_lft",0.626847269,TRUE,"polyurethanes (isocyanates)",14375,411.1792632,177.0690633,81.18301264,2.181109785,0.93593285,7210.869565,2242.391304,7200,2175,"confident","0adbfce0b64ab410b0d0889fbb0a88cc",0.013728543,112,109,94,1,129.1260379,"<212 µm",20,1,"SLR20231220SD","river water","plastic","sample","San Lorenzo","subsurface","20231220",2023-12-20,"fragment",177.0690633,81.18301264,"polyurethane",1.2,"TODO(cite): polymer density handbook/default table","settling","settling",0.5,40.59150632,305521.405837911,366625.687005493,336073.546421702
11,"MBMS_20_07DEC23_Pst3DS_1of2_lft",0.637221804,TRUE,"polyurethanes (isocyanates)",7500,266.2570385,128.0776406,58.55823048,2.187184271,0.752196082,7481.25,2222.916667,7475,2175,"confident","eab0c1055aad4745249a67b317c11299",0.01094454,132,85,77,1,93.31793556,"<212 µm",20,1,"SLR20231220SD","river water","plastic","sample","San Lorenzo","subsurface","20231220",2023-12-20,"fragment",128.0776406,58.55823048,"polyurethane",1.2,"TODO(cite): polymer density handbook/default table","settling","settling",0.5,29.27911524,114978.816640036,137974.579968043,126476.698304039
171,"MBMS_20_07DEC23_Pst3DS_1of2_lft",0.612819855,TRUE,"poly(acrylamide/amid)s",15625,436.9677166,201.7766953,77.43708944,2.605685425,0.972453435,5621,2564,5625,2475,"confident","5869668afcebb07d065b03d7d7c3da29",0.01934329,88,86,87,1,139.6068924,"<212 µm",20,1,"SLR20231220SD","river water","plastic","sample","San Lorenzo","subsurface","20231220",2023-12-20,"fragment",201.7766953,77.43708944,"polyamide/acrylamide",1.14,"TODO(cite): polymer density handbook/default table","settling","settling",0.5,38.71854472,316765.35327262,361112.502730786,348441.888599882
187,"MBMS_20_07DEC23_Pst3DS_1of2_lft",0.64986397,TRUE,"poly(acrylamide/amid)s",6250,236.9677166,115.1387819,54.28231824,2.121110255,0.714971098,5402.5,4060,5375,4025,"confident","37e7b99cbb7e394dd7a06a465b34c761",0.01020145,146,148,147,1,84.71055006,"<212 µm",20,1,"SLR20231220SD","river water","plastic","sample","San Lorenzo","subsurface","20231220",2023-12-20,"fragment",115.1387819,54.28231824,"polyamide/acrylamide",1.14,"TODO(cite): polymer density handbook/default table","settling","settling",0.5,27.14115912,88819.2355344377,101253.928509259,97701.1590878815
2,"MBMS_20_07DEC23_Pst3DS_1of2_lft",0.649863631,TRUE,"poly(propylene)",1250,50,50,25,2,0.159154943,7500,4212.5,7500,4200,"confident","e58b30f5cf6c4238c187f7fd5f8c5f2f",0.007690673,193,78,75,1,37.5,"<212 µm",20,1,"SLR20231220SD","river water","plastic","sample","San Lorenzo","subsurface","20231220",2023-12-20,"fragment",50,25,"polypropylene",0.9,"TODO(cite): polymer density handbook/default table","buoyant","buoyant",0.5,12.5,8181.23086872342,7363.10778185108,8999.35395559576
9,"MBMS_20_07DEC23_Pst3DS_1of2_lft",0.604538865,TRUE,"poly(propylene)",2500,120.7106781,75,33.33333333,2.25,0.463811494,7493.75,4875,7500,4850,"confident","326dc17f4ac335748133976836b4f0c8",0.008125162,255,149,153,1,54.16666667,"<212 µm",20,1,"SLR20231220SD","river water","plastic","sample","San Lorenzo","subsurface","20231220",2023-12-20,"fragment",75,33.33333333,"polypropylene",0.9,"TODO(cite): polymer density handbook/default table","buoyant","buoyant",0.5,16.666666665,21816.6156455658,19634.9540810092,23998.2772101224
303,"MBMS_20_07DEC23_Pst3DS_1of2_lft",0.631703771,TRUE,"poly(ethylene)",4375,185.3553391,104.0569415,42.04428784,2.474936474,0.624916913,3842.857143,5485.714286,3800,5475,"confident","bd11002857d28565be5fa80973b9c2a4",0.008610562,98,97,102,1,73.05061467,"<212 µm",20,1,"SLR20231220SD","river water","plastic","sample","San Lorenzo","subsurface","20231220",2023-12-20,"fragment",104.0569415,42.04428784,"polyethylene",0.94,"TODO(cite): polymer density handbook/default table","buoyant","buoyant",0.5,21.02214392,48156.3635761518,45266.9817615827,52971.999933767
401,"MBMS_20_07DEC23_Pst3DS_1of2_lft",0.631866891,TRUE,"polyvinylethers",1875,85.35533906,60.35533906,31.06601718,1.942809042,0.309207662,2566.666667,7091.666667,2575,7075,"confident","bae0fd4bda919e73f39f188ff7e08b2a",0.006893916,151,151,149,1,45.71067812,"<212 µm",20,1,"SLR20231220SD","river water","plastic","sample","San Lorenzo","subsurface","20231220",2023-12-20,"fragment",60.35533906,31.06601718,"vinyl polymers",1.25,"TODO(cite): polymer density handbook/default table","settling","settling",0.5,15.53300859,15249.4955244389,19061.8694055487,16774.4450768828
424,"MBMS_20_07DEC23_Pst3DS_1of2_lft",0.653298455,TRUE,"poly(acrylamide/amid)s",6250,220.7106781,115.1387819,54.28231824,2.121110255,0.62023577,2225,7912.5,2200,7875,"confident","37e7b99cbb7e394dd7a06a465b34c761",0.009538172,90,90,78,1,84.71055006,"<212 µm",20,1,"SLR20231220SD","river water","plastic","sample","San Lorenzo","subsurface","20231220",2023-12-20,"fragment",115.1387819,54.28231824,"polyamide/acrylamide",1.14,"TODO(cite): polymer density handbook/default table","settling","settling",0.5,27.14115912,88819.2355344377,101253.928509259,97701.1590878815
96,"MBMS_20_07DEC23_Pst3DS_1of2_lft",0.655334197,TRUE,"polyvinylethers",1250,50,50,25,2,0.159154943,6400,7887.5,6400,7875,"confident","744d30d5dcb259637701644849f56168",0.00741916,70,71,75,1,37.5,"<212 µm",20,1,"SLR20231220SD","river water","plastic","sample","San Lorenzo","subsurface","20231220",2023-12-20,"fragment",50,25,"vinyl polymers",1.25,"TODO(cite): polymer density handbook/default table","settling","settling",0.5,12.5,8181.23086872342,10226.5385859043,8999.35395559576
305,"MBMS_20_07DEC23_Pst3DS_1of2_lft",0.631518004,TRUE,"poly(propylene)",12500,379.6900182,177.0690633,70.59392403,2.508276253,0.917779775,3805,9173.75,3800,9100,"confident","a69f39ed8f44d6d4ce1145f1b62de5ab",0.010412434,89,89,91,1,123.8314936,"<212 µm",20,1,"SLR20231220SD","river water","plastic","sample","San Lorenzo","subsurface","20231220",2023-12-20,"fragment",177.0690633,70.59392403,"polypropylene",0.9,"TODO(cite): polymer density handbook/default table","buoyant","buoyant",0.5,35.296962015,231018.076216645,207916.268594981,254119.88383831
245,"MBMS_20_07DEC23_Pst3DS_1of2_lft",0.657578748,TRUE,"poly(propylene)",6250,249.7676196,131.0660172,47.68589246,2.748528137,0.794296024,4667.5,9840,4625,9800,"confident","59990e735e7b241c29490046d8f293c3",0.010667864,137,141,142,1,89.37595482,"<212 µm",20,1,"SLR20231220SD","river water","plastic","sample","San Lorenzo","subsurface","20231220",2023-12-20,"fragment",131.0660172,47.68589246,"polypropylene",0.9,"TODO(cite): polymer density handbook/default table","buoyant","buoyant",0.5,23.84294623,78025.8590962503,70223.2731866253,85828.4450058753
52,"MBMS_20_07DEC23_Pst3DS_1of2_lft",0.64998932,TRUE,"polyvinylesters",1875,85.35533906,60.35533906,31.06601718,1.942809042,0.309207662,6966.666667,11058.33333,6950,11050,"confident","6a2fa071c066d99996aa9f78d90c3845",0.007399736,88,93,89,1,45.71067812,"<212 µm",20,1,"SLR20231220SD","river water","plastic","sample","San Lorenzo","subsurface","20231220",2023-12-20,"fragment",60.35533906,31.06601718,"vinyl polymers",1.25,"TODO(cite): polymer density handbook/default table","settling","settling",0.5,15.53300859,15249.4955244389,19061.8694055487,16774.4450768828
216,"MBMS_20_07DEC23_Pst3DS_1of2_lft",0.650839853,TRUE,"poly(esters/ethers/diglycidylethers/terephthalates)s",3125,135.3553391,80.90169944,38.6271243,2.094427191,0.466542161,5045,12615,5025,12600,"confident","bbd8daa4372c052c9ab11f4a2baa2681",0.007194947,110,110,108,1,59.76441187,"<212 µm",20,1,"SLR20231220SD","river water","plastic","sample","San Lorenzo","subsurface","20231220",2023-12-20,"fragment",80.90169944,38.6271243,"polyester/PET",1.38,"TODO(cite): polymer density handbook/default table","settling","settling",0.5,19.31356215,31601.7421728583,43610.4041985444,34761.9163901441
28,"MBMS_20_07DEC23_Pst3DS_1of2_rt",0.611500553,TRUE,"polystyrenes (polyphenylethylenes, -methylstyrene)",1250,50,50,25,2,0.159154943,5375,7412.5,5375,7400,"confident","3f8857e035652a184d3b47d89f151207",0.006492973,142,144,143,1,37.5,"<212 µm",20,1,"SLR20231220SD","river water","plastic","sample","San Lorenzo","subsurface","20231220",2023-12-20,"fragment",50,25,"styrenic polymers",1.05,"TODO(cite): polymer density handbook/default table","settling","settling",0.5,12.5,8181.23086872342,8590.29241215959,8999.35395559576
181,"MBMS_20_07DEC23_Pst3DS_1of2_rt",0.605223152,TRUE,"polyurethanes (isocyanates)",13125,443.7325263,207.0027472,63.40495561,3.26477237,1.193804888,982.1428571,9291.666667,975,9200,"confident","0adbfce0b64ab410b0d0889fbb0a88cc",0.010631613,101,103,102,1,135.2038514,"<212 µm",20,1,"SLR20231220SD","river water","plastic","sample","San Lorenzo","subsurface","20231220",2023-12-20,"fiber",207.0027472,63.40495561,"polyurethane",1.2,"TODO(cite): polymer density handbook/default table","settling","settling",0.286474508437567,18.1639034908805,653600.530752613,784320.636903136,718960.583827875
9,"MBMS_20_07DEC23_Pst3DS_1of2_rt",0.654272078,TRUE,"poly(propylene)",17500,563.7444119,275,63.63636364,4.321428571,1.445162179,6027.678571,10404.46429,6025,10275,"confident","ce50f6e46198066847def3525d475688",0.014809304,72,73,65,1,169.3181818,"<212 µm",20,1,"SLR20231220SD","river water","plastic","sample","San Lorenzo","subsurface","20231220",2023-12-20,"fiber",275,63.63636364,"polypropylene",0.9,"TODO(cite): polymer density handbook/default table","buoyant","buoyant",0.286474508437567,18.2301959925233,874647.954792573,787183.159313315,962112.75027183
239,"MBMS_20_07DEC23_Pst3DS_1of2_rt",0.631585937,TRUE,"poly(propylene)",1250,50,50,25,2,0.159154943,162.5,12375,150,12375,"confident","a69f39ed8f44d6d4ce1145f1b62de5ab",0.007820229,103,106,95,1,37.5,"<212 µm",20,1,"SLR20231220SD","river water","plastic","sample","San Lorenzo","subsurface","20231220",2023-12-20,"fragment",50,25,"polypropylene",0.9,"TODO(cite): polymer density handbook/default table","buoyant","buoyant",0.5,12.5,8181.23086872342,7363.10778185108,8999.35395559576
206,"MBMS_20_07DEC23_Pst3DS_1of2_rt",0.647287509,TRUE,"polyurethanes (isocyanates)",2500,100,60.35533906,41.42135624,1.457106781,0.318309886,587.5,12462.5,575,12450,"confident","88fe35cbb87de663d3c00287696dc84b",0.006738916,50,50,50,1,50.88834765,"<212 µm",20,1,"SLR20231220SD","river water","plastic","sample","San Lorenzo","subsurface","20231220",2023-12-20,"fragment",60.35533906,41.42135624,"polyurethane",1.2,"TODO(cite): polymer density handbook/default table","settling","settling",0.5,20.71067812,27110.2142656692,32532.2571188031,29821.2356922362
141,"MBMS_20_07DEC23_Pst3DS_1of2_rt",0.646144832,TRUE,"poly(ethylene)",1250,50,50,25,2,0.159154943,1775,13087.5,1775,13075,"confident","c30c4e0ba4cedc0cebe6f8ce319f6f95",0.006446232,93,94,86,1,37.5,"<212 µm",20,1,"SLR20231220SD","river water","plastic","sample","San Lorenzo","subsurface","20231220",2023-12-20,"fragment",50,25,"polyethylene",0.94,"TODO(cite): polymer density handbook/default table","buoyant","buoyant",0.5,12.5,8181.23086872342,7690.35701660001,8999.35395559576
216,"MBMS_20_07DEC23_Pst3DS_1of2_rt",0.652613677,TRUE,"poly(propylene)",15000,398.7711155,170.7737974,87.835489,1.944245991,0.843618827,233.3333333,13486.45833,225,13425,"confident","ce50f6e46198066847def3525d475688",0.01225124,111,103,84,1,129.3046432,"<212 µm",20,1,"SLR20231220SD","river water","plastic","sample","San Lorenzo","subsurface","20231220",2023-12-20,"fragment",170.7737974,87.835489,"polypropylene",0.9,"TODO(cite): polymer density handbook/default table","buoyant","buoyant",0.5,43.9177445,344929.158777936,310436.242900142,379422.07465573
184,"MBMS_20_07DEC23_Pst3DS_1of2_rt",0.645020383,TRUE,"poly(propylene)",8125,301.6123776,152.4754878,53.28725368,2.861387617,0.890974114,982.6923077,13632.69231,975,13575,"confident","ce50f6e46198066847def3525d475688",0.009175441,73,73,75,1,102.8813708,"<212 µm",20,1,"SLR20231220SD","river water","plastic","sample","San Lorenzo","subsurface","20231220",2023-12-20,"fragment",152.4754878,53.28725368,"polypropylene",0.9,"TODO(cite): polymer density handbook/default table","buoyant","buoyant",0.5,26.64362684,113348.384403646,102013.545963281,124683.222844011
57,"MBMS_20_07DEC23_Pst3DS_2of2_lft",0.649793422,TRUE,"poly(tetrafluoroethylene)",3125,135.3553391,80.90169944,38.6271243,2.094427191,0.466542161,7290,2170,7275,2150,"confident","74333cc984a3e4184607a1f6af589e6b",0.009408158,101,101,91,1,59.76441187,"<212 µm",20,1,"SLR20231220SD","river water","plastic","sample","San Lorenzo","subsurface","20231220",2023-12-20,"fragment",80.90169944,38.6271243,"PTFE",2.2,"TODO(cite): polymer density handbook/default table","settling","settling",0.5,19.31356215,31601.7421728583,69523.8327802882,34761.9163901441
16,"MBMS_20_07DEC23_Pst3DS_2of2_lft",0.633218724,TRUE,"poly(acrylamide/amid)s",140000,2364.489555,1107.243041,126.4401715,8.757051086,3.177875655,7398.102679,2717.075893,7275,2250,"confident","ce7dfdf9721d555f17ea219d7f945e33",0.016960201,94,93,89,1,616.8416063,">500 µm",20,1,"SLR20231220SD","river water","plastic","sample","San Lorenzo","subsurface","20231220",2023-12-20,"fiber",1107.243041,126.4401715,"polyamide/acrylamide",1.14,"TODO(cite): polymer density handbook/default table","settling","settling",0.286474508437567,36.2218859772242,13902822.9862309,15849218.2043033,15293105.284854
140,"MBMS_20_07DEC23_Pst3DS_2of2_lft",0.627103395,TRUE,"cellulose derivatives (ether cellulose)",1875,100,75,25,3,0.424413182,6500,3525,6500,3500,"confident","b2648216b06c0445bf976b2f1cd0d205",0.00758342,127,127,129,1,50,"<212 µm",20,1,"SLR20231220SD","river water","plastic","sample","San Lorenzo","subsurface","20231220",2023-12-20,"fiber",75,25,"cellulose derivatives",1.5,"TODO(cite): polymer density handbook/default table","settling","settling",0.286474508437567,7.16186271093919,36815.5389092554,55223.3083638831,40497.0928001809
234,"MBMS_20_07DEC23_Pst3DS_2of2_lft",0.612158362,TRUE,"poly(acrylamide/amid)s",7500,256.0660172,115.1387819,65.13878189,1.767591879,0.695717241,5591.666667,4497.916667,5600,4450,"confident","42a55d344131d3bf09d57ac25d37585f",0.013668729,82,81,76,1,90.13878189,"<212 µm",20,1,"SLR20231220SD","river water","plastic","sample","San Lorenzo","subsurface","20231220",2023-12-20,"fragment",115.1387819,65.13878189,"polyamide/acrylamide",1.14,"TODO(cite): polymer density handbook/default table","settling","settling",0.5,32.569390945,127899.699177444,145805.657062286,140689.669095189
354,"MBMS_20_07DEC23_Pst3DS_2of2_lft",0.642436702,TRUE,"poly(acrylamide/amid)s",64375,1175.849947,516.1720676,124.7161635,4.138774421,1.709136315,3748.543689,4868.68932,3700,4650,"confident","5869668afcebb07d065b03d7d7c3da29",0.014695505,119,120,104,1,320.4441156,"212-500 µm",20,1,"SLR20231220SD","river water","plastic","sample","San Lorenzo","subsurface","20231220",2023-12-20,"fiber",516.1720676,124.7161635,"polyamide/acrylamide",1.14,"TODO(cite): polymer density handbook/default table","settling","settling",0.286474508437567,35.7280016328818,6305650.06846834,7188441.07805391,6936215.07531518
36,"MBMS_20_07DEC23_Pst3DS_2of2_lft",0.601557264,TRUE,"polyhaloolefins (vinylhalides)",6250,272.3230557,150,41.66666667,3.6,0.944232494,7377.5,5657.5,7325,5625,"confident","00ad5fb85086c362d463c143fa6e1bd0",0.007762935,98,100,99,1,95.83333333,"<212 µm",20,1,"SLR20231220SD","river water","plastic","sample","San Lorenzo","subsurface","20231220",2023-12-20,"fiber",150,41.66666667,"halogenated vinyl polymers",1.35,"TODO(cite): polymer density handbook/default table","settling","settling",0.286474508437567,11.9364378525202,204530.77175081,276116.541863594,224983.848925891
386,"MBMS_20_07DEC23_Pst3DS_2of2_lft",0.646574156,TRUE,"poly(acrylamide/amid)s",1875,85.35533906,60.35533906,31.06601718,1.942809042,0.309207662,2991.666667,5708.333333,2975,5700,"confident","0cbf3fb26f73d85fd1d678a4aade4492",0.006846676,83,83,75,1,45.71067812,"<212 µm",20,1,"SLR20231220SD","river water","plastic","sample","San Lorenzo","subsurface","20231220",2023-12-20,"fragment",60.35533906,31.06601718,"polyamide/acrylamide",1.14,"TODO(cite): polymer density handbook/default table","settling","settling",0.5,15.53300859,15249.4955244389,17384.4248978604,16774.4450768828
433,"MBMS_20_07DEC23_Pst3DS_2of2_lft",0.605129828,TRUE,"poly(esters/ethers/diglycidylethers/terephthalates)s",2500,120.7106781,75,33.33333333,2.25,0.463811494,1406.25,6100,1400,6075,"confident","1c282e3a65f68b33d9c597a3627ff239",0.007025064,68,65,60,1,54.16666667,"<212 µm",20,1,"SLR20231220SD","river water","plastic","sample","San Lorenzo","subsurface","20231220",2023-12-20,"fragment",75,33.33333333,"polyester/PET",1.38,"TODO(cite): polymer density handbook/default table","settling","settling",0.5,16.666666665,21816.6156455658,30106.9295908808,23998.2772101224
403,"MBMS_20_07DEC23_Pst3DS_2of2_lft",0.652103615,TRUE,"poly(esters/ethers/diglycidylethers/terephthalates)s",1875,85.35533906,60.35533906,31.06601718,1.942809042,0.309207662,2408.333333,6391.666667,2400,6375,"confident","5bd80973de050687e00bc4d5f611e086",0.007397863,102,103,95,1,45.71067812,"<212 µm",20,1,"SLR20231220SD","river water","plastic","sample","San Lorenzo","subsurface","20231220",2023-12-20,"fragment",60.35533906,31.06601718,"polyester/PET",1.38,"TODO(cite): polymer density handbook/default table","settling","settling",0.5,15.53300859,15249.4955244389,21044.3038237257,16774.4450768828
222,"MBMS_20_07DEC23_Pst3DS_2of2_lft",0.653030777,TRUE,"poly(propylene)",61875,1097.05004,420.2847075,147.2216307,2.854775521,1.54784618,5778.535354,7280.555556,5800,7075,"confident","ce50f6e46198066847def3525d475688",0.017271155,101,101,99,1,283.7531691,"212-500 µm",20,1,"SLR20231220SD","river water","plastic","sample","San Lorenzo","subsurface","20231220",2023-12-20,"fragment",420.2847075,147.2216307,"polypropylene",0.9,"TODO(cite): polymer density handbook/default table","buoyant","buoyant",0.5,73.61081535,2384819.21612286,2146337.29451057,2623301.13773515
170,"MBMS_20_07DEC23_Pst3DS_2of2_lft",0.617479384,TRUE,"poly(acrylamide/amid)s",5625,206.0660172,104.0569415,54.0569415,1.924950591,0.600731442,6308.333333,8347.222222,6275,8325,"confident","5ec431b73b0bc9f29f5702d5e4066224",0.007843071,94,95,89,1,79.0569415,"<212 µm",20,1,"SLR20231220SD","river water","plastic","sample","San Lorenzo","subsurface","20231220",2023-12-20,"fragment",104.0569415,54.0569415,"polyamide/acrylamide",1.14,"TODO(cite): polymer density handbook/default table","settling","settling",0.5,27.02847075,79605.4173149244,90750.1757390138,87565.9590464168
96,"MBMS_20_07DEC23_Pst3DS_2of2_lft",0.641935641,TRUE,"polystyrenes (polyphenylethylenes, -methylstyrene)",1250,50,50,25,2,0.159154943,6775,8487.5,6775,8475,"confident","3f8857e035652a184d3b47d89f151207",0.006169586,82,79,70,1,37.5,"<212 µm",20,1,"SLR20231220SD","river water","plastic","sample","San Lorenzo","subsurface","20231220",2023-12-20,"fragment",50,25,"styrenic polymers",1.05,"TODO(cite): polymer density handbook/default table","settling","settling",0.5,12.5,8181.23086872342,8590.29241215959,8999.35395559576
438,"MBMS_20_07DEC23_Pst3DS_2of2_lft",0.615492181,TRUE,"poly(ethylene)",16875,462.6261553,205.2775638,82.20576906,2.497118707,1.009268502,1156.481481,8601.851852,1175,8525,"confident","fefe417c165287006d593938e8366042",0.012362489,103,102,100,1,143.7416664,"<212 µm",20,1,"SLR20231220SD","river water","plastic","sample","San Lorenzo","subsurface","20231220",2023-12-20,"fragment",205.2775638,82.20576906,"polyethylene",0.94,"TODO(cite): polymer density handbook/default table","buoyant","buoyant",0.5,41.10288453,363173.962790564,341383.52502313,399491.35906962
330,"MBMS_20_07DEC23_Pst3DS_2of2_lft",0.63997144,TRUE,"poly(esters/ethers/diglycidylethers/terephthalates)s",10000,317.8694161,152.4754878,65.58431222,2.324877439,0.804058457,4109.375,9017.1875,4100,8950,"confident","f51d435d168125e9210c8734b3a8599a",0.012064541,111,109,97,1,109.0299,"<212 µm",20,1,"SLR20231220SD","river water","plastic","sample","San Lorenzo","subsurface","20231220",2023-12-20,"fragment",152.4754878,65.58431222,"polyester/PET",1.38,"TODO(cite): polymer density handbook/default table","settling","settling",0.5,32.79215611,171699.327845988,236945.072427464,188869.260630587
73,"MBMS_20_07DEC23_Pst3DS_2of2_lft",0.658797587,TRUE,"poly(acrylamide/amid)s",3125,135.3553391,80.90169944,38.6271243,2.094427191,0.466542161,7090,8995,7075,8975,"confident","798c6cdb451bebea4788e00a1bb14523",0.007844813,83,85,80,1,59.76441187,"<212 µm",20,1,"SLR20231220SD","river water","plastic","sample","San Lorenzo","subsurface","20231220",2023-12-20,"fragment",80.90169944,38.6271243,"polyamide/acrylamide",1.14,"TODO(cite): polymer density handbook/default table","settling","settling",0.5,19.31356215,31601.7421728583,36025.9860770584,34761.9163901441
429,"MBMS_20_07DEC23_Pst3DS_2of2_lft",0.644758767,TRUE,"poly(esters/ethers/diglycidylethers/terephthalates)s",3125,135.3553391,80.90169944,38.6271243,2.094427191,0.466542161,1690,9055,1700,9025,"confident","1b23e42c089c0ebee718d86c8b34ade5",0.007524561,102,103,97,1,59.76441187,"<212 µm",20,1,"SLR20231220SD","river water","plastic","sample","San Lorenzo","subsurface","20231220",2023-12-20,"fragment",80.90169944,38.6271243,"polyester/PET",1.38,"TODO(cite): polymer density handbook/default table","settling","settling",0.5,19.31356215,31601.7421728583,43610.4041985444,34761.9163901441
428,"MBMS_20_07DEC23_Pst3DS_2of2_lft",0.657616367,TRUE,"polyhaloolefins (vinylhalides)",1250,50,50,25,2,0.159154943,1700,9237.5,1700,9225,"confident","00ad5fb85086c362d463c143fa6e1bd0",0.006733277,75,78,71,1,37.5,"<212 µm",20,1,"SLR20231220SD","river water","plastic","sample","San Lorenzo","subsurface","20231220",2023-12-20,"fragment",50,25,"halogenated vinyl polymers",1.35,"TODO(cite): polymer density handbook/default table","settling","settling",0.5,12.5,8181.23086872342,11044.6616727766,8999.35395559576
115,"MBMS_20_07DEC23_Pst3DS_2of2_lft",0.643794775,TRUE,"poly(acrylamide/amid)s",12500,351.6123776,166.4213562,75.11055241,2.215685425,0.787061072,6653.75,9468.75,6600,9425,"confident","42a55d344131d3bf09d57ac25d37585f",0.009803236,146,146,144,1,120.7659543,"<212 µm",20,1,"SLR20231220SD","river water","plastic","sample","San Lorenzo","subsurface","20231220",2023-12-20,"fragment",166.4213562,75.11055241,"polyamide/acrylamide",1.14,"TODO(cite): polymer density handbook/default table","settling","settling",0.5,37.555276205,245798.707918499,280210.527027089,270378.578710349
7,"MBMS_20_07DEC23_Pst3DS_2of2_lft",0.635775406,TRUE,"cellulose derivatives (ether cellulose)",1875,100,75,25,3,0.424413182,7500,9750,7500,9725,"confident","6bb22c5ff9b235733e49fa78a64ce745",0.007301255,164,51,47,1,50,"<212 µm",20,1,"SLR20231220SD","river water","plastic","sample","San Lorenzo","subsurface","20231220",2023-12-20,"fiber",75,25,"cellulose derivatives",1.5,"TODO(cite): polymer density handbook/default table","settling","settling",0.286474508437567,7.16186271093919,36815.5389092554,55223.3083638831,40497.0928001809
311,"MBMS_20_07DEC23_Pst3DS_2of2_lft",0.65246652,TRUE,"poly(propylene)",20000,601.9633822,255.4886114,78.28137578,3.263721529,1.441784285,4285.15625,9817.96875,4275,9750,"confident","cce3572892bb27fca9f7cffdcf5fda00",0.009042569,93,92,88,1,166.8849936,"<212 µm",20,1,"SLR20231220SD","river water","plastic","sample","San Lorenzo","subsurface","20231220",2023-12-20,"fiber",255.4886114,78.28137578,"polypropylene",0.9,"TODO(cite): polymer density handbook/default table","buoyant","buoyant",0.286474508437567,22.425618646392,1229640.97510241,1106676.87759217,1352605.07261265
162,"MBMS_20_07DEC23_Pst3DS_2of2_lft",0.639277233,TRUE,"poly(ethylene)",15625,493.1992193,240.0581317,65.08840126,3.688186021,1.238839005,6292,10555,6200,10500,"confident","974c3d4bd2ad2b3e126cf2c6435502bf",0.009336661,90,92,87,1,152.5732665,"<212 µm",20,1,"SLR20231220SD","river water","plastic","sample","San Lorenzo","subsurface","20231220",2023-12-20,"fiber",240.0581317,65.08840126,"polyethylene",0.94,"TODO(cite): polymer density handbook/default table","buoyant","buoyant",0.286474508437567,18.6461677559456,798754.856469063,750829.565080919,878630.342115969
114,"MBMS_20_07DEC23_Pst3DS_2of2_lft",0.634269533,TRUE,"polyhaloolefins (vinylhalides)",3750,156.0660172,80.90169944,46.35254916,1.745355992,0.516863141,6679.166667,10929.16667,6675,10900,"confident","ff9f5afc73744c31127d20fbed56185e",0.008416242,79,78,76,1,63.6271243,"<212 µm",20,1,"SLR20231220SD","river water","plastic","sample","San Lorenzo","subsurface","20231220",2023-12-20,"fragment",80.90169944,46.35254916,"halogenated vinyl polymers",1.35,"TODO(cite): polymer density handbook/default table","settling","settling",0.5,23.17627458,45506.5087289159,61433.7867840365,50057.1596018075
225,"MBMS_20_07DEC23_Pst3DS_2of2_lft",0.654982929,TRUE,"poly(propylene)",1250,50,50,25,2,0.159154943,5800,11087.5,5800,11075,"confident","1bc71d48167000b1c7badd72d8c7354c",0.006383901,86,89,82,1,37.5,"<212 µm",20,1,"SLR20231220SD","river water","plastic","sample","San Lorenzo","subsurface","20231220",2023-12-20,"fragment",50,25,"polypropylene",0.9,"TODO(cite): polymer density handbook/default table","buoyant","buoyant",0.5,12.5,8181.23086872342,7363.10778185108,8999.35395559576
153,"MBMS_20_07DEC23_Pst3DS_2of2_lft",0.659149971,TRUE,"poly(acrylamide/amid)s",153125,2031.763185,781.6372975,195.9028829,3.989922383,2.145310744,6037.44898,12051.32653,5800,11850,"confident","ce7dfdf9721d555f17ea219d7f945e33",0.016513496,77,77,69,1,488.7700902,"212-500 µm",20,1,"SLR20231220SD","river water","plastic","sample","San Lorenzo","subsurface","20231220",2023-12-20,"fiber",781.6372975,195.9028829,"polyamide/acrylamide",1.14,"TODO(cite): polymer density handbook/default table","settling","settling",0.286474508437567,56.1211820802798,23560082.6731619,26858494.2474046,25916090.9404781
355,"MBMS_20_07DEC23_Pst3DS_2of2_lft",0.649134973,TRUE,"poly(acrylamide/amid)s",5625,216.2570385,104.0569415,54.0569415,1.924950591,0.661619218,3797.222222,12877.77778,3775,12850,"confident","ce7dfdf9721d555f17ea219d7f945e33",0.007378464,86,86,84,1,79.0569415,"<212 µm",20,1,"SLR20231220SD","river water","plastic","sample","San Lorenzo","subsurface","20231220",2023-12-20,"fragment",104.0569415,54.0569415,"polyamide/acrylamide",1.14,"TODO(cite): polymer density handbook/default table","settling","settling",0.5,27.02847075,79605.4173149244,90750.1757390138,87565.9590464168
2,"MBMS_20_07DEC23_Pst3DS_2of2_lft",0.628315456,TRUE,"poly(propylene)",1250,50,50,25,2,0.159154943,7500,13412.5,7500,13400,"confident","e72dacd1aade1ab4a96bb7327ea38344",0.006759416,182,67,70,1,37.5,"<212 µm",20,1,"SLR20231220SD","river water","plastic","sample","San Lorenzo","subsurface","20231220",2023-12-20,"fragment",50,25,"polypropylene",0.9,"TODO(cite): polymer density handbook/default table","buoyant","buoyant",0.5,12.5,8181.23086872342,7363.10778185108,8999.35395559576
447,"MBMS_20_07DEC23_Pst3DS_2of2_rt",0.628278993,TRUE,"poly(propylene)",3125,135.3553391,80.90169944,38.6271243,2.094427191,0.466542161,760,2755,750,2725,"confident","59990e735e7b241c29490046d8f293c3",0.007239354,117,117,117,1,59.76441187,"<212 µm",20,1,"SLR20231220SD","river water","plastic","sample","San Lorenzo","subsurface","20231220",2023-12-20,"fragment",80.90169944,38.6271243,"polypropylene",0.9,"TODO(cite): polymer density handbook/default table","buoyant","buoyant",0.5,19.31356215,31601.7421728583,28441.5679555724,34761.9163901441
146,"MBMS_20_07DEC23_Pst3DS_2of2_rt",0.635269669,TRUE,"polystyrenes (polyphenylethylenes, -methylstyrene)",3750,150,80.90169944,46.35254916,1.745355992,0.477464829,3412.5,3100,3400,3075,"confident","9b96daa472d16f78fbf637c342c5ba65",0.007739785,54,54,64,1,63.6271243,"<212 µm",20,1,"SLR20231220SD","river water","plastic","sample","San Lorenzo","subsurface","20231220",2023-12-20,"fragment",80.90169944,46.35254916,"styrenic polymers",1.05,"TODO(cite): polymer density handbook/default table","settling","settling",0.5,23.17627458,45506.5087289159,47781.8341653617,50057.1596018075
151,"MBMS_20_07DEC23_Pst3DS_2of2_rt",0.61859608,TRUE,"poly(esters/ethers/diglycidylethers/terephthalates)s",8750,297.4873734,136.8033989,63.96039917,2.138876565,0.8048578,3294.642857,3355.357143,3275,3300,"confident","e4202f1b46a7bed0de0b646d360a5ade",0.011113064,85,86,91,1,100.381899,"<212 µm",20,1,"SLR20231220SD","river water","plastic","sample","San Lorenzo","subsurface","20231220",2023-12-20,"fragment",136.8033989,63.96039917,"polyester/PET",1.38,"TODO(cite): polymer density handbook/default table","settling","settling",0.5,31.980199585,146516.941802726,202193.379687762,161168.635982999
132,"MBMS_20_07DEC23_Pst3DS_2of2_rt",0.647719119,TRUE,"poly(ethylene)",43125,778.1195397,341.227766,126.3818607,2.699974221,1.117258507,3443.478261,3620.289855,3400,3475,"confident","974c3d4bd2ad2b3e126cf2c6435502bf",0.014799682,145,148,153,1,233.8048134,"212-500 µm",20,1,"SLR20231220SD","river water","plastic","sample","San Lorenzo","subsurface","20231220",2023-12-20,"fragment",341.227766,126.3818607,"polyethylene",0.94,"TODO(cite): polymer density handbook/default table","buoyant","buoyant",0.5,63.19093035,1426863.66806302,1341251.84797924,1569550.03486933
202,"MBMS_20_07DEC23_Pst3DS_2of2_rt",0.649134598,TRUE,"polyurethanes (isocyanates)",8750,339.8810395,170.7737974,51.23736858,3.332993128,1.050596522,2855.357143,3710.714286,2900,3675,"confident","967b8857b16c7c6329490b839c5edca5",0.008082149,110,109,107,1,111.005583,"<212 µm",20,1,"SLR20231220SD","river water","plastic","sample","San Lorenzo","subsurface","20231220",2023-12-20,"fiber",170.7737974,51.23736858,"polyurethane",1.2,"TODO(cite): polymer density handbook/default table","settling","settling",0.286474508437567,14.67819997759,352115.182873328,422538.219447994,387326.701160661
190,"MBMS_20_07DEC23_Pst3DS_2of2_rt",0.621486199,TRUE,"poly(propylene)",1875,116.2570385,80.90169944,23.17627458,3.490711985,0.573624081,2991.666667,3900,2975,3875,"confident","253b36c752b82c709f6a4c8d38b33bf4",0.006213492,108,108,108,1,52.03898701,"<212 µm",20,1,"SLR20231220SD","river water","plastic","sample","San Lorenzo","subsurface","20231220",2023-12-20,"fiber",80.90169944,23.17627458,"polypropylene",0.9,"TODO(cite): polymer density handbook/default table","buoyant","buoyant",0.286474508437567,6.63941186771959,34129.8815466869,30716.8933920182,37542.8697013556
253,"MBMS_20_07DEC23_Pst3DS_2of2_rt",0.65770334,TRUE,"poly(esters/ethers/diglycidylethers/terephthalates)s",3750,170.7106781,104.0569415,36.037961,2.887425887,0.618415325,2487.5,4162.5,2475,4125,"confident","1b23e42c089c0ebee718d86c8b34ade5",0.007433511,156,156,158,1,70.04745125,"<212 µm",20,1,"SLR20231220SD","river water","plastic","sample","San Lorenzo","subsurface","20231220",2023-12-20,"fragment",104.0569415,36.037961,"polyester/PET",1.38,"TODO(cite): polymer density handbook/default table","settling","settling",0.5,18.0189805,35380.1854732997,48824.6559531536,38918.2040206297
409,"MBMS_20_07DEC23_Pst3DS_2of2_rt",0.623984516,TRUE,"poly(acrylamide/amid)s",62500,1202.340032,494.7073557,126.337317,3.915765885,1.840622528,955,4442.25,775,4250,"confident","42a55d344131d3bf09d57ac25d37585f",0.018837761,128,129,134,1,310.5223363,"212-500 µm",20,1,"SLR20231220SD","river water","plastic","sample","San Lorenzo","subsurface","20231220",2023-12-20,"fiber",494.7073557,126.337317,"polyamide/acrylamide",1.14,"TODO(cite): polymer density handbook/default table","settling","settling",0.286474508437567,36.1924207848961,6201568.54818788,7069788.14493419,6821725.40300667
356,"MBMS_20_07DEC23_Pst3DS_2of2_rt",0.653766226,TRUE,"poly(acrylamide/amid)s",125625,1825.223317,698.1456009,179.9409748,3.879858946,2.11030913,1288.681592,4802.736318,1375,4425,"confident","37e7b99cbb7e394dd7a06a465b34c761",0.021468415,109,110,112,1,439.0432879,"212-500 µm",20,1,"SLR20231220SD","river water","plastic","sample","San Lorenzo","subsurface","20231220",2023-12-20,"fiber",698.1456009,179.9409748,"polyamide/acrylamide",1.14,"TODO(cite): polymer density handbook/default table","settling","settling",0.286474508437567,51.5485023036067,17753992.2073683,20239551.1163999,19529391.4281052
78,"MBMS_20_07DEC23_Pst3DS_2of2_rt",0.612682341,TRUE,"poly(acrylamide/amid)s",1250,50,50,25,2,0.159154943,4175,4962.5,4175,4950,"confident","ce7dfdf9721d555f17ea219d7f945e33",0.007784436,105,105,93,1,37.5,"<212 µm",20,1,"SLR20231220SD","river water","plastic","sample","San Lorenzo","subsurface","20231220",2023-12-20,"fragment",50,25,"polyamide/acrylamide",1.14,"TODO(cite): polymer density handbook/default table","settling","settling",0.5,12.5,8181.23086872342,9326.6031903447,8999.35395559576
394,"MBMS_20_07DEC23_Pst3DS_2of2_rt",0.641299076,TRUE,"poly(propylene)",54375,1045.061908,431.9705149,125.876647,3.431697025,1.598361105,1014.367816,5141.37931,1000,5000,"confident","e58b30f5cf6c4238c187f7fd5f8c5f2f",0.014365584,104,105,109,1,278.9235809,"212-500 µm",20,1,"SLR20231220SD","river water","plastic","sample","San Lorenzo","subsurface","20231220",2023-12-20,"fiber",431.9705149,125.876647,"polypropylene",0.9,"TODO(cite): polymer density handbook/default table","buoyant","buoyant",0.286474508437567,36.0604505730942,5375691.25248488,4838122.12723639,5913260.37773336
522,"MBMS_20_07DEC23_Pst3DS_2of2_rt",0.623127979,TRUE,"polystyrenes (polyphenylethylenes, -methylstyrene)",19375,463.9098974,201.7766953,96.0219909,2.101359214,0.883925578,212.9032258,5362.096774,200,5275,"confident","3f8857e035652a184d3b47d89f151207",0.016000554,108,106,107,1,148.8993431,"<212 µm",20,1,"SLR20231220SD","river water","plastic","sample","San Lorenzo","subsurface","20231220",2023-12-20,"fragment",201.7766953,96.0219909,"styrenic polymers",1.05,"TODO(cite): polymer density handbook/default table","settling","settling",0.5,48.01099545,487058.40713517,511411.327491928,535764.247848687
393,"MBMS_20_07DEC23_Pst3DS_2of2_rt",0.651002228,TRUE,"poly(ethylene)",6875,256.0660172,136.8033989,50.25459935,2.722206537,0.758964262,1177.272727,5368.181818,1150,5325,"confident","686c0aee4f2abda7eb149813d50f8bd2",0.011469932,99,101,100,1,93.52899911,"<212 µm",20,1,"SLR20231220SD","river water","plastic","sample","San Lorenzo","subsurface","20231220",2023-12-20,"fragment",136.8033989,50.25459935,"polyethylene",0.94,"TODO(cite): polymer density handbook/default table","buoyant","buoyant",0.5,25.127299675,90451.7855083762,85024.6783778736,99496.9640592138
317,"MBMS_20_07DEC23_Pst3DS_2of2_rt",0.609343359,TRUE,"poly(esters/ethers/diglycidylethers/terephthalates)s",35625,683.2356349,286.0076627,124.5595998,2.296151106,1.042740596,1720.614035,5477.192982,1675,5375,"confident","1b23e42c089c0ebee718d86c8b34ade5",0.015144315,101,103,102,1,205.2836312,"<212 µm",20,1,"SLR20231220SD","river water","plastic","sample","San Lorenzo","subsurface","20231220",2023-12-20,"fragment",286.0076627,124.5595998,"polyester/PET",1.38,"TODO(cite): polymer density handbook/default table","settling","settling",0.5,62.2797999,1161717.96106683,1603170.78627223,1277889.75717352
308,"MBMS_20_07DEC23_Pst3DS_2of2_rt",0.626192632,TRUE,"poly(acrylamide/amid)s",58750,1137.890698,438.8236339,133.8806652,3.277722242,1.753813301,1748.404255,5869.680851,1650,5625,"confident","42a55d344131d3bf09d57ac25d37585f",0.013350619,129,128,133,1,286.3521495,"212-500 µm",20,1,"SLR20231220SD","river water","plastic","sample","San Lorenzo","subsurface","20231220",2023-12-20,"fiber",438.8236339,133.8806652,"polyamide/acrylamide",1.14,"TODO(cite): polymer density handbook/default table","settling","settling",0.286474508437567,38.3533977524645,6177540.67931058,7042396.37441406,6795294.74724163
70,"MBMS_20_07DEC23_Pst3DS_2of2_rt",0.653277072,TRUE,"poly(propylene)",28125,632.4848045,286.0076627,98.33652613,2.908458067,1.131873252,4223.888889,6043.888889,4200,5900,"confident","95d922e258e68158e16ad7c14c69917d",0.011990385,86,86,88,1,192.1720944,"<212 µm",20,1,"SLR20231220SD","river water","plastic","sample","San Lorenzo","subsurface","20231220",2023-12-20,"fragment",286.0076627,98.33652613,"polypropylene",0.9,"TODO(cite): polymer density handbook/default table","buoyant","buoyant",0.5,49.168263065,724062.440697353,651656.196627617,796468.684767088
503,"MBMS_20_07DEC23_Pst3DS_2of2_rt",0.65805302,TRUE,"poly(propylene)",127500,2121.939379,859.4159634,148.3565647,5.792908221,2.810256082,194.1176471,6861.519608,275,6400,"confident","ce50f6e46198066847def3525d475688",0.019543057,124,124,122,1,503.8862641,">500 µm",20,1,"SLR20231220SD","river water","plastic","sample","San Lorenzo","subsurface","20231220",2023-12-20,"fiber",859.4159634,148.3565647,"polypropylene",0.9,"TODO(cite): polymer density handbook/default table","buoyant","buoyant",0.286474508437567,42.5003739459187,14856169.1115043,13370552.2003539,16341786.0226547
82,"MBMS_20_07DEC23_Pst3DS_2of2_rt",0.646334065,TRUE,"polymethacrylates",4375,170.7106781,95.71067812,45.71067812,2.093836321,0.530070278,4100,6900,4075,6875,"confident","cec1e37205c3a4a00dba75135f1fe91e",0.008388314,106,108,107,1,70.71067812,"<212 µm",20,1,"SLR20231220SD","river water","plastic","sample","San Lorenzo","subsurface","20231220",2023-12-20,"fragment",95.71067812,45.71067812,"acrylic polymers",1.18,"TODO(cite): polymer density handbook/default table","settling","settling",0.5,22.85533906,52355.7455234641,61779.7797176876,57591.3200758105
346,"MBMS_20_07DEC23_Pst3DS_2of2_rt",0.634666527,TRUE,"polymethacrylates",3750,166.2570385,95.71067812,39.18058124,2.442809042,0.586568786,1554.166667,7250,1550,7225,"confident","3b5772a7bd25746414ac4fbb296ed6f1",0.007381857,180,183,192,1,67.44562968,"<212 µm",20,1,"SLR20231220SD","river water","plastic","sample","San Lorenzo","subsurface","20231220",2023-12-20,"fragment",95.71067812,39.18058124,"acrylic polymers",1.18,"TODO(cite): polymer density handbook/default table","settling","settling",0.5,19.59029062,38465.4456794883,45389.2259017962,42311.9902474372
91,"MBMS_20_07DEC23_Pst3DS_2of2_rt",0.65808481,TRUE,"poly(propylene)",1250,50,50,25,2,0.159154943,3887.5,7400,3875,7400,"confident","a69f39ed8f44d6d4ce1145f1b62de5ab",0.00703232,164,165,170,1,37.5,"<212 µm",20,1,"SLR20231220SD","river water","plastic","sample","San Lorenzo","subsurface","20231220",2023-12-20,"fragment",50,25,"polypropylene",0.9,"TODO(cite): polymer density handbook/default table","buoyant","buoyant",0.5,12.5,8181.23086872342,7363.10778185108,8999.35395559576
293,"MBMS_20_07DEC23_Pst3DS_2of2_rt",0.600606046,TRUE,"polyhaloolefins (vinylhalides)",25625,730.5883753,345.1562119,74.24174654,4.649085291,1.657569616,1881.097561,7865.853659,1775,7750,"confident","8e8af4676fc44506915ffda6cacd033a",0.010618856,163,164,156,1,209.6989792,"<212 µm",20,1,"SLR20231220SD","river water","plastic","sample","San Lorenzo","subsurface","20231220",2023-12-20,"fiber",345.1562119,74.24174654,"halogenated vinyl polymers",1.35,"TODO(cite): polymer density handbook/default table","settling","settling",0.286474508437567,21.268367845593,1494176.61664502,2017138.43247078,1643594.27830952
120,"MBMS_20_07DEC23_Pst3DS_2of2_rt",0.626705814,TRUE,"poly(acrylamide/amid)s",24375,620.5503586,282.3907535,86.31656559,3.271570776,1.257186108,3501.282051,8237.820513,3400,8150,"confident","ce7dfdf9721d555f17ea219d7f945e33",0.009932922,83,83,83,1,184.3536596,"<212 µm",20,1,"SLR20231220SD","river water","plastic","sample","San Lorenzo","subsurface","20231220",2023-12-20,"fiber",282.3907535,86.31656559,"polyamide/acrylamide",1.14,"TODO(cite): polymer density handbook/default table","settling","settling",0.286474508437567,24.7274956974143,1652451.25683801,1883794.43279533,1817696.38252181
83,"MBMS_20_07DEC23_Pst3DS_2of2_rt",0.641410082,TRUE,"polyurethanes (isocyanates)",16250,515.028154,248.6067977,65.36426255,3.803405532,1.298968775,3952.884615,8743.269231,3900,8625,"confident","92fb7fe7fd881a5507aa53ef15915bb6",0.01113636,83,83,81,1,156.9855302,"<212 µm",20,1,"SLR20231220SD","river water","plastic","sample","San Lorenzo","subsurface","20231220",2023-12-20,"fiber",248.6067977,65.36426255,"polyurethane",1.2,"TODO(cite): polymer density handbook/default table","settling","settling",0.286474508437567,18.7251949833953,834225.790901529,1001070.94908183,917648.369991682
177,"MBMS_20_07DEC23_Pst3DS_2of2_rt",0.635524785,TRUE,"poly(acrylamide/amid)s",16875,420.7106781,170.7737974,98.81492512,1.728218659,0.834667348,3037.037037,8848.148148,2975,8800,"confident","04f9ea3185f41be37f533edb8de63a3e",0.01246022,164,163,161,1,134.7943612,"<212 µm",20,1,"SLR20231220SD","river water","plastic","sample","San Lorenzo","subsurface","20231220",2023-12-20,"fragment",170.7737974,98.81492512,"polyamide/acrylamide",1.14,"TODO(cite): polymer density handbook/default table","settling","settling",0.5,49.40746256,436550.966534147,497668.101848927,480206.063187561
184,"MBMS_20_07DEC23_Pst3DS_2of2_rt",0.619543868,TRUE,"poly(acrylamide/amid)s",6250,220.7106781,104.0569415,60.06326834,1.732455532,0.62023577,3020,9250,3000,9225,"confident","37e7b99cbb7e394dd7a06a465b34c761",0.010039561,142,141,136,1,82.06010492,"<212 µm",20,1,"SLR20231220SD","river water","plastic","sample","San Lorenzo","subsurface","20231220",2023-12-20,"fragment",104.0569415,60.06326834,"polyamide/acrylamide",1.14,"TODO(cite): polymer density handbook/default table","settling","settling",0.5,30.03163417,98278.2930032047,112037.254023653,108106.122303525
141,"MBMS_20_07DEC23_Pst3DS_2of2_rt",0.631493205,TRUE,"poly(acrylamide/amid)s",8750,285.3553391,136.8033989,63.96039917,2.138876565,0.740549492,3398.214286,9628.571429,3375,9575,"confident","51386674566045b34d365dbac53e8a5c",0.013081778,103,105,117,1,100.381899,"<212 µm",20,1,"SLR20231220SD","river water","plastic","sample","San Lorenzo","subsurface","20231220",2023-12-20,"fragment",136.8033989,63.96039917,"polyamide/acrylamide",1.14,"TODO(cite): polymer density handbook/default table","settling","settling",0.5,31.980199585,146516.941802726,167029.313655108,161168.635982999
476,"MBMS_20_07DEC23_Pst3DS_2of2_rt",0.636377327,TRUE,"poly(acrylamide/amid)s",8125,380.9016994,201.7766953,40.26728651,5.01093351,1.420995122,586.5384615,9698.076923,575,9600,"confident","42a55d344131d3bf09d57ac25d37585f",0.007651821,95,93,94,1,121.0219909,"<212 µm",20,1,"SLR20231220SD","river water","plastic","sample","San Lorenzo","subsurface","20231220",2023-12-20,"fiber",201.7766953,40.26728651,"polyamide/acrylamide",1.14,"TODO(cite): polymer density handbook/default table","settling","settling",0.286474508437567,11.5355511090669,256960.054590064,292934.462232673,282656.060049071
515,"MBMS_20_07DEC23_Pst3DS_2of2_rt",0.652535006,TRUE,"poly(propylene)",11875,364.4122806,150,79.16666667,1.894736842,0.889902703,252.6315789,9794.736842,200,9750,"confident","d0f016041b7c1b7419626e814b2a88c9",0.010388537,204,198,198,1,114.5833333,"<212 µm",20,1,"SLR20231220SD","river water","plastic","sample","San Lorenzo","subsurface","20231220",2023-12-20,"fragment",150,79.16666667,"polypropylene",0.9,"TODO(cite): polymer density handbook/default table","buoyant","buoyant",0.5,39.583333335,246118.695321489,221506.82578934,270730.564853637
237,"MBMS_20_07DEC23_Pst3DS_2of2_rt",0.638972483,TRUE,"poly(ethylene)",7500,266.2570385,136.8033989,54.82319929,2.495355992,0.752196082,2577.083333,9872.916667,2550,9825,"confident","7549f927dfbbb656913039c4baae9f99",0.010149628,137,138,143,1,95.81329908,"<212 µm",20,1,"SLR20231220SD","river water","plastic","sample","San Lorenzo","subsurface","20231220",2023-12-20,"fragment",136.8033989,54.82319929,"polyethylene",0.94,"TODO(cite): polymer density handbook/default table","buoyant","buoyant",0.5,27.411599645,107645.100105572,101186.394099238,118409.610116129
533,"MBMS_20_07DEC23_Pst3DS_2of2_rt",0.631296873,TRUE,"polyhaloolefins (vinylhalides)",17500,450.4006963,192.7050983,90.81233529,2.122014567,0.92246563,62.5,10418.75,0,10350,"confident","7c90ca3882ee713a2a8ec528f81f4297",0.025735223,187,35,30,1,141.7587168,"<212 µm",20,1,"SLR20231220SD","river water","plastic","sample","San Lorenzo","subsurface","20231220",2023-12-20,"fragment",192.7050983,90.81233529,"halogenated vinyl polymers",1.35,"TODO(cite): polymer density handbook/default table","settling","settling",0.5,45.406167645,416055.741185962,561675.250601049,457661.315304559
368,"MBMS_20_07DEC23_Pst3DS_2of2_rt",0.649998854,TRUE,"poly(propylene)",15000,464.1799002,205.2775638,73.07179472,2.809258546,1.143066609,1375,10604.16667,1375,10525,"confident","e58b30f5cf6c4238c187f7fd5f8c5f2f",0.01096499,154,152,165,1,139.1746792,"<212 µm",20,1,"SLR20231220SD","river water","plastic","sample","San Lorenzo","subsurface","20231220",2023-12-20,"fragment",205.2775638,73.07179472,"polypropylene",0.9,"TODO(cite): polymer density handbook/default table","buoyant","buoyant",0.5,36.53589736,286952.266896248,258257.040206623,315647.493585873
21,"MBMS_20_07DEC23_Pst3DS_2of2_rt",0.633964813,TRUE,"polyurethanes (isocyanates)",10625,306.0660172,136.8033989,77.66619899,1.761427759,0.701602974,4885.294118,10827.94118,4875,10775,"confident","0adbfce0b64ab410b0d0889fbb0a88cc",0.016295609,81,81,81,1,107.2347989,"<212 µm",20,1,"SLR20231220SD","river water","plastic","sample","San Lorenzo","subsurface","20231220",2023-12-20,"fragment",136.8033989,77.66619899,"polyurethane",1.2,"TODO(cite): polymer density handbook/default table","settling","settling",0.5,38.833099495,216037.735605364,259245.282726436,237641.5091659
119,"MBMS_20_07DEC23_Pst3DS_2of2_rt",0.612577652,TRUE,"poly(esters/ethers/diglycidylethers/terephthalates)s",28750,678.6165098,276.2468905,104.0735696,2.654342418,1.274679876,3500,11067.3913,3475,10950,"confident","1c282e3a65f68b33d9c597a3627ff239",0.011400296,125,124,130,1,190.1602301,"<212 µm",20,1,"SLR20231220SD","river water","plastic","sample","San Lorenzo","subsurface","20231220",2023-12-20,"fragment",276.2468905,104.0735696,"polyester/PET",1.38,"TODO(cite): polymer density handbook/default table","settling","settling",0.5,52.0367848,783333.907809091,1081000.79277655,861667.29859
136,"MBMS_20_07DEC23_Pst3DS_2of2_rt",0.617364409,TRUE,"poly(acrylamide/amid)s",3750,201.6123776,115.1387819,32.56939094,3.535183758,0.862567818,3420.833333,11291.66667,3400,11250,"confident","42a55d344131d3bf09d57ac25d37585f",0.006886895,143,144,149,1,73.85408641,"<212 µm",20,1,"SLR20231220SD","river water","plastic","sample","San Lorenzo","subsurface","20231220",2023-12-20,"fiber",115.1387819,32.56939094,"polyamide/acrylamide",1.14,"TODO(cite): polymer density handbook/default table","settling","settling",0.286474508437567,9.33030025964746,95924.7743536308,109354.242763139,105517.251788994
129,"MBMS_20_07DEC23_Pst3DS_2of2_rt",0.650439807,TRUE,"poly(propylene)",31875,955.7025987,428.1128874,74.45466123,5.749981,2.280265815,3411.27451,11624.01961,3375,11450,"confident","4f444f2c3023e04668b9229e97e17a82",0.009031305,113,116,123,1,251.2837743,"212-500 µm",20,1,"SLR20231220SD","river water","plastic","sample","San Lorenzo","subsurface","20231220",2023-12-20,"fiber",428.1128874,74.45466123,"polypropylene",0.9,"TODO(cite): polymer density handbook/default table","buoyant","buoyant",0.286474508437567,21.3293624767499,1863940.16466669,1677546.14820002,2050334.18113336
196,"MBMS_20_07DEC23_Pst3DS_2of2_rt",0.656011144,TRUE,"poly(acrylamide/amid)s",3750,156.0660172,80.90169944,46.35254916,1.745355992,0.516863141,2895.833333,11820.83333,2875,11800,"confident","ce7dfdf9721d555f17ea219d7f945e33",0.009029267,153,152,150,1,63.6271243,"<212 µm",20,1,"SLR20231220SD","river water","plastic","sample","San Lorenzo","subsurface","20231220",2023-12-20,"fragment",80.90169944,46.35254916,"polyamide/acrylamide",1.14,"TODO(cite): polymer density handbook/default table","settling","settling",0.5,23.17627458,45506.5087289159,51877.4199509641,50057.1596018075
104,"MBMS_20_07DEC23_Pst3DS_2of2_rt",0.654153899,TRUE,"poly(acrylamide/amid)s",6875,251.6123776,131.0660172,52.4544817,2.498661943,0.73279321,3765.909091,11829.54545,3725,11800,"confident","517e2968da54bfd2e5f428488e75ad34",0.007493702,104,108,111,1,91.76024944,"<212 µm",20,1,"SLR20231220SD","river water","plastic","sample","San Lorenzo","subsurface","20231220",2023-12-20,"fragment",131.0660172,52.4544817,"polyamide/acrylamide",1.14,"TODO(cite): polymer density handbook/default table","settling","settling",0.5,26.22724085,94411.2894848644,107628.870012745,103852.418433351
279,"MBMS_20_07DEC23_Pst3DS_2of2_rt",0.603579088,TRUE,"poly(esters/ethers/diglycidylethers/terephthalates)s",9375,346.0404813,166.4213562,56.33291431,2.954247233,1.016418765,2155,11971.66667,2100,11925,"confident","f51d435d168125e9210c8734b3a8599a",0.007311477,106,111,107,1,111.3771353,"<212 µm",20,1,"SLR20231220SD","river water","plastic","sample","San Lorenzo","subsurface","20231220",2023-12-20,"fragment",166.4213562,56.33291431,"polyester/PET",1.38,"TODO(cite): polymer density handbook/default table","settling","settling",0.5,28.166457155,138261.773216427,190801.24703867,152087.95053807
524,"MBMS_20_07DEC23_Pst3DS_2of2_rt",0.64249947,TRUE,"polyurethanes (isocyanates)",18125,459.473461,185.0781059,97.9316268,1.889870637,0.926900218,161.2068966,12014.65517,150,11950,"confident","72d28c0e1bd154daa6905ada7ea2470a",0.013750372,128,128,136,1,141.5048664,"<212 µm",20,1,"SLR20231220SD","river water","plastic","sample","San Lorenzo","subsurface","20231220",2023-12-20,"fragment",185.0781059,97.9316268,"polyurethane",1.2,"TODO(cite): polymer density handbook/default table","settling","settling",0.5,48.9658134,464696.72384986,557636.068619832,511166.396234846
483,"MBMS_20_07DEC23_Pst3DS_2of2_rt",0.641938503,TRUE,"poly(propylene)",8750,282.514077,128.0776406,68.31793556,1.874729375,0.725875717,501.7857143,12010.71429,475,11975,"confident","a01886d17f0bf95574afb6bb80b23baa",0.014495239,196,193,202,1,98.1977881,"<212 µm",20,1,"SLR20231220SD","river water","plastic","sample","San Lorenzo","subsurface","20231220",2023-12-20,"fragment",128.0776406,68.31793556,"polypropylene",0.9,"TODO(cite): polymer density handbook/default table","buoyant","buoyant",0.5,34.15896778,156498.944871159,140849.050384044,172148.839358275
498,"MBMS_20_07DEC23_Pst3DS_2of2_rt",0.618506598,TRUE,"poly(esters/ethers/diglycidylethers/terephthalates)s",25625,597.3861749,231.1552813,110.8562169,2.085181037,1.108247084,309.7560976,12314.63415,275,12225,"confident","1b23e42c089c0ebee718d86c8b34ade5",0.016032659,137,140,147,1,171.0057491,"<212 µm",20,1,"SLR20231220SD","river water","plastic","sample","San Lorenzo","subsurface","20231220",2023-12-20,"fragment",231.1552813,110.8562169,"polyester/PET",1.38,"TODO(cite): polymer density handbook/default table","settling","settling",0.5,55.42810845,743691.049067443,1026293.64771307,818060.153974188
329,"MBMS_20_07DEC23_Pst3DS_2of2_rt",0.643755593,TRUE,"poly(ethylene)",30625,781.5298327,361.3406012,84.75383032,4.263413226,1.587103173,1608.163265,12662.2449,1475,12550,"confident","974c3d4bd2ad2b3e126cf2c6435502bf",0.011306701,191,195,198,1,223.0472157,"212-500 µm",20,1,"SLR20231220SD","river water","plastic","sample","San Lorenzo","subsurface","20231220",2023-12-20,"fiber",361.3406012,84.75383032,"polyethylene",0.94,"TODO(cite): polymer density handbook/default table","buoyant","buoyant",0.286474508437567,24.279811879123,2038568.51952012,1916254.40834891,2242425.37147213
221,"MBMS_20_07DEC23_Pst3DS_2of2_rt",0.650060567,TRUE,"poly(acrylamide/amid)s",26875,711.3419125,310.0438563,86.68128542,3.576825779,1.498298896,2559.302326,13004.65116,2500,12900,"confident","37e7b99cbb7e394dd7a06a465b34c761",0.008944522,91,89,92,1,198.3625708,"<212 µm",20,1,"SLR20231220SD","river water","plastic","sample","San Lorenzo","subsurface","20231220",2023-12-20,"fiber",310.0438563,86.68128542,"polyamide/acrylamide",1.14,"TODO(cite): polymer density handbook/default table","settling","settling",0.286474508437567,24.831978631431,1829631.7887331,2085780.23915574,2012594.96760641
386,"MBMS_20_07DEC23_Pst3DS_2of2_rt",0.632261244,TRUE,"polyurethanes (isocyanates)",3750,197.1587379,115.1387819,32.56939094,3.535183758,0.824880291,1179.166667,13883.33333,1150,13850,"confident","11acfb754b8de7fb53d98d48f6d8d1d4",0.007116786,119,120,115,1,73.85408641,"<212 µm",20,1,"SLR20231220SD","river water","plastic","sample","San Lorenzo","subsurface","20231220",2023-12-20,"fiber",115.1387819,32.56939094,"polyurethane",1.2,"TODO(cite): polymer density handbook/default table","settling","settling",0.286474508437567,9.33030025964746,95924.7743536308,115109.729224357,105517.251788994
91,"MBMS_07A_100",0.644992442,TRUE,"polyacrylates (propenoates)",11875,347.1587379,152.4754878,77.88137076,1.957791528,0.807630514,5317.105263,3442.105263,5325,3375,"confident","64bc324f05f878c1d5906adc58e2f8ee",0.015181741,121,117,108,1,115.1784293,"<212 um",100,0.2,"PRR20250218SS","river water","plastic","sample","Pajaro","surface","20250218",2025-02-18,"fragment",152.4754878,77.88137076,"acrylic polymers",1.18,"TODO(cite): polymer density handbook/default table","settling","settling",0.5,38.94068538,242122.880275047,285704.998724555,266335.168302552
54,"MBMS_07A_100",0.650302151,TRUE,"polyacrylates (propenoates)",19375,443.0337338,183.113883,105.8084711,1.730616472,0.806161431,8098.387097,7641.129032,8075,7575,"confident","786fa98914eb33e573248b8765a774b7",0.023441475,107,106,101,1,144.4611771,"<212 um",100,0.2,"PRR20250218SS","river water","plastic","sample","Pajaro","surface","20250218",2025-02-18,"fragment",183.113883,105.8084711,"acrylic polymers",1.18,"TODO(cite): polymer density handbook/default table","settling","settling",0.5,52.90423555,536698.988488539,633304.806416476,590368.887337393
98,"MBMS_07A_100",0.620734092,TRUE,"polyhaloolefins (vinylhalides)",1875,85.35533906,60.35533906,31.06601718,1.942809042,0.309207662,4708.333333,9433.333333,4700,9425,"confident","7259e13abb0a76b399a04488122325ae",0.008063332,82,80,68,1,45.71067812,"<212 um",100,0.2,"PRR20250218SS","river water","plastic","sample","Pajaro","surface","20250218",2025-02-18,"fragment",60.35533906,31.06601718,"halogenated vinyl polymers",1.35,"TODO(cite): polymer density handbook/default table","settling","settling",0.5,15.53300859,15249.4955244389,20586.8189579926,16774.4450768828
36,"MBMS_07A_100",0.608368495,TRUE,"polyurethanes (isocyanates)",3750,170.7106781,104.0569415,36.037961,2.887425887,0.618415325,9612.5,10362.5,9600,10350,"confident","0adbfce0b64ab410b0d0889fbb0a88cc",0.00769255,97,94,85,1,70.04745125,"<212 um",100,0.2,"PRR20250218SS","river water","plastic","sample","Pajaro","surface","20250218",2025-02-18,"fragment",104.0569415,36.037961,"polyurethane",1.2,"TODO(cite): polymer density handbook/default table","settling","settling",0.5,18.0189805,35380.1854732997,42456.2225679597,38918.2040206297
55,"MBMS_07A_100",0.606369233,TRUE,"poly(esters/ethers/diglycidylethers/terephthalates)s",5625,216.2570385,104.0569415,54.0569415,1.924950591,0.661619218,8113.888889,11666.66667,8075,11650,"confident","e1307c03241153353a5094bf1f8b07a6",0.009052567,97,88,81,1,79.0569415,"<212 um",100,0.2,"PRR20250218SS","river water","plastic","sample","Pajaro","surface","20250218",2025-02-18,"fragment",104.0569415,54.0569415,"polyester/PET",1.38,"TODO(cite): polymer density handbook/default table","settling","settling",0.5,27.02847075,79605.4173149244,109855.475894596,87565.9590464168
103,"MBMS_07A_102",0.657593272,TRUE,"poly(acrylamide/amid)s",10625,335.3553391,159.6291202,66.56053725,2.398254683,0.8423094,3848.529412,1958.823529,3825,1900,"confident","e452f147702e7c8ad46716fdc1198531",0.012470313,143,145,140,1,113.0948287,"<212 um",102,0.1,"PRR20250218SD","river water","plastic","sample","Pajaro","subsurface","20250218",2025-02-18,"fragment",159.6291202,66.56053725,"polyamide/acrylamide",1.14,"TODO(cite): polymer density handbook/default table","settling","settling",0.5,33.280268625,185146.021497996,211066.464507715,203660.623647796
5,"MBMS_07A_102",0.622018638,TRUE,"poly(ethylene)",4375,170.7106781,80.90169944,54.07797402,1.496019422,0.530070278,12692.85714,5750,12675,5725,"confident","974c3d4bd2ad2b3e126cf2c6435502bf",0.007824964,119,119,117,1,67.48983673,"<212 um",102,0.1,"PRR20250218SD","river water","plastic","sample","Pajaro","subsurface","20250218",2025-02-18,"fragment",80.90169944,54.07797402,"polyethylene",0.94,"TODO(cite): polymer density handbook/default table","buoyant","buoyant",0.5,27.03898701,61939.4146588022,58223.0497792741,68133.3561246824
20,"MBMS_07A_102",0.65534486,TRUE,"polystyrenes (polyphenylethylenes, -methylstyrene)",8125,256.0660172,115.1387819,70.56701371,1.631623273,0.64220053,11790.38462,8290.384615,11775,8250,"confident","495481dc2137ddedf97e8eb15c15e194",0.012659788,110,109,104,1,92.8528978,"<212 um",102,0.1,"PRR20250218SD","river water","plastic","sample","Pajaro","subsurface","20250218",2025-02-18,"fragment",115.1387819,70.56701371,"styrenic polymers",1.05,"TODO(cite): polymer density handbook/default table","settling","settling",0.5,35.283506855,150104.508044691,157609.733446926,165114.95884916
34,"MBMS_07A_102",0.641895342,TRUE,"poly(esters/ethers/diglycidylethers/terephthalates)s",6875,236.9677166,104.0569415,66.06959517,1.574959575,0.649973725,11040.90909,11586.36364,11025,11550,"confident","f88c9b8fc14bc13e301744b691d646ba",0.009679423,102,102,104,1,85.06326834,"<212 um",102,0.1,"PRR20250218SD","river water","plastic","sample","Pajaro","subsurface","20250218",2025-02-18,"fragment",104.0569415,66.06959517,"polyester/PET",1.38,"TODO(cite): polymer density handbook/default table","settling","settling",0.5,33.034797585,118916.734519479,164105.093636881,130808.407971427
27,"MBMS_07A_108",0.620010489,TRUE,"polyvinylesters",2500,100,60.35533906,41.42135624,1.457106781,0.318309886,10462.5,1712.5,10450,1700,"confident","5c1225ff09da068be927c85c0a43b4d6",0.008807091,108,107,112,1,50.88834765,"<212 um",108,1,"SRR20250303SS","river water","plastic","sample","Salinas","surface","20250303",2025-03-03,"fragment",60.35533906,41.42135624,"vinyl polymers",1.25,"TODO(cite): polymer density handbook/default table","settling","settling",0.5,20.71067812,27110.2142656692,33887.7678320866,29821.2356922362
81,"MBMS_07A_108",0.640902323,TRUE,"poly(acrylamide/amid)s",4375,170.7106781,80.90169944,54.07797402,1.496019422,0.530070278,2525,2092.857143,2500,2075,"confident","545a606fd60fb9a23c5314f651418487",0.008689817,89,89,91,1,67.48983673,"<212 um",108,1,"SRR20250303SS","river water","plastic","sample","Salinas","surface","20250303",2025-03-03,"fragment",80.90169944,54.07797402,"polyamide/acrylamide",1.14,"TODO(cite): polymer density handbook/default table","settling","settling",0.5,27.03898701,61939.4146588022,70610.9327110345,68133.3561246824
78,"MBMS_07A_108",0.652846894,TRUE,"polyacrylates (propenoates)",3125,151.6123776,80.90169944,38.6271243,2.094427191,0.585341655,2830,2100,2825,2075,"confident","786fa98914eb33e573248b8765a774b7",0.007941605,58,60,57,1,59.76441187,"<212 um",108,1,"SRR20250303SS","river water","plastic","sample","Salinas","surface","20250303",2025-03-03,"fragment",80.90169944,38.6271243,"acrylic polymers",1.18,"TODO(cite): polymer density handbook/default table","settling","settling",0.5,19.31356215,31601.7421728583,37290.0557639727,34761.9163901441
84,"MBMS_07A_108",0.656363898,TRUE,"polyhydroxy(meth)acrylates",6875,241.4213562,104.0569415,66.06959517,1.574959575,0.6746349,2070.454545,3345.454545,2075,3300,"confident","5bda1e0529b824cf48812548cb27eeb6",0.010600488,105,105,105,1,85.06326834,"<212 um",108,1,"SRR20250303SS","river water","plastic","sample","Salinas","surface","20250303",2025-03-03,"fragment",104.0569415,66.06959517,"default_fixed_1.10",1.1,"Fallback fixed density retained for unmatched polymer class","settling","settling",0.5,33.034797585,118916.734519479,130808.407971427,130808.407971427
6,"MBMS_07A_108",0.64614128,TRUE,"poly(esters/ethers/diglycidylethers/terephthalates)s",6250,220.7106781,104.0569415,60.06326834,1.732455532,0.62023577,12495,5400,12475,5375,"confident","f51d435d168125e9210c8734b3a8599a",0.010461046,142,144,143,1,82.06010492,"<212 um",108,1,"SRR20250303SS","river water","plastic","sample","Salinas","surface","20250303",2025-03-03,"fragment",104.0569415,60.06326834,"polyester/PET",1.38,"TODO(cite): polymer density handbook/default table","settling","settling",0.5,30.03163417,98278.2930032047,135624.044344423,108106.122303525
19,"MBMS_07A_108",0.605006396,TRUE,"polystyrenes (polyphenylethylenes, -methylstyrene)",2500,120.7106781,75,33.33333333,2.25,0.463811494,11343.75,9875,11350,9850,"confident","893152c6593489540ba262ab2dcecc02",0.007415816,142,142,140,1,54.16666667,"<212 um",108,1,"SRR20250303SS","river water","plastic","sample","Salinas","surface","20250303",2025-03-03,"fragment",75,33.33333333,"styrenic polymers",1.05,"TODO(cite): polymer density handbook/default table","settling","settling",0.5,16.666666665,21816.6156455658,22907.4464278441,23998.2772101224
22,"MBMS_07A_108",0.607014862,TRUE,"poly(ethylene)",10000,362.2975198,183.113883,54.6108238,3.353069415,1.044529856,10837.5,10120.3125,10800,10050,"confident","974c3d4bd2ad2b3e126cf2c6435502bf",0.009948889,172,172,164,1,118.8623534,"<212 um",108,1,"SRR20250303SS","river water","plastic","sample","Salinas","surface","20250303",2025-03-03,"fiber",183.113883,54.6108238,"polyethylene",0.94,"TODO(cite): polymer density handbook/default table","buoyant","buoyant",0.286474508437567,15.6446089034756,428912.407134846,403177.662706755,471803.647848331
191,"MBMS_07A_110",0.647200626,TRUE,"poly(acrylamide/amid)s",2500,100,60.35533906,41.42135624,1.457106781,0.318309886,5012.5,2087.5,5000,2075,"confident","01ff0447b07401b960f0c4835359e290",0.008430663,105,105,95,1,50.88834765,"<212 um",110,1,"SRR20230303SD","river water","plastic","sample","Salinas","subsurface","20230303",2023-03-03,"fragment",60.35533906,41.42135624,"polyamide/acrylamide",1.14,"TODO(cite): polymer density handbook/default table","settling","settling",0.5,20.71067812,27110.2142656692,30905.6442628629,29821.2356922362
66,"MBMS_07A_110",0.644145727,TRUE,"poly(acrylamide/amid)s",52500,951.1943151,380.3167601,138.0428251,2.755063581,1.371416356,10648.80952,2646.72619,10600,2525,"confident","01ff0447b07401b960f0c4835359e290",0.021866648,110,108,96,1,259.1797926,"212-500 um",110,1,"SRR20230303SD","river water","plastic","sample","Salinas","subsurface","20230303",2023-03-03,"fragment",380.3167601,138.0428251,"polyamide/acrylamide",1.14,"TODO(cite): polymer density handbook/default table","settling","settling",0.5,69.02141255,1897325.17270994,2162950.69688934,2087057.68998094
223,"MBMS_07A_110",0.659890526,TRUE,"poly(acrylamide/amid)s",3125,141.4213562,75,41.66666667,1.8,0.509295818,3200,3175,3200,3150,"confident","8a17cc8eb8cd0a70164383c86f34a1a3",0.008023235,111,111,103,1,58.33333333,"<212 um",110,1,"SRR20230303SD","river water","plastic","sample","Salinas","subsurface","20230303",2023-03-03,"fragment",75,41.66666667,"polyamide/acrylamide",1.14,"TODO(cite): polymer density handbook/default table","settling","settling",0.5,20.833333335,34088.4619584684,38860.846632654,37497.3081543152
187,"MBMS_07A_110",0.659319932,TRUE,"poly(acrylamide/amid)s",1250,50,50,25,2,0.159154943,5150,5662.5,5150,5650,"confident","f5bf7f1fae4474135474eb72341fd5c6",0.006424782,82,83,77,1,37.5,"<212 um",110,1,"SRR20230303SD","river water","plastic","sample","Salinas","subsurface","20230303",2023-03-03,"fragment",50,25,"polyamide/acrylamide",1.14,"TODO(cite): polymer density handbook/default table","settling","settling",0.5,12.5,8181.23086872342,9326.6031903447,8999.35395559576
99,"MBMS_07A_110",0.644443172,TRUE,"poly(acrylamide/amid)s",4375,170.7106781,95.71067812,45.71067812,2.093836321,0.530070278,9825,5700,9800,5675,"confident","42a55d344131d3bf09d57ac25d37585f",0.008625989,99,96,91,1,70.71067812,"<212 um",110,1,"SRR20230303SD","river water","plastic","sample","Salinas","subsurface","20230303",2023-03-03,"fragment",95.71067812,45.71067812,"polyamide/acrylamide",1.14,"TODO(cite): polymer density handbook/default table","settling","settling",0.5,22.85533906,52355.7455234641,59685.549896749,57591.3200758105
91,"MBMS_07A_110",0.648974972,TRUE,"poly(acrylamide/amid)s",49375,1245.542229,604.8706752,81.62901926,7.40999562,2.500345016,9799.367089,8641.772152,9875,8575,"confident","42a55d344131d3bf09d57ac25d37585f",0.017804912,120,117,108,1,343.2498472,"212-500 um",110,1,"SRR20230303SD","river water","plastic","sample","Salinas","subsurface","20230303",2023-03-03,"fiber",604.8706752,81.62901926,"polyamide/acrylamide",1.14,"TODO(cite): polymer density handbook/default table","settling","settling",0.286474508437567,23.3846331667492,3165494.5389327,3608663.77438328,3482043.99282597
222,"MBMS_07A_110",0.658841048,TRUE,"poly(propylene)",6875,241.4213562,125,55,2.272727273,0.6746349,3225,9875,3225,9825,"confident","a69f39ed8f44d6d4ce1145f1b62de5ab",0.01317032,99,96,87,1,90,"<212 um",110,1,"SRR20230303SD","river water","plastic","sample","Salinas","subsurface","20230303",2023-03-03,"fragment",125,55,"polypropylene",0.9,"TODO(cite): polymer density handbook/default table","buoyant","buoyant",0.5,27.5,98992.8935115534,89093.604160398,108892.182862709
138,"MBMS_07A_110",0.653103501,TRUE,"poly(acrylamide/amid)s",7500,266.2570385,136.8033989,54.82319929,2.495355992,0.752196082,8277.083333,10997.91667,8225,10975,"confident","42a55d344131d3bf09d57ac25d37585f",0.010350559,86,86,78,1,95.81329908,"<212 um",110,1,"SRR20230303SD","river water","plastic","sample","Salinas","subsurface","20230303",2023-03-03,"fragment",136.8033989,54.82319929,"polyamide/acrylamide",1.14,"TODO(cite): polymer density handbook/default table","settling","settling",0.5,27.411599645,107645.100105572,122715.414120352,118409.610116129
147,"MBMS_07A_110",0.62756235,TRUE,"poly(esters/ethers/diglycidylethers/terephthalates)s",2500,100,60.35533906,41.42135624,1.457106781,0.318309886,7587.5,12837.5,7575,12825,"confident","f51d435d168125e9210c8734b3a8599a",0.008201325,126,127,119,1,50.88834765,"<212 um",110,1,"SRR20230303SD","river water","plastic","sample","Salinas","subsurface","20230303",2023-03-03,"fragment",60.35533906,41.42135624,"polyester/PET",1.38,"TODO(cite): polymer density handbook/default table","settling","settling",0.5,20.71067812,27110.2142656692,37412.0956866236,29821.2356922362
49,"MBMS_07A_112",0.655494328,TRUE,"poly(acrylamide/amid)s",3125,135.3553391,80.90169944,38.6271243,2.094427191,0.466542161,9490,10995,9475,10975,"confident","798c6cdb451bebea4788e00a1bb14523",0.007297495,108,109,104,1,59.76441187,"<212 um",112,1,"PRR20250306SS","river water","plastic","sample","Pajaro","surface","20250306",2025-03-06,"fragment",80.90169944,38.6271243,"polyamide/acrylamide",1.14,"TODO(cite): polymer density handbook/default table","settling","settling",0.5,19.31356215,31601.7421728583,36025.9860770584,34761.9163901441
76,"MBMS_07A_112",0.650200858,TRUE,"poly(acrylamide/amid)s",1250,50,50,25,2,0.159154943,8487.5,11800,8475,11800,"confident","798c6cdb451bebea4788e00a1bb14523",0.00778332,101,101,93,1,37.5,"<212 um",112,1,"PRR20250306SS","river water","plastic","sample","Pajaro","surface","20250306",2025-03-06,"fragment",50,25,"polyamide/acrylamide",1.14,"TODO(cite): polymer density handbook/default table","settling","settling",0.5,12.5,8181.23086872342,9326.6031903447,8999.35395559576
62,"MBMS_07A_112",0.624303986,TRUE,"poly(acrylamide/amid)s",2500,100,60.35533906,41.42135624,1.457106781,0.318309886,9112.5,12287.5,9100,12275,"confident","ce7dfdf9721d555f17ea219d7f945e33",0.007086742,108,108,106,1,50.88834765,"<212 um",112,1,"PRR20250306SS","river water","plastic","sample","Pajaro","surface","20250306",2025-03-06,"fragment",60.35533906,41.42135624,"polyamide/acrylamide",1.14,"TODO(cite): polymer density handbook/default table","settling","settling",0.5,20.71067812,27110.2142656692,30905.6442628629,29821.2356922362
70,"MBMS_07A_112",0.645442235,TRUE,"poly(acrylamide/amid)s",1875,85.35533906,60.35533906,31.06601718,1.942809042,0.309207662,8683.333333,12891.66667,8675,12875,"confident","3f044def40e0eb7ebce43b6acbe3065f",0.006673742,98,96,97,1,45.71067812,"<212 um",112,1,"PRR20250306SS","river water","plastic","sample","Pajaro","surface","20250306",2025-03-06,"fragment",60.35533906,31.06601718,"polyamide/acrylamide",1.14,"TODO(cite): polymer density handbook/default table","settling","settling",0.5,15.53300859,15249.4955244389,17384.4248978604,16774.4450768828
82,"MBMS_07A_112",0.643865296,TRUE,"poly(acrylamide/amid)s",8750,316.2570385,159.6291202,54.81456009,2.912166401,0.909625198,8294.642857,13175,8275,13100,"confident","37e7b99cbb7e394dd7a06a465b34c761",0.009658394,87,88,90,1,107.2218401,"<212 um",112,1,"PRR20250306SS","river water","plastic","sample","Pajaro","surface","20250306",2025-03-06,"fragment",159.6291202,54.81456009,"polyamide/acrylamide",1.14,"TODO(cite): polymer density handbook/default table","settling","settling",0.5,27.407280045,125566.15991676,143145.422305107,138122.775908436
75,"MBMS_07A_114",0.644876751,TRUE,"poly(propylene)",3125,156.0660172,95.71067812,32.65048437,2.93137085,0.62023577,9930,1420,9900,1400,"confident","55532e9e632d12dfad6378fdd50512a9",0.0065999,132,137,140,1,64.18058124,"<212 um",114,1,"PRR20250306SD","river water","plastic","sample","Pajaro","subsurface","20250306",2025-03-06,"fragment",95.71067812,32.65048437,"polypropylene",0.9,"TODO(cite): polymer density handbook/default table","buoyant","buoyant",0.5,16.325242185,26712.1150606544,24040.9035545889,29383.3265667198
301,"MBMS_07A_114",0.61837676,TRUE,"poly(acrylamide/amid)s",3125,161.8033989,95.71067812,32.65048437,2.93137085,0.666676881,3200,2850,3175,2825,"confident","798c6cdb451bebea4788e00a1bb14523",0.006255953,132,136,135,1,64.18058124,"<212 um",114,1,"PRR20250306SD","river water","plastic","sample","Pajaro","subsurface","20250306",2025-03-06,"fragment",95.71067812,32.65048437,"polyamide/acrylamide",1.14,"TODO(cite): polymer density handbook/default table","settling","settling",0.5,16.325242185,26712.1150606544,30451.811169146,29383.3265667198
91,"MBMS_07A_114",0.646623137,TRUE,"poly(propylene)",1250,50,50,25,2,0.159154943,9512.5,3525,9500,3525,"confident","a5e071569d8bd80b70765f65d43872cd",0.006052244,121,122,124,1,37.5,"<212 um",114,1,"PRR20250306SD","river water","plastic","sample","Pajaro","subsurface","20250306",2025-03-06,"fragment",50,25,"polypropylene",0.9,"TODO(cite): polymer density handbook/default table","buoyant","buoyant",0.5,12.5,8181.23086872342,7363.10778185108,8999.35395559576
115,"MBMS_07A_114",0.632068973,TRUE,"poly(acrylamide/amid)s",8125,270.7106781,128.0776406,63.43808302,2.018939327,0.71775717,8732.692308,4750,8700,4725,"confident","545a606fd60fb9a23c5314f651418487",0.008695827,106,109,98,1,95.75786183,"<212 um",114,1,"PRR20250306SD","river water","plastic","sample","Pajaro","subsurface","20250306",2025-03-06,"fragment",128.0776406,63.43808302,"polyamide/acrylamide",1.14,"TODO(cite): polymer density handbook/default table","settling","settling",0.5,31.71904151,134940.416751153,153832.075096314,148434.458426268
58,"MBMS_07A_114",0.647131034,TRUE,"poly(acrylamide/amid)s",5625,206.0660172,104.0569415,54.0569415,1.924950591,0.600731442,10708.33333,4902.777778,10700,4875,"confident","75427b209bf8e9390e96561e3dc4d9ea",0.00731559,104,109,103,1,79.0569415,"<212 um",114,1,"PRR20250306SD","river water","plastic","sample","Pajaro","subsurface","20250306",2025-03-06,"fragment",104.0569415,54.0569415,"polyamide/acrylamide",1.14,"TODO(cite): polymer density handbook/default table","settling","settling",0.5,27.02847075,79605.4173149244,90750.1757390138,87565.9590464168
253,"MBMS_07A_114",0.65899867,TRUE,"polyvinylesters",2500,100,60.35533906,41.42135624,1.457106781,0.318309886,4362.5,6762.5,4350,6750,"confident","7a7fac7da66e95670c292383ba3ecf3e",0.007022735,101,105,104,1,50.88834765,"<212 um",114,1,"PRR20250306SD","river water","plastic","sample","Pajaro","subsurface","20250306",2025-03-06,"fragment",60.35533906,41.42135624,"vinyl polymers",1.25,"TODO(cite): polymer density handbook/default table","settling","settling",0.5,20.71067812,27110.2142656692,33887.7678320866,29821.2356922362
152,"MBMS_07A_114",0.616455467,TRUE,"poly(acrylamide/amid)s",1875,85.35533906,60.35533906,31.06601718,1.942809042,0.309207662,7483.333333,8683.333333,7475,8675,"confident","798c6cdb451bebea4788e00a1bb14523",0.006590902,84,88,87,1,45.71067812,"<212 um",114,1,"PRR20250306SD","river water","plastic","sample","Pajaro","subsurface","20250306",2025-03-06,"fragment",60.35533906,31.06601718,"polyamide/acrylamide",1.14,"TODO(cite): polymer density handbook/default table","settling","settling",0.5,15.53300859,15249.4955244389,17384.4248978604,16774.4450768828
271,"MBMS_07A_114",0.645970577,TRUE,"polyacrylates (propenoates)",3125,141.4213562,75,41.66666667,1.8,0.509295818,3975,11200,3975,11175,"confident","64bc324f05f878c1d5906adc58e2f8ee",0.006647293,105,111,107,1,58.33333333,"<212 um",114,1,"PRR20250306SD","river water","plastic","sample","Pajaro","subsurface","20250306",2025-03-06,"fragment",75,41.66666667,"acrylic polymers",1.18,"TODO(cite): polymer density handbook/default table","settling","settling",0.5,20.833333335,34088.4619584684,40224.3851109927,37497.3081543152
31,"MBMS_07A_116",0.657960806,TRUE,"poly(propylene)",22500,545.9470567,260.8495283,86.25662521,3.024110063,1.054165201,11527.08333,10536.80556,11550,10475,"confident","ce50f6e46198066847def3525d475688",0.016018671,129,130,116,1,173.5530768,"<212 um",116,0.2,"SLR20250308SS","river water","plastic","sample","San Lorenzo","surface","20250308",2025-03-08,"fiber",260.8495283,86.25662521,"polypropylene",0.9,"TODO(cite): polymer density handbook/default table","buoyant","buoyant",0.286474508437567,24.7103243065182,1524280.38788515,1371852.34909664,1676708.42667367
75,"MBMS_07A_118",0.65258247,TRUE,"poly(acrylamide/amid)s",11875,326.7766953,136.8033989,86.80339887,1.576014311,0.715580785,9678.947368,4378.947368,9675,4325,"confident","798c6cdb451bebea4788e00a1bb14523",0.012972656,124,124,122,1,111.8033989,"<212 um",118,0.1,"SLR20250308SD","river water","plastic","sample","San Lorenzo","subsurface","20250308",2025-03-08,"fragment",136.8033989,86.80339887,"polyamide/acrylamide",1.14,"TODO(cite): polymer density handbook/default table","settling","settling",0.5,43.401699435,269860.285645059,307640.725635368,296846.314209565
386,"MBMS_07A_118",0.654023498,TRUE,"polystyrenes (polyphenylethylenes, -methylstyrene)",1875,85.35533906,60.35533906,31.06601718,1.942809042,0.309207662,1391.666667,8691.666667,1400,8675,"confident","495481dc2137ddedf97e8eb15c15e194",0.006945282,94,95,99,1,45.71067812,"<212 um",118,0.1,"SLR20250308SD","river water","plastic","sample","San Lorenzo","subsurface","20250308",2025-03-08,"fragment",60.35533906,31.06601718,"styrenic polymers",1.05,"TODO(cite): polymer density handbook/default table","settling","settling",0.5,15.53300859,15249.4955244389,16011.9703006609,16774.4450768828
251,"MBMS_07A_118",0.628570291,TRUE,"polyurethanes (isocyanates)",1875,85.35533906,60.35533906,31.06601718,1.942809042,0.309207662,5166.666667,9966.666667,5175,9950,"confident","92fb7fe7fd881a5507aa53ef15915bb6",0.008462282,98,99,103,1,45.71067812,"<212 um",118,0.1,"SLR20250308SD","river water","plastic","sample","San Lorenzo","subsurface","20250308",2025-03-08,"fragment",60.35533906,31.06601718,"polyurethane",1.2,"TODO(cite): polymer density handbook/default table","settling","settling",0.5,15.53300859,15249.4955244389,18299.3946293267,16774.4450768828
62,"MBMS_07A_120",0.632948103,TRUE,"poly(propylene)",3750,180.9016994,104.0569415,36.037961,2.887425887,0.694455084,5054.166667,7833.333333,5025,7825,"confident","a69f39ed8f44d6d4ce1145f1b62de5ab",0.007119892,124,120,111,1,70.04745125,"<212 um",120,0.6,"CRR20250313SS","river water","plastic","sample","Carmel","surface","20250313",2025-03-13,"fragment",104.0569415,36.037961,"polypropylene",0.9,"TODO(cite): polymer density handbook/default table","buoyant","buoyant",0.5,18.0189805,35380.1854732997,31842.1669259698,38918.2040206297
26,"MBMS_07A_120",0.620519896,TRUE,"polyurethanes (isocyanates)",6875,303.2247551,166.4213562,41.31080383,4.028518954,1.064257554,9575,8450,9600,8400,"confident","00ff5a787ae6a102451ff4baca398b39",0.00847563,144,140,139,1,103.86608,"<212 um",120,0.6,"CRR20250313SS","river water","plastic","sample","Carmel","surface","20250313",2025-03-13,"fiber",166.4213562,41.31080383,"polyurethane",1.2,"TODO(cite): polymer density handbook/default table","settling","settling",0.286474508437567,11.83449222036,223062.327484634,267674.792981561,245368.560233098
20,"MBMS_07A_120",0.658200306,TRUE,"poly(acrylamide/amid)s",10000,301.6123776,136.8033989,73.09759905,1.871516994,0.723916468,10068.75,12710.9375,10025,12675,"confident","75427b209bf8e9390e96561e3dc4d9ea",0.014269792,74,73,68,1,104.950499,"<212 um",120,0.6,"CRR20250313SS","river water","plastic","sample","Carmel","surface","20250313",2025-03-13,"fragment",136.8033989,73.09759905,"polyamide/acrylamide",1.14,"TODO(cite): polymer density handbook/default table","settling","settling",0.5,36.548799525,191369.066836897,218160.736194062,210505.973520587
83,"MBMS_07A_122",0.6185873,TRUE,"poly(esters/ethers/diglycidylethers/terephthalates)s",19375,441.4213562,183.113883,105.8084711,1.730616472,0.800304219,2400,2025,2375,1950,"confident","54ece470f07f5f2f5770cd08a0c6f718",0.029544559,78,79,73,1,144.4611771,"<212 um",122,0.5,"CRR20250313SD","river water","plastic","sample","Carmel","subsurface","20250313",2025-03-13,"fragment",183.113883,105.8084711,"polyester/PET",1.38,"TODO(cite): polymer density handbook/default table","settling","settling",0.5,52.90423555,536698.988488539,740644.604114184,590368.887337393
58,"MBMS_07A_122",0.624262172,TRUE,"polyethersulfones (polysulfone)",3125,135.3553391,80.90169944,38.6271243,2.094427191,0.466542161,5235,2605,5225,2575,"confident","f962dfb5f1bc43b0a73c842ce99b240a",0.007438225,90,90,90,1,59.76441187,"<212 um",122,0.5,"CRR20250313SD","river water","plastic","sample","Carmel","subsurface","20250313",2025-03-13,"fragment",80.90169944,38.6271243,"default_fixed_1.10",1.1,"Fallback fixed density retained for unmatched polymer class","settling","settling",0.5,19.31356215,31601.7421728583,34761.9163901441,34761.9163901441
77,"MBMS_07A_122",0.633675152,TRUE,"poly(acrylamide/amid)s",5625,200,95.71067812,58.77087187,1.628539361,0.565884242,3250,5650,3225,5625,"confident","cd14a623c50cbe389856424469081e3e",0.01171822,120,123,128,1,77.24077499,"<212 um",122,0.5,"CRR20250313SD","river water","plastic","sample","Carmel","subsurface","20250313",2025-03-13,"fragment",95.71067812,58.77087187,"polyamide/acrylamide",1.14,"TODO(cite): polymer density handbook/default table","settling","settling",0.5,29.385435935,86547.2528083012,98663.8682014633,95201.9780891313
15,"MBMS_07A_122",0.638646663,TRUE,"poly(esters/ethers/diglycidylethers/terephthalates)s",14375,370.7106781,150,95.83333333,1.565217391,0.760768416,10829.34783,7325,10800,7275,"confident","148eb76b04e5cfbb4ffc56fcb627eea4",0.016167111,75,75,73,1,122.9166667,"<212 um",122,0.5,"CRR20250313SD","river water","plastic","sample","Carmel","subsurface","20250313",2025-03-13,"fragment",150,95.83333333,"polyester/PET",1.38,"TODO(cite): polymer density handbook/default table","settling","settling",0.5,47.916666665,360655.927437802,497705.179864166,396721.520181582
94,"MBMS_07A_124",0.61635303,TRUE,"polystyrenes (polyphenylethylenes, -methylstyrene)",1875,85.35533906,60.35533906,31.06601718,1.942809042,0.309207662,3758.333333,3808.333333,3750,3800,"confident","3f8857e035652a184d3b47d89f151207",0.007015359,100,99,95,1,45.71067812,"<212 um",124,0.1,"SRR20250314SS","river water","plastic","sample","Salinas","surface","20250314",2025-03-14,"fragment",60.35533906,31.06601718,"styrenic polymers",1.05,"TODO(cite): polymer density handbook/default table","settling","settling",0.5,15.53300859,15249.4955244389,16011.9703006609,16774.4450768828
57,"MBMS_07A_124",0.653838192,TRUE,"poly(propylene)",9375,301.6123776,150,62.5,2.4,0.772177566,7220,7481.666667,7200,7450,"confident","a69f39ed8f44d6d4ce1145f1b62de5ab",0.010005451,123,123,123,1,106.25,"<212 um",124,0.1,"SRR20250314SS","river water","plastic","sample","Salinas","surface","20250314",2025-03-14,"fragment",150,62.5,"polypropylene",0.9,"TODO(cite): polymer density handbook/default table","buoyant","buoyant",0.5,31.25,153398.078788564,138058.270909708,168737.886667421
113,"MBMS_07A_124",0.655933971,TRUE,"poly(propylene)",4375,170.7106781,80.90169944,54.07797402,1.496019422,0.530070278,1607.142857,10075,1600,10050,"confident","55532e9e632d12dfad6378fdd50512a9",0.009314578,129,126,119,1,67.48983673,"<212 um",124,0.1,"SRR20250314SS","river water","plastic","sample","Salinas","surface","20250314",2025-03-14,"fragment",80.90169944,54.07797402,"polypropylene",0.9,"TODO(cite): polymer density handbook/default table","buoyant","buoyant",0.5,27.03898701,61939.4146588022,55745.473192922,68133.3561246824
38,"MBMS_07A_90",0.616797814,TRUE,"poly(ethylene)",1875,85.35533906,60.35533906,31.06601718,1.942809042,0.309207662,8616.666667,1191.666667,8625,1175,"confident","be7d0cc7b5f930f9e5b5e2aeec02eb40",0.006998414,127,128,132,1,45.71067812,"<212 um",90,0.1,"SLR20250205SS","river water","plastic","sample","San Lorenzo","surface","20250205",2025-02-05,"fragment",60.35533906,31.06601718,"polyethylene",0.94,"TODO(cite): polymer density handbook/default table","buoyant","buoyant",0.5,15.53300859,15249.4955244389,14334.5257929726,16774.4450768828
28,"MBMS_07A_90",0.62127645,TRUE,"poly(ethylene)",1250,50,50,25,2,0.159154943,9350,2237.5,9350,2225,"confident","ca90f833654a9d1699167efb99a4ae33",0.006353859,147,147,145,1,37.5,"<212 um",90,0.1,"SLR20250205SS","river water","plastic","sample","San Lorenzo","surface","20250205",2025-02-05,"fragment",50,25,"polyethylene",0.94,"TODO(cite): polymer density handbook/default table","buoyant","buoyant",0.5,12.5,8181.23086872342,7690.35701660001,8999.35395559576
172,"MBMS_07A_90",0.655995577,TRUE,"polystyrenes (polyphenylethylenes, -methylstyrene)",3125,135.3553391,80.90169944,38.6271243,2.094427191,0.466542161,1785,3120,1775,3100,"confident","46ef34e9c13748fbb0d08d1261074634",0.006876804,138,139,141,1,59.76441187,"<212 um",90,0.1,"SLR20250205SS","river water","plastic","sample","San Lorenzo","surface","20250205",2025-02-05,"fragment",80.90169944,38.6271243,"styrenic polymers",1.05,"TODO(cite): polymer density handbook/default table","settling","settling",0.5,19.31356215,31601.7421728583,33181.8292815012,34761.9163901441
189,"MBMS_07A_90",0.623578146,TRUE,"acrylonitrile butadiene styrene (abs)",1875,85.35533906,60.35533906,31.06601718,1.942809042,0.309207662,1358.333333,3766.666667,1350,3750,"confident","824f1d1c2aecfa28dd6ead0a489e91f6",0.006965623,153,155,154,1,45.71067812,"<212 um",90,0.1,"SLR20250205SS","river water","plastic","sample","San Lorenzo","surface","20250205",2025-02-05,"fragment",60.35533906,31.06601718,"styrenic polymers",1.05,"TODO(cite): polymer density handbook/default table","settling","settling",0.5,15.53300859,15249.4955244389,16011.9703006609,16774.4450768828
171,"MBMS_07A_90",0.63629845,TRUE,"poly(ethylene)",3750,156.0660172,80.90169944,46.35254916,1.745355992,0.516863141,1770.833333,4120.833333,1750,4100,"confident","be7d0cc7b5f930f9e5b5e2aeec02eb40",0.006752263,87,88,92,1,63.6271243,"<212 um",90,0.1,"SLR20250205SS","river water","plastic","sample","San Lorenzo","surface","20250205",2025-02-05,"fragment",80.90169944,46.35254916,"polyethylene",0.94,"TODO(cite): polymer density handbook/default table","buoyant","buoyant",0.5,23.17627458,45506.5087289159,42776.1182051809,50057.1596018075
41,"MBMS_07A_90",0.637843101,TRUE,"poly(acrylamide/amid)s",1875,85.35533906,60.35533906,31.06601718,1.942809042,0.309207662,8133.333333,6866.666667,8125,6850,"confident","ce5286fcc6fe986cf6560d4b685d9df7",0.007869005,94,95,97,1,45.71067812,"<212 um",90,0.1,"SLR20250205SS","river water","plastic","sample","San Lorenzo","surface","20250205",2025-02-05,"fragment",60.35533906,31.06601718,"polyamide/acrylamide",1.14,"TODO(cite): polymer density handbook/default table","settling","settling",0.5,15.53300859,15249.4955244389,17384.4248978604,16774.4450768828
122,"MBMS_07A_90",0.609006348,TRUE,"polystyrenes (polyphenylethylenes, -methylstyrene)",1250,70.71067812,60.35533906,20.71067812,2.914213562,0.318309886,3787.5,7487.5,3775,7475,"confident","44fcacff959e25bc1211e8ebd8671a73",0.006065346,119,119,127,1,40.53300859,"<212 um",90,0.1,"SLR20250205SS","river water","plastic","sample","San Lorenzo","surface","20250205",2025-02-05,"fragment",60.35533906,20.71067812,"styrenic polymers",1.05,"TODO(cite): polymer density handbook/default table","settling","settling",0.5,10.35533906,6777.55356641731,7116.43124473818,7455.30892305904
40,"MBMS_07A_90",0.653932793,TRUE,"poly(ethylene)",6875,241.4213562,104.0569415,66.06959517,1.574959575,0.6746349,8154.545455,7529.545455,8125,7500,"confident","be7d0cc7b5f930f9e5b5e2aeec02eb40",0.009032422,146,149,154,1,85.06326834,"<212 um",90,0.1,"SLR20250205SS","river water","plastic","sample","San Lorenzo","surface","20250205",2025-02-05,"fragment",104.0569415,66.06959517,"polyethylene",0.94,"TODO(cite): polymer density handbook/default table","buoyant","buoyant",0.5,33.034797585,118916.734519479,111781.73044831,130808.407971427
64,"MBMS_07A_90",0.612149097,TRUE,"poly(ethylene)",3750,156.0660172,80.90169944,46.35254916,1.745355992,0.516863141,6579.166667,7570.833333,6575,7550,"confident","189b16d33537d147874edf50645a6bbf",0.007126076,107,108,113,1,63.6271243,"<212 um",90,0.1,"SLR20250205SS","river water","plastic","sample","San Lorenzo","surface","20250205",2025-02-05,"fragment",80.90169944,46.35254916,"polyethylene",0.94,"TODO(cite): polymer density handbook/default table","buoyant","buoyant",0.5,23.17627458,45506.5087289159,42776.1182051809,50057.1596018075
87,"MBMS_07A_90",0.6395656,TRUE,"polystyrenes (polyphenylethylenes, -methylstyrene)",3750,156.0660172,80.90169944,46.35254916,1.745355992,0.516863141,5379.166667,8045.833333,5375,8025,"confident","e7c1ede6483e18880e16c1d7f790aa66",0.007202072,135,136,140,1,63.6271243,"<212 um",90,0.1,"SLR20250205SS","river water","plastic","sample","San Lorenzo","surface","20250205",2025-02-05,"fragment",80.90169944,46.35254916,"styrenic polymers",1.05,"TODO(cite): polymer density handbook/default table","settling","settling",0.5,23.17627458,45506.5087289159,47781.8341653617,50057.1596018075
22,"MBMS_07A_90",0.655951265,TRUE,"poly(propylene)",2500,100,60.35533906,41.42135624,1.457106781,0.318309886,9812.5,8962.5,9800,8950,"confident","ce50f6e46198066847def3525d475688",0.007144472,157,161,164,1,50.88834765,"<212 um",90,0.1,"SLR20250205SS","river water","plastic","sample","San Lorenzo","surface","20250205",2025-02-05,"fragment",60.35533906,41.42135624,"polypropylene",0.9,"TODO(cite): polymer density handbook/default table","buoyant","buoyant",0.5,20.71067812,27110.2142656692,24399.1928391023,29821.2356922362
131,"MBMS_07A_90",0.618910027,TRUE,"polystyrenes (polyphenylethylenes, -methylstyrene)",1875,85.35533906,60.35533906,31.06601718,1.942809042,0.309207662,3383.333333,8983.333333,3375,8975,"confident","e7c1ede6483e18880e16c1d7f790aa66",0.006163916,98,98,96,1,45.71067812,"<212 um",90,0.1,"SLR20250205SS","river water","plastic","sample","San Lorenzo","surface","20250205",2025-02-05,"fragment",60.35533906,31.06601718,"styrenic polymers",1.05,"TODO(cite): polymer density handbook/default table","settling","settling",0.5,15.53300859,15249.4955244389,16011.9703006609,16774.4450768828
142,"MBMS_07A_90",0.642619871,TRUE,"polystyrenes (polyphenylethylenes, -methylstyrene)",1250,70.71067812,60.35533906,20.71067812,2.914213562,0.318309886,2962.5,9412.5,2950,9400,"confident","6b0332307e313e08b92d4a5abd8221ae",0.006220949,140,141,143,1,40.53300859,"<212 um",90,0.1,"SLR20250205SS","river water","plastic","sample","San Lorenzo","surface","20250205",2025-02-05,"fragment",60.35533906,20.71067812,"styrenic polymers",1.05,"TODO(cite): polymer density handbook/default table","settling","settling",0.5,10.35533906,6777.55356641731,7116.43124473818,7455.30892305904
141,"MBMS_07A_90",0.600138484,TRUE,"poly(ethylene)",4375,186.9677166,100,43.75,2.285714286,0.635836313,2960.714286,10678.57143,2950,10650,"confident","be7d0cc7b5f930f9e5b5e2aeec02eb40",0.007463418,126,127,131,1,71.875,"<212 um",90,0.1,"SLR20250205SS","river water","plastic","sample","San Lorenzo","surface","20250205",2025-02-05,"fragment",100,43.75,"polyethylene",0.94,"TODO(cite): polymer density handbook/default table","buoyant","buoyant",0.5,21.875,50110.0390709309,47103.4367266751,55121.042978024
79,"MBMS_07A_90",0.600072439,TRUE,"poly(acrylamide/amid)s",3125,135.3553391,80.90169944,38.6271243,2.094427191,0.466542161,5730,10840,5725,10825,"confident","03c1df0758964389a06e8b99863f572b",0.007524084,134,134,134,1,59.76441187,"<212 um",90,0.1,"SLR20250205SS","river water","plastic","sample","San Lorenzo","surface","20250205",2025-02-05,"fragment",80.90169944,38.6271243,"polyamide/acrylamide",1.14,"TODO(cite): polymer density handbook/default table","settling","settling",0.5,19.31356215,31601.7421728583,36025.9860770584,34761.9163901441
149,"MBMS_07A_90",0.619599829,TRUE,"poly(ethylene)",4375,180.9016994,95.71067812,45.71067812,2.093836321,0.595247215,2557.142857,10921.42857,2525,10900,"confident","11cb8c19cbda86e4107696a23b8c0823",0.007213421,105,106,108,1,70.71067812,"<212 um",90,0.1,"SLR20250205SS","river water","plastic","sample","San Lorenzo","surface","20250205",2025-02-05,"fragment",95.71067812,45.71067812,"polyethylene",0.94,"TODO(cite): polymer density handbook/default table","buoyant","buoyant",0.5,22.85533906,52355.7455234641,49214.4007920562,57591.3200758105
30,"MBMS_07A_90",0.619414741,TRUE,"polyurethanes (isocyanates)",2500,120.7106781,80.90169944,30.90169944,2.618033989,0.463811494,9300,10912.5,9300,10900,"confident","73db13fa52bf6006345d74629c1c753c",0.00700619,114,115,117,1,55.90169944,"<212 um",90,0.1,"SLR20250205SS","river water","plastic","sample","San Lorenzo","surface","20250205",2025-02-05,"fragment",80.90169944,30.90169944,"polyurethane",1.2,"TODO(cite): polymer density handbook/default table","settling","settling",0.5,15.45084972,20225.1149906293,24270.1379887551,22247.6264896922
15,"MBMS_07A_90",0.654066972,TRUE,"poly(propylene)",16875,451.3799972,215.3943276,78.34468152,2.749316526,0.960795529,10577.77778,11389.81481,10600,11300,"confident","9376eb5ca0c74ae0bf8b614f106554e8",0.011743706,119,119,111,1,146.8695046,"<212 um",90,0.1,"SLR20250205SS","river water","plastic","sample","San Lorenzo","surface","20250205",2025-02-05,"fragment",215.3943276,78.34468152,"polypropylene",0.9,"TODO(cite): polymer density handbook/default table","buoyant","buoyant",0.5,39.17234076,346116.200439151,311504.580395236,380727.820483067
109,"MBMS_07A_90",0.612851507,TRUE,"polystyrenes (polyphenylethylenes, -methylstyrene)",1250,50,50,25,2,0.159154943,4525,11637.5,4525,11625,"confident","e7c1ede6483e18880e16c1d7f790aa66",0.007654523,148,150,145,1,37.5,"<212 um",90,0.1,"SLR20250205SS","river water","plastic","sample","San Lorenzo","surface","20250205",2025-02-05,"fragment",50,25,"styrenic polymers",1.05,"TODO(cite): polymer density handbook/default table","settling","settling",0.5,12.5,8181.23086872342,8590.29241215959,8999.35395559576
44,"MBMS_07A_90",0.605211094,TRUE,"poly(ethylene)",5000,185.3553391,95.71067812,52.24077499,1.832106781,0.546802299,7778.125,11821.875,7750,11800,"confident","be7d0cc7b5f930f9e5b5e2aeec02eb40",0.007761339,139,140,144,1,73.97572656,"<212 um",90,0.1,"SLR20250205SS","river water","plastic","sample","San Lorenzo","surface","20250205",2025-02-05,"fragment",95.71067812,52.24077499,"polyethylene",0.94,"TODO(cite): polymer density handbook/default table","buoyant","buoyant",0.5,26.120387495,68383.0145500392,64280.0336770369,75221.3160050431
43,"MBMS_07A_90",0.603416162,TRUE,"poly(esters/ethers/diglycidylethers/terephthalates)s",5625,206.0660172,104.0569415,54.0569415,1.924950591,0.600731442,7933.333333,12477.77778,7925,12450,"confident","673016a672e4e2d1c80c968e5c8bcf02",0.010076026,124,127,132,1,79.0569415,"<212 um",90,0.1,"SLR20250205SS","river water","plastic","sample","San Lorenzo","surface","20250205",2025-02-05,"fragment",104.0569415,54.0569415,"polyester/PET",1.38,"TODO(cite): polymer density handbook/default table","settling","settling",0.5,27.02847075,79605.4173149244,109855.475894596,87565.9590464168
37,"MBMS_07A_90",0.638411976,TRUE,"polyurethanes (isocyanates)",5625,222.3230557,104.0569415,54.0569415,1.924950591,0.699256666,8736.111111,12555.55556,8725,12525,"confident","5b1ae31db4e4ea788958eaec7a7f772c",0.012222871,93,94,96,1,79.0569415,"<212 um",90,0.1,"SLR20250205SS","river water","plastic","sample","San Lorenzo","surface","20250205",2025-02-05,"fragment",104.0569415,54.0569415,"polyurethane",1.2,"TODO(cite): polymer density handbook/default table","settling","settling",0.5,27.02847075,79605.4173149244,95526.5007779092,87565.9590464168
20,"MBMS_07A_92",0.60832278,TRUE,"polyurethanes (isocyanates)",10625,306.0660172,136.8033989,77.66619899,1.761427759,0.701602974,8972.058824,6010.294118,8925,5975,"confident","c75c5cfbc83558b5ec940ffc9763d100",0.016483297,117,116,121,1,107.2347989,"<212 um",92,0.2,"PRR20250207SD","river water","plastic","sample","Pajaro","subsurface","20250207",2025-02-07,"fragment",136.8033989,77.66619899,"polyurethane",1.2,"TODO(cite): polymer density handbook/default table","settling","settling",0.5,38.833099495,216037.735605364,259245.282726436,237641.5091659
58,"MBMS_07A_94",0.624544835,TRUE,"poly(acrylamide/amid)s",1250,50,50,25,2,0.159154943,10375,1287.5,10375,1275,"confident","049f63ac25bf82a63b30157605c8b20c",0.007413392,105,104,100,1,37.5,"<212 um",94,1,"PRR20250207SS","river water","plastic","sample","Pajaro","surface","20250207",2025-02-07,"fragment",50,25,"polyamide/acrylamide",1.14,"TODO(cite): polymer density handbook/default table","settling","settling",0.5,12.5,8181.23086872342,9326.6031903447,8999.35395559576
126,"MBMS_07A_94",0.633241292,TRUE,"polysiloxanes",7500,250,115.1387819,65.13878189,1.767591879,0.663145596,7037.5,3425,7000,3400,"confident","9b8cdc09157932762e8d6694ea2ca109",0.013086549,92,91,86,1,90.13878189,"<212 um",94,1,"PRR20250207SS","river water","plastic","sample","Pajaro","surface","20250207",2025-02-07,"fragment",115.1387819,65.13878189,"silicone polymers",1.05,"TODO(cite): polymer density handbook/default table","settling","settling",0.5,32.569390945,127899.699177444,134294.684136316,140689.669095189
112,"MBMS_07A_94",0.609211914,TRUE,"polystyrenes (polyphenylethylenes, -methylstyrene)",13750,366.2570385,150,91.66666667,1.636363636,0.776353288,7880.681818,4452.272727,7875,4400,"confident","0c668b4c31e11c94e367ec7319172190",0.021367332,132,129,124,1,120.8333333,"<212 um",94,1,"PRR20250207SS","river water","plastic","sample","Pajaro","surface","20250207",2025-02-07,"fragment",150,91.66666667,"styrenic polymers",1.05,"TODO(cite): polymer density handbook/default table","settling","settling",0.5,45.833333335,329976.311729176,346475.127315635,362973.942902094
219,"MBMS_07A_94",0.648734469,TRUE,"poly(propylene)",3125,135.3553391,80.90169944,38.6271243,2.094427191,0.466542161,485,5370,475,5350,"confident","ce50f6e46198066847def3525d475688",0.008120756,97,95,83,1,59.76441187,"<212 um",94,1,"PRR20250207SS","river water","plastic","sample","Pajaro","surface","20250207",2025-02-07,"fragment",80.90169944,38.6271243,"polypropylene",0.9,"TODO(cite): polymer density handbook/default table","buoyant","buoyant",0.5,19.31356215,31601.7421728583,28441.5679555724,34761.9163901441
59,"MBMS_07A_94",0.649875444,TRUE,"poly(acrylamide/amid)s",13125,356.0660172,159.6291202,82.22184013,1.941444267,0.768691144,10335.71429,5890.47619,10325,5825,"confident","545a606fd60fb9a23c5314f651418487",0.017416505,115,115,107,1,120.9254802,"<212 um",94,1,"PRR20250207SS","river water","plastic","sample","Pajaro","surface","20250207",2025-02-07,"fragment",159.6291202,82.22184013,"polyamide/acrylamide",1.14,"TODO(cite): polymer density handbook/default table","settling","settling",0.5,41.110920065,282523.85977835,322077.200147319,310776.245756185
55,"MBMS_07A_96",0.659123238,TRUE,"poly(ethylene)",1250,50,50,25,2,0.159154943,9325,1012.5,9325,1000,"confident","7549f927dfbbb656913039c4baae9f99",0.006395144,120,119,117,1,37.5,"<212 um",96,0.2,"CRR20250214SS","river water","plastic","sample","Carmel","surface","20250214",2025-02-14,"fragment",50,25,"polyethylene",0.94,"TODO(cite): polymer density handbook/default table","buoyant","buoyant",0.5,12.5,8181.23086872342,7690.35701660001,8999.35395559576
172,"MBMS_07B_128",0.647448483,TRUE,"polyacrylates (propenoates)",3125,135.3553391,80.90169944,38.6271243,2.094427191,0.466542161,6555,1635,6525,1625,"confident","64bc324f05f878c1d5906adc58e2f8ee",0.007224693,75,74,70,1,59.76441187,"<212 um",128,0.2,"CRR20250318SS","river water","plastic","sample","Carmel","surface","20250318",2025-03-18,"fragment",80.90169944,38.6271243,"acrylic polymers",1.18,"TODO(cite): polymer density handbook/default table","settling","settling",0.5,19.31356215,31601.7421728583,37290.0557639727,34761.9163901441
223,"MBMS_07B_128",0.647620257,TRUE,"poly(ethylene)",16875,505.7887841,226.5564437,74.48474969,3.041648722,1.206381708,5037.962963,2000,5000,1950,"confident","fefe417c165287006d593938e8366042",0.013388567,114,114,114,1,150.5205967,"<212 um",128,0.2,"CRR20250318SS","river water","plastic","sample","Carmel","surface","20250318",2025-03-18,"fiber",226.5564437,74.48474969,"polyethylene",0.94,"TODO(cite): polymer density handbook/default table","buoyant","buoyant",0.286474508437567,21.337982053538,987190.632108591,927959.194182076,1085909.69531945
152,"MBMS_07B_128",0.61710299,TRUE,"poly(propylene)",6250,230.9016994,115.1387819,54.28231824,2.121110255,0.678835237,7157.5,2070,7125,2050,"confident","95d922e258e68158e16ad7c14c69917d",0.00830915,111,110,105,1,84.71055006,"<212 um",128,0.2,"CRR20250318SS","river water","plastic","sample","Carmel","surface","20250318",2025-03-18,"fragment",115.1387819,54.28231824,"polypropylene",0.9,"TODO(cite): polymer density handbook/default table","buoyant","buoyant",0.5,27.14115912,88819.2355344377,79937.3119809939,97701.1590878815
294,"MBMS_07B_128",0.627372143,TRUE,"polystyrenes (polyphenylethylenes, -methylstyrene)",3125,135.3553391,80.90169944,38.6271243,2.094427191,0.466542161,2110,3480,2100,3450,"confident","7fb1981a2364a53d46716f93a88b9747",0.007008299,102,102,100,1,59.76441187,"<212 um",128,0.2,"CRR20250318SS","river water","plastic","sample","Carmel","surface","20250318",2025-03-18,"fragment",80.90169944,38.6271243,"styrenic polymers",1.05,"TODO(cite): polymer density handbook/default table","settling","settling",0.5,19.31356215,31601.7421728583,33181.8292815012,34761.9163901441
271,"MBMS_07B_128",0.602443372,TRUE,"polystyrenes (polyphenylethylenes, -methylstyrene)",7500,251.6123776,115.1387819,65.13878189,1.767591879,0.671727109,3383.333333,4656.25,3350,4625,"confident","f6b6ab4b015739d0b1d39f0821949b7b",0.0116373,118,118,118,1,90.13878189,"<212 um",128,0.2,"CRR20250318SS","river water","plastic","sample","Carmel","surface","20250318",2025-03-18,"fragment",115.1387819,65.13878189,"styrenic polymers",1.05,"TODO(cite): polymer density handbook/default table","settling","settling",0.5,32.569390945,127899.699177444,134294.684136316,140689.669095189
103,"MBMS_07B_128",0.649733084,TRUE,"polystyrenes (polyphenylethylenes, -methylstyrene)",6875,235.3553391,115.1387819,59.71055006,1.92828205,0.641158705,8859.090909,5147.727273,8825,5125,"confident","113bf1b1922bd5a81c86e5657a3f98e5",0.008763273,59,58,54,1,87.42466597,"<212 um",128,0.2,"CRR20250318SS","river water","plastic","sample","Carmel","surface","20250318",2025-03-18,"fragment",115.1387819,59.71055006,"styrenic polymers",1.05,"TODO(cite): polymer density handbook/default table","settling","settling",0.5,29.85527503,107471.274982271,112844.838731384,118218.402480498
235,"MBMS_07B_128",0.63264002,TRUE,"poly(acrylamide/amid)s",5000,201.6123776,104.0569415,48.05061467,2.165569415,0.646925863,4868.75,8450,4850,8425,"confident","42a55d344131d3bf09d57ac25d37585f",0.00857921,76,75,70,1,76.05377809,"<212 um",128,0.2,"CRR20250318SS","river water","plastic","sample","Carmel","surface","20250318",2025-03-18,"fragment",104.0569415,48.05061467,"polyamide/acrylamide",1.14,"TODO(cite): polymer density handbook/default table","settling","settling",0.5,24.025307335,62898.107516815,71703.8425691692,69187.9182684966
130,"MBMS_07B_128",0.606448527,TRUE,"polyacrylates (propenoates)",1875,85.35533906,60.35533906,31.06601718,1.942809042,0.309207662,7683.333333,9816.666667,7675,9800,"confident","64bc324f05f878c1d5906adc58e2f8ee",0.006714342,82,82,84,1,45.71067812,"<212 um",128,0.2,"CRR20250318SS","river water","plastic","sample","Carmel","surface","20250318",2025-03-18,"fragment",60.35533906,31.06601718,"acrylic polymers",1.18,"TODO(cite): polymer density handbook/default table","settling","settling",0.5,15.53300859,15249.4955244389,17994.404718838,16774.4450768828
166,"MBMS_07B_130",0.633228111,TRUE,"polystyrenes (polyphenylethylenes, -methylstyrene)",2500,100,60.35533906,41.42135624,1.457106781,0.318309886,2187.5,4837.5,2175,4825,"confident","3f8857e035652a184d3b47d89f151207",0.008638104,67,66,61,1,50.88834765,"<212 um",130,0.1,"CRR20250318SD","river water","plastic","sample","Carmel","subsurface","20250318",2025-03-18,"fragment",60.35533906,41.42135624,"styrenic polymers",1.05,"TODO(cite): polymer density handbook/default table","settling","settling",0.5,20.71067812,27110.2142656692,28465.7249789527,29821.2356922362
87,"MBMS_07B_130",0.640892709,TRUE,"poly(acrylamide/amid)s",1250,50,50,25,2,0.159154943,7150,5862.5,7150,5850,"confident","f5bf7f1fae4474135474eb72341fd5c6",0.006659263,74,73,68,1,37.5,"<212 um",130,0.1,"CRR20250318SD","river water","plastic","sample","Carmel","subsurface","20250318",2025-03-18,"fragment",50,25,"polyamide/acrylamide",1.14,"TODO(cite): polymer density handbook/default table","settling","settling",0.5,12.5,8181.23086872342,9326.6031903447,8999.35395559576
180,"MBMS_07B_130",0.657535035,TRUE,"polyurethanes (isocyanates)",9375,291.4213562,136.8033989,68.52899911,1.996284794,0.720877731,1076.666667,6856.666667,1025,6825,"confident","72d28c0e1bd154daa6905ada7ea2470a",0.00958593,80,80,78,1,102.666199,"<212 um",130,0.1,"CRR20250318SD","river water","plastic","sample","Carmel","subsurface","20250318",2025-03-18,"fragment",136.8033989,68.52899911,"polyurethane",1.2,"TODO(cite): polymer density handbook/default table","settling","settling",0.5,34.264499555,168195.468902684,201834.562683221,185015.015792953
48,"MBMS_07B_130",0.643977235,TRUE,"polyurethanes (isocyanates)",1250,50,50,25,2,0.159154943,9162.5,7425,9150,7425,"confident","967b8857b16c7c6329490b839c5edca5",0.007014791,64,61,54,1,37.5,"<212 um",130,0.1,"CRR20250318SD","river water","plastic","sample","Carmel","subsurface","20250318",2025-03-18,"fragment",50,25,"polyurethane",1.2,"TODO(cite): polymer density handbook/default table","settling","settling",0.5,12.5,8181.23086872342,9817.4770424681,8999.35395559576
45,"MBMS_07B_130",0.640768809,TRUE,"polyacrylates (propenoates)",4375,170.7106781,80.90169944,54.07797402,1.496019422,0.530070278,9400,7967.857143,9375,7950,"confident","786fa98914eb33e573248b8765a774b7",0.010075807,72,74,71,1,67.48983673,"<212 um",130,0.1,"CRR20250318SD","river water","plastic","sample","Carmel","subsurface","20250318",2025-03-18,"fragment",80.90169944,54.07797402,"acrylic polymers",1.18,"TODO(cite): polymer density handbook/default table","settling","settling",0.5,27.03898701,61939.4146588022,73088.5092973866,68133.3561246824
37,"MBMS_07B_130",0.655048519,TRUE,"polyacrylates (propenoates)",5000,185.3553391,95.71067812,52.24077499,1.832106781,0.546802299,10071.875,8328.125,10050,8300,"confident","786fa98914eb33e573248b8765a774b7",0.009815654,90,90,82,1,73.97572656,"<212 um",130,0.1,"CRR20250318SD","river water","plastic","sample","Carmel","subsurface","20250318",2025-03-18,"fragment",95.71067812,52.24077499,"acrylic polymers",1.18,"TODO(cite): polymer density handbook/default table","settling","settling",0.5,26.120387495,68383.0145500392,80691.9571690463,75221.3160050431
23,"MBMS_07B_130",0.634138905,TRUE,"polyurethanes (isocyanates)",3125,135.3553391,80.90169944,38.6271243,2.094427191,0.466542161,11145,9710,11125,9700,"confident","72d28c0e1bd154daa6905ada7ea2470a",0.006810211,94,93,91,1,59.76441187,"<212 um",130,0.1,"CRR20250318SD","river water","plastic","sample","Carmel","subsurface","20250318",2025-03-18,"fragment",80.90169944,38.6271243,"polyurethane",1.2,"TODO(cite): polymer density handbook/default table","settling","settling",0.5,19.31356215,31601.7421728583,37922.0906074299,34761.9163901441
121,"MBMS_07B_130",0.623911931,TRUE,"polystyrenes (polyphenylethylenes, -methylstyrene)",5000,201.6123776,104.0569415,48.05061467,2.165569415,0.646925863,5368.75,10568.75,5350,10550,"confident","3f8857e035652a184d3b47d89f151207",0.009995147,68,69,63,1,76.05377809,"<212 um",130,0.1,"CRR20250318SD","river water","plastic","sample","Carmel","subsurface","20250318",2025-03-18,"fragment",104.0569415,48.05061467,"styrenic polymers",1.05,"TODO(cite): polymer density handbook/default table","settling","settling",0.5,24.025307335,62898.107516815,66043.0128926558,69187.9182684966
107,"MBMS_07B_130",0.619417333,TRUE,"poly(esters/ethers/diglycidylethers/terephthalates)s",6250,230.9016994,115.1387819,54.28231824,2.121110255,0.678835237,6132.5,11705,6100,11675,"confident","f51d435d168125e9210c8734b3a8599a",0.007858056,66,63,56,1,84.71055006,"<212 um",130,0.1,"CRR20250318SD","river water","plastic","sample","Carmel","subsurface","20250318",2025-03-18,"fragment",115.1387819,54.28231824,"polyester/PET",1.38,"TODO(cite): polymer density handbook/default table","settling","settling",0.5,27.14115912,88819.2355344377,122570.545037524,97701.1590878815
63,"MBMS_07B_130",0.632948657,TRUE,"polyurethanes (isocyanates)",1875,85.35533906,60.35533906,31.06601718,1.942809042,0.309207662,8316.666667,12291.66667,8325,12275,"confident","967b8857b16c7c6329490b839c5edca5",0.006694391,95,94,89,1,45.71067812,"<212 um",130,0.1,"CRR20250318SD","river water","plastic","sample","Carmel","subsurface","20250318",2025-03-18,"fragment",60.35533906,31.06601718,"polyurethane",1.2,"TODO(cite): polymer density handbook/default table","settling","settling",0.5,15.53300859,15249.4955244389,18299.3946293267,16774.4450768828
127,"MBMS_07B_130",0.633828625,TRUE,"polyurethanes (isocyanates)",7500,241.4213562,104.0569415,72.07592201,1.443712943,0.618415325,5062.5,12462.5,5050,12425,"confident","967b8857b16c7c6329490b839c5edca5",0.010907874,100,101,96,1,88.06643175,"<212 um",130,0.1,"CRR20250318SD","river water","plastic","sample","Carmel","subsurface","20250318",2025-03-18,"fragment",104.0569415,72.07592201,"polyurethane",1.2,"TODO(cite): polymer density handbook/default table","settling","settling",0.5,36.037961005,141520.741932469,169824.890318963,155672.816125716
120,"MBMS_07B_130",0.615764601,TRUE,"polyhydroxy(meth)acrylates",6250,220.7106781,104.0569415,60.06326834,1.732455532,0.62023577,5375,12705,5350,12675,"confident","5bda1e0529b824cf48812548cb27eeb6",0.0122958,83,84,78,1,82.06010492,"<212 um",130,0.1,"CRR20250318SD","river water","plastic","sample","Carmel","subsurface","20250318",2025-03-18,"fragment",104.0569415,60.06326834,"default_fixed_1.10",1.1,"Fallback fixed density retained for unmatched polymer class","settling","settling",0.5,30.03163417,98278.2930032047,108106.122303525,108106.122303525
2,"MBMS_07B_132",0.652205755,TRUE,"poly(acrylamide/amid)s",3125,135.3553391,80.90169944,38.6271243,2.094427191,0.466542161,12370,7210,12350,7200,"confident","f5bf7f1fae4474135474eb72341fd5c6",0.010417939,88,88,86,1,59.76441187,"<212 um",132,0.5,"SRR20250403SD_1","river water","plastic","sample","Salinas","subsurface","20250403",2025-04-03,"fragment",80.90169944,38.6271243,"polyamide/acrylamide",1.14,"TODO(cite): polymer density handbook/default table","settling","settling",0.5,19.31356215,31601.7421728583,36025.9860770584,34761.9163901441
10,"MBMS_07B_132",0.636434904,TRUE,"poly(propylene)",10625,331.3958204,150,70.83333333,2.117647059,0.822536636,9554.411765,8180.882353,9550,8125,"confident","a69f39ed8f44d6d4ce1145f1b62de5ab",0.010684339,102,101,97,1,110.4166667,"<212 um",132,0.5,"SRR20250403SD_1","river water","plastic","sample","Salinas","subsurface","20250403",2025-04-03,"fragment",150,70.83333333,"polypropylene",0.9,"TODO(cite): polymer density handbook/default table","buoyant","buoyant",0.5,35.416666665,197031.310069878,177328.17906289,216734.441076866
281,"MBMS_07B_134",0.603855871,TRUE,"poly(propylene)",50625,927.4698759,406.6084381,124.5055323,3.265786112,1.352149541,5681.17284,3019.135802,5725,2875,"confident","55532e9e632d12dfad6378fdd50512a9",0.02296001,108,109,101,1,265.5569852,"212-500 um",134,0.5,"SRR20250403SD_2","river water","plastic","sample","Salinas","subsurface","20250403",2025-04-03,"fiber",406.6084381,124.5055323,"polypropylene",0.9,"TODO(cite): polymer density handbook/default table","buoyant","buoyant",0.286474508437567,35.6676611634002,4950437.33259247,4455393.59933322,5445481.06585171
49,"MBMS_07B_134",0.639596465,TRUE,"poly(esters/ethers/diglycidylethers/terephthalates)s",56250,900.1611175,375.8917212,149.6441577,2.511903752,1.146325909,12158.61111,4494.722222,12200,4375,"confident","f51d435d168125e9210c8734b3a8599a",0.021818057,129,130,125,1,262.7679394,"212-500 um",134,0.5,"SRR20250403SD_2","river water","plastic","sample","Salinas","subsurface","20250403",2025-04-03,"fragment",375.8917212,149.6441577,"polyester/PET",1.38,"TODO(cite): polymer density handbook/default table","settling","settling",0.5,74.82207885,2203692.1243495,3041095.13160231,2424061.33678445
394,"MBMS_07B_134",0.651953435,TRUE,"polyhaloolefins (vinylhalides)",13750,372.3230557,170.7737974,80.51586491,2.120995627,0.802282461,2120.454545,5814.772727,2125,5750,"confident","7259e13abb0a76b399a04488122325ae",0.010606577,129,128,124,1,125.6448311,"<212 um",134,0.5,"SRR20250403SD_2","river water","plastic","sample","Salinas","subsurface","20250403",2025-04-03,"fragment",170.7737974,80.51586491,"halogenated vinyl polymers",1.35,"TODO(cite): polymer density handbook/default table","settling","settling",0.5,40.257932455,289836.306980686,391279.014423926,318819.937678754
26,"MBMS_07B_134",0.615196587,TRUE,"polyurethanes (isocyanates)",4375,170.7106781,80.90169944,54.07797402,1.496019422,0.530070278,12707.14286,7325,12700,7300,"confident","967b8857b16c7c6329490b839c5edca5",0.009551961,111,112,106,1,67.48983673,"<212 um",134,0.5,"SRR20250403SD_2","river water","plastic","sample","Salinas","subsurface","20250403",2025-04-03,"fragment",80.90169944,54.07797402,"polyurethane",1.2,"TODO(cite): polymer density handbook/default table","settling","settling",0.5,27.03898701,61939.4146588022,74327.2975905626,68133.3561246824
8,"MBMS_07B_134",0.634895185,TRUE,"polystyrenes (polyphenylethylenes, -methylstyrene)",30000,693.1706252,317.6174978,94.45323451,3.36269583,1.274527415,13257.8125,9051.5625,13225,8950,"confident","d27d071ec5a6ea2fb3ecc1cbdf9d8007",0.028115553,79,80,75,1,206.0353661,"<212 um",134,0.5,"SRR20250403SD_2","river water","plastic","sample","Salinas","subsurface","20250403",2025-04-03,"fiber",317.6174978,94.45323451,"styrenic polymers",1.05,"TODO(cite): polymer density handbook/default table","settling","settling",0.286474508437567,27.0584439265905,2225501.90764337,2336777.00302554,2448052.09840771
270,"MBMS_07B_134",0.653616914,TRUE,"poly(esters/ethers/diglycidylethers/terephthalates)s",33125,773.8292914,372.3110997,88.97129316,4.184620528,1.438548732,5926.886792,13421.22642,5800,13325,"confident","186e1b1defb52a3c2970c5775f476efd",0.015722862,125,130,123,1,230.6411964,"212-500 um",134,0.5,"SRR20250403SD_2","river water","plastic","sample","Salinas","subsurface","20250403",2025-04-03,"fiber",372.3110997,88.97129316,"polyester/PET",1.38,"TODO(cite): polymer density handbook/default table","settling","settling",0.286474508437567,25.4880074730657,2314705.11416742,3194293.05755105,2546175.62558417
44,"MBMS_07B_138",0.651295064,TRUE,"polymethacrylates",1875,85.35533906,60.35533906,31.06601718,1.942809042,0.309207662,7758.333333,4058.333333,7750,4050,"confident","2b274bde9f35fa864e1a063ba40a94e4",0.007063432,87,90,79,1,45.71067812,"<212 um",138,0.5,"SRR20250403SS","river water","plastic","sample","Salinas","surface","20250403",2025-04-03,"fragment",60.35533906,31.06601718,"acrylic polymers",1.18,"TODO(cite): polymer density handbook/default table","settling","settling",0.5,15.53300859,15249.4955244389,17994.404718838,16774.4450768828
61,"MBMS_07B_138",0.620102061,TRUE,"poly(esters/ethers/diglycidylethers/terephthalates)s",21250,546.3723319,226.5564437,93.79561072,2.415426926,1.117914525,5187.5,4992.647059,5250,4925,"confident","186e1b1defb52a3c2970c5775f476efd",0.009138195,108,108,108,1,160.1760272,"<212 um",138,0.5,"SRR20250403SS","river water","plastic","sample","Salinas","surface","20250403",2025-04-03,"fragment",226.5564437,93.79561072,"polyester/PET",1.38,"TODO(cite): polymer density handbook/default table","settling","settling",0.5,46.89780536,521807.211110886,720093.951333022,573987.932221974
23,"MBMS_07B_138",0.603478361,TRUE,"poly(esters/ethers/diglycidylethers/terephthalates)s",15625,446.0404813,207.0027472,75.48209002,2.742408791,1.013254781,9679,7205,9650,7125,"confident","186e1b1defb52a3c2970c5775f476efd",0.009589382,138,138,136,1,141.2424186,"<212 um",138,0.5,"SRR20250403SS","river water","plastic","sample","Salinas","surface","20250403",2025-04-03,"fragment",207.0027472,75.48209002,"polyester/PET",1.38,"TODO(cite): polymer density handbook/default table","settling","settling",0.5,37.74104501,308768.202424795,426100.119346217,339645.022667275
41,"MBMS_07B_138",0.621903338,TRUE,"poly(esters/ethers/diglycidylethers/terephthalates)s",1250,50,50,25,2,0.159154943,7750,9812.5,7750,9800,"confident","186e1b1defb52a3c2970c5775f476efd",0.007117514,120,121,123,1,37.5,"<212 um",138,0.5,"SRR20250403SS","river water","plastic","sample","Salinas","surface","20250403",2025-04-03,"fragment",50,25,"polyester/PET",1.38,"TODO(cite): polymer density handbook/default table","settling","settling",0.5,12.5,8181.23086872342,11290.0985988383,8999.35395559576
40,"MBMS_07B_138",0.620117569,TRUE,"poly(esters/ethers/diglycidylethers/terephthalates)s",4375,170.7106781,95.71067812,45.71067812,2.093836321,0.530070278,7900,12850,7875,12825,"confident","186e1b1defb52a3c2970c5775f476efd",0.007079417,113,114,118,1,70.71067812,"<212 um",138,0.5,"SRR20250403SS","river water","plastic","sample","Salinas","surface","20250403",2025-04-03,"fragment",95.71067812,45.71067812,"polyester/PET",1.38,"TODO(cite): polymer density handbook/default table","settling","settling",0.5,22.85533906,52355.7455234641,72250.9288223804,57591.3200758105
